2026-09-03T03:29:49Z INF Thank you for trying Cloudflare Tunnel. Doing so, without a Cloudflare account, is a quick way to experiment and try it out. However, be aware that these account-less Tunnels have no uptime guarantee, are subject to the Cloudflare Online Services Terms of Use (https://www.cloudflare.com/website-terms/), and Cloudflare reserves the right to investigate your use of Tunnels for violations of such terms. If you intend to use Tunnels in production you should use a pre-created named tunnel by following: https://developers.cloudflare.com/cloudflare-one/connections/connect-apps
2026-09-03T03:29:49Z INF Requesting new quick Tunnel on trycloudflare.com...
2026-09-03T03:29:52Z INF +--------------------------------------------------------------------------------------------+
2026-09-03T03:29:52Z INF |  Your quick Tunnel has been created! Visit it at (it may take some time to be reachable):  |
2026-09-03T03:29:52Z INF |  https://closing-tub-field-exclusive.trycloudflare.com                                     |
2026-09-03T03:29:52Z INF +--------------------------------------------------------------------------------------------+
2026-09-03T03:29:52Z INF Cannot determine default configuration path. No file [config.yml config.yaml] in [~/.cloudflared ~/.cloudflare-warp ~/cloudflare-warp /etc/cloudflared /usr/local/etc/cloudflared]
2026-09-03T03:29:52Z INF Version 2026.8.3 (Checksum cda6e0f6652fec97547746a7de03c478c68c8b3b7b8f8ae8df2a22cd7a1f61e5)
2026-09-03T03:29:52Z INF GOOS: darwin, GOVersion: go1.27.0, GoArch: arm64
2026-09-03T03:29:52Z INF Settings: map[ha-connections:1 logfile:/Users/genesis/Desktop/Oxyderm-Build/data/cloudflared-tunnel.log protocol:quic url:http://localhost:4790]
2026-09-03T03:29:52Z INF cloudflared will not automatically update if installed by a package manager.
2026-09-03T03:29:52Z INF Generated Connector ID: ae26aed1-2525-4d02-919f-9536b16d36b1
2026-09-03T03:29:52Z INF Initial protocol quic
2026-09-03T03:29:52Z INF ICMP proxy will use 10.0.0.230 as source for IPv4
2026-09-03T03:29:52Z INF ICMP proxy will use fe80::c01:2e6f:9fc:c0e7 in zone en0 as source for IPv6
2026-09-03T03:29:52Z INF Created ICMP proxy listening on 10.0.0.230:0
2026-09-03T03:29:52Z INF ICMP proxy will use 10.0.0.230 as source for IPv4
2026-09-03T03:29:52Z INF ICMP proxy will use fe80::c01:2e6f:9fc:c0e7 in zone en0 as source for IPv6
2026-09-03T03:29:52Z INF Starting metrics server on 127.0.0.1:20241/metrics
2026-09-03T03:29:52Z INF Tunnel connection curve preferences: [X25519MLKEM768 CurveID(65074) CurveP256] connIndex=0 event=0 ip=2606:4700:a0::10
2026-09-03T03:29:52Z INF +-------------------------------------------------------------------------------------+
2026-09-03T03:29:52Z INF |                               CONNECTIVITY PRE-CHECKS                               |
2026-09-03T03:29:52Z INF +-------------------------------------------------------------------------------------+
2026-09-03T03:29:52Z INF |  COMPONENT         TARGET                     STATUS  DETAILS                       |
2026-09-03T03:29:52Z INF |  DNS Resolution    region1.v2.argotunnel.com  PASS    DNS Resolved successfully     |
2026-09-03T03:29:52Z INF |  DNS Resolution    region2.v2.argotunnel.com  PASS    DNS Resolved successfully     |
2026-09-03T03:29:52Z INF |  UDP Connectivity  region1.v2.argotunnel.com  PASS    QUIC connection successful    |
2026-09-03T03:29:52Z INF |  UDP Connectivity  region2.v2.argotunnel.com  PASS    QUIC connection successful    |
2026-09-03T03:29:52Z INF |  TCP Connectivity  region1.v2.argotunnel.com  PASS    HTTP/2 connection successful  |
2026-09-03T03:29:52Z INF |  TCP Connectivity  region2.v2.argotunnel.com  PASS    HTTP/2 connection successful  |
2026-09-03T03:29:52Z INF |  Cloudflare API    api.cloudflare.com:443     PASS    API is reachable              |
2026-09-03T03:29:52Z INF |                                                                                     |
2026-09-03T03:29:52Z INF |  SUMMARY: Environment is healthy. cloudflared will use 'quic' as primary protocol.  |
2026-09-03T03:29:52Z INF +-------------------------------------------------------------------------------------+
2026-09-03T03:29:52Z INF precheck component="DNS Resolution" details="DNS Resolved successfully" run_id=839f4604-004b-40b0-89c6-0c2ac37ba971 status=pass target=region1.v2.argotunnel.com
2026-09-03T03:29:52Z INF precheck component="DNS Resolution" details="DNS Resolved successfully" run_id=839f4604-004b-40b0-89c6-0c2ac37ba971 status=pass target=region2.v2.argotunnel.com
2026-09-03T03:29:52Z INF precheck component="UDP Connectivity" details="QUIC connection successful" run_id=839f4604-004b-40b0-89c6-0c2ac37ba971 status=pass target=region1.v2.argotunnel.com
2026-09-03T03:29:52Z INF precheck component="UDP Connectivity" details="QUIC connection successful" run_id=839f4604-004b-40b0-89c6-0c2ac37ba971 status=pass target=region2.v2.argotunnel.com
2026-09-03T03:29:52Z INF precheck component="TCP Connectivity" details="HTTP/2 connection successful" run_id=839f4604-004b-40b0-89c6-0c2ac37ba971 status=pass target=region1.v2.argotunnel.com
2026-09-03T03:29:52Z INF precheck component="TCP Connectivity" details="HTTP/2 connection successful" run_id=839f4604-004b-40b0-89c6-0c2ac37ba971 status=pass target=region2.v2.argotunnel.com
2026-09-03T03:29:52Z INF precheck component="Cloudflare API" details="API is reachable" run_id=839f4604-004b-40b0-89c6-0c2ac37ba971 status=pass target=api.cloudflare.com:443
2026-09-03T03:29:52Z INF precheck complete hard_fail=false run_id=839f4604-004b-40b0-89c6-0c2ac37ba971 suggested_protocol=quic
2026-09-03T03:29:52Z INF Registered tunnel connection connIndex=0 connection=8c9ca518-687b-4721-92d1-e1211c2b8325 event=0 ip=2606:4700:a0::10 location=yvr02 protocol=quic
2026-09-03T04:11:25Z ERR failed to run the datagram handler error="timeout: no recent network activity" connIndex=0 event=0 ip=2606:4700:a0::10
2026-09-03T04:11:25Z ERR failed to accept incoming stream requests error="failed to accept QUIC stream: timeout: no recent network activity" connIndex=0 event=0 ip=2606:4700:a0::10
2026-09-03T04:11:25Z ERR failed to serve tunnel connection error="datagram manager encountered a failure while serving" connIndex=0 event=0 ip=2606:4700:a0::10
2026-09-03T04:11:25Z ERR Serve tunnel error error="datagram manager encountered a failure while serving" connIndex=0 event=0 ip=2606:4700:a0::10
2026-09-03T04:11:25Z INF Retrying connection in up to 1s connIndex=0 event=0 ip=2606:4700:a0::10
2026-09-03T04:11:27Z INF Tunnel connection curve preferences: [X25519MLKEM768 CurveID(65074) CurveP256] connIndex=0 event=0 ip=2606:4700:a0::10
2026-09-03T04:11:27Z INF Registered tunnel connection connIndex=0 connection=f334e301-f192-4c02-9788-27d350a267f2 event=0 ip=2606:4700:a0::10 location=yvr01 protocol=quic
2026-09-03T06:11:33Z ERR failed to accept incoming stream requests error="failed to accept QUIC stream: timeout: no recent network activity" connIndex=0 event=0 ip=2606:4700:a0::10
2026-09-03T06:11:33Z ERR failed to run the datagram handler error="timeout: no recent network activity" connIndex=0 event=0 ip=2606:4700:a0::10
2026-09-03T06:11:35Z ERR failed to serve tunnel connection error="accept stream listener encountered a failure while serving" connIndex=0 event=0 ip=2606:4700:a0::10
2026-09-03T06:11:38Z ERR Serve tunnel error error="accept stream listener encountered a failure while serving" connIndex=0 event=0 ip=2606:4700:a0::10
2026-09-03T06:11:39Z INF Retrying connection in up to 1s connIndex=0 event=0 ip=2606:4700:a0::10
2026-09-03T06:11:41Z INF Tunnel connection curve preferences: [X25519MLKEM768 CurveID(65074) CurveP256] connIndex=0 event=0 ip=2606:4700:a0::10
2026-09-03T06:15:31Z INF Thank you for trying Cloudflare Tunnel. Doing so, without a Cloudflare account, is a quick way to experiment and try it out. However, be aware that these account-less Tunnels have no uptime guarantee, are subject to the Cloudflare Online Services Terms of Use (https://www.cloudflare.com/website-terms/), and Cloudflare reserves the right to investigate your use of Tunnels for violations of such terms. If you intend to use Tunnels in production you should use a pre-created named tunnel by following: https://developers.cloudflare.com/cloudflare-one/connections/connect-apps
2026-09-03T06:15:31Z INF Requesting new quick Tunnel on trycloudflare.com...
2026-09-03T06:15:34Z INF +--------------------------------------------------------------------------------------------+
2026-09-03T06:15:34Z INF |  Your quick Tunnel has been created! Visit it at (it may take some time to be reachable):  |
2026-09-03T06:15:34Z INF |  https://tactics-retailers-pearl-intensive.trycloudflare.com                               |
2026-09-03T06:15:34Z INF +--------------------------------------------------------------------------------------------+
2026-09-03T06:15:34Z INF Cannot determine default configuration path. No file [config.yml config.yaml] in [~/.cloudflared ~/.cloudflare-warp ~/cloudflare-warp /etc/cloudflared /usr/local/etc/cloudflared]
2026-09-03T06:15:34Z INF Version 2026.8.3 (Checksum cda6e0f6652fec97547746a7de03c478c68c8b3b7b8f8ae8df2a22cd7a1f61e5)
2026-09-03T06:15:34Z INF GOOS: darwin, GOVersion: go1.27.0, GoArch: arm64
2026-09-03T06:15:34Z INF Settings: map[ha-connections:1 logfile:/Users/genesis/Desktop/Oxyderm-Build/data/cloudflared-tunnel.log protocol:quic url:http://localhost:4790]
2026-09-03T06:15:34Z INF cloudflared will not automatically update if installed by a package manager.
2026-09-03T06:15:34Z INF Generated Connector ID: dde02692-5945-4752-8ae9-cb5efd6761aa
2026-09-03T06:15:34Z INF Initial protocol quic
2026-09-03T06:15:34Z INF ICMP proxy will use 10.0.0.230 as source for IPv4
2026-09-03T06:15:34Z INF ICMP proxy will use fe80::14b3:b140:8271:9c30 in zone en0 as source for IPv6
2026-09-03T06:15:34Z INF Created ICMP proxy listening on 10.0.0.230:0
2026-09-03T06:15:34Z INF ICMP proxy will use 10.0.0.230 as source for IPv4
2026-09-03T06:15:34Z INF ICMP proxy will use fe80::14b3:b140:8271:9c30 in zone en0 as source for IPv6
2026-09-03T06:15:34Z INF Starting metrics server on 127.0.0.1:20241/metrics
2026-09-03T06:15:34Z INF Tunnel connection curve preferences: [X25519MLKEM768 CurveID(65074) CurveP256] connIndex=0 event=0 ip=2606:4700:a8::1
2026-09-03T06:15:35Z INF Registered tunnel connection connIndex=0 connection=1b863d15-e81d-4a05-accf-925970f02214 event=0 ip=2606:4700:a8::1 location=sea08 protocol=quic
2026-09-03T06:15:35Z INF +-------------------------------------------------------------------------------------+
2026-09-03T06:15:35Z INF |                               CONNECTIVITY PRE-CHECKS                               |
2026-09-03T06:15:35Z INF +-------------------------------------------------------------------------------------+
2026-09-03T06:15:35Z INF |  COMPONENT         TARGET                     STATUS  DETAILS                       |
2026-09-03T06:15:35Z INF |  DNS Resolution    region1.v2.argotunnel.com  PASS    DNS Resolved successfully     |
2026-09-03T06:15:35Z INF |  DNS Resolution    region2.v2.argotunnel.com  PASS    DNS Resolved successfully     |
2026-09-03T06:15:35Z INF |  UDP Connectivity  region1.v2.argotunnel.com  PASS    QUIC connection successful    |
2026-09-03T06:15:35Z INF |  UDP Connectivity  region2.v2.argotunnel.com  PASS    QUIC connection successful    |
2026-09-03T06:15:35Z INF |  TCP Connectivity  region1.v2.argotunnel.com  PASS    HTTP/2 connection successful  |
2026-09-03T06:15:35Z INF |  TCP Connectivity  region2.v2.argotunnel.com  PASS    HTTP/2 connection successful  |
2026-09-03T06:15:35Z INF |  Cloudflare API    api.cloudflare.com:443     PASS    API is reachable              |
2026-09-03T06:15:35Z INF |                                                                                     |
2026-09-03T06:15:35Z INF |  SUMMARY: Environment is healthy. cloudflared will use 'quic' as primary protocol.  |
2026-09-03T06:15:35Z INF +-------------------------------------------------------------------------------------+
2026-09-03T06:15:35Z INF precheck component="DNS Resolution" details="DNS Resolved successfully" run_id=a7dfba94-ffa1-4657-b09a-ce4dfb9258c3 status=pass target=region1.v2.argotunnel.com
2026-09-03T06:15:35Z INF precheck component="DNS Resolution" details="DNS Resolved successfully" run_id=a7dfba94-ffa1-4657-b09a-ce4dfb9258c3 status=pass target=region2.v2.argotunnel.com
2026-09-03T06:15:35Z INF precheck component="UDP Connectivity" details="QUIC connection successful" run_id=a7dfba94-ffa1-4657-b09a-ce4dfb9258c3 status=pass target=region1.v2.argotunnel.com
2026-09-03T06:15:35Z INF precheck component="UDP Connectivity" details="QUIC connection successful" run_id=a7dfba94-ffa1-4657-b09a-ce4dfb9258c3 status=pass target=region2.v2.argotunnel.com
2026-09-03T06:15:35Z INF precheck component="TCP Connectivity" details="HTTP/2 connection successful" run_id=a7dfba94-ffa1-4657-b09a-ce4dfb9258c3 status=pass target=region1.v2.argotunnel.com
2026-09-03T06:15:35Z INF precheck component="TCP Connectivity" details="HTTP/2 connection successful" run_id=a7dfba94-ffa1-4657-b09a-ce4dfb9258c3 status=pass target=region2.v2.argotunnel.com
2026-09-03T06:15:35Z INF precheck component="Cloudflare API" details="API is reachable" run_id=a7dfba94-ffa1-4657-b09a-ce4dfb9258c3 status=pass target=api.cloudflare.com:443
2026-09-03T06:15:35Z INF precheck complete hard_fail=false run_id=a7dfba94-ffa1-4657-b09a-ce4dfb9258c3 suggested_protocol=quic
2026-09-03T09:02:32Z ERR failed to run the datagram handler error="timeout: no recent network activity" connIndex=0 event=0 ip=2606:4700:a8::1
2026-09-03T09:02:32Z ERR failed to accept incoming stream requests error="failed to accept QUIC stream: timeout: no recent network activity" connIndex=0 event=0 ip=2606:4700:a8::1
2026-09-03T09:02:32Z ERR failed to serve tunnel connection error="datagram manager encountered a failure while serving" connIndex=0 event=0 ip=2606:4700:a8::1
2026-09-03T09:02:32Z ERR Serve tunnel error error="datagram manager encountered a failure while serving" connIndex=0 event=0 ip=2606:4700:a8::1
2026-09-03T09:02:32Z INF Retrying connection in up to 1s connIndex=0 event=0 ip=2606:4700:a8::1
2026-09-03T09:02:33Z INF Tunnel connection curve preferences: [X25519MLKEM768 CurveID(65074) CurveP256] connIndex=0 event=0 ip=2606:4700:a8::1
2026-09-03T09:02:33Z INF Registered tunnel connection connIndex=0 connection=04118e6b-944c-449e-a302-2cf8cc5e21ae event=0 ip=2606:4700:a8::1 location=sea08 protocol=quic
2026-09-03T17:53:32Z ERR failed to run the datagram handler error="timeout: no recent network activity" connIndex=0 event=0 ip=2606:4700:a8::1
2026-09-03T17:53:32Z ERR failed to accept incoming stream requests error="failed to accept QUIC stream: timeout: no recent network activity" connIndex=0 event=0 ip=2606:4700:a8::1
2026-09-03T17:53:32Z ERR failed to serve tunnel connection error="datagram manager encountered a failure while serving" connIndex=0 event=0 ip=2606:4700:a8::1
2026-09-03T17:53:32Z ERR Serve tunnel error error="datagram manager encountered a failure while serving" connIndex=0 event=0 ip=2606:4700:a8::1
2026-09-03T17:53:32Z INF Retrying connection in up to 1s connIndex=0 event=0 ip=2606:4700:a8::1
2026-09-03T17:53:33Z INF Tunnel connection curve preferences: [X25519MLKEM768 CurveID(65074) CurveP256] connIndex=0 event=0 ip=2606:4700:a8::1
2026-09-03T17:53:33Z INF Registered tunnel connection connIndex=0 connection=3177a4e0-c3be-4fe3-911f-981b821b7232 event=0 ip=2606:4700:a8::1 location=sea08 protocol=quic
2026-09-03T18:35:18Z ERR failed to run the datagram handler error="timeout: no recent network activity" connIndex=0 event=0 ip=2606:4700:a8::1
2026-09-03T18:35:18Z ERR failed to accept incoming stream requests error="failed to accept QUIC stream: timeout: no recent network activity" connIndex=0 event=0 ip=2606:4700:a8::1
2026-09-03T18:35:18Z ERR failed to serve tunnel connection error="datagram manager encountered a failure while serving" connIndex=0 event=0 ip=2606:4700:a8::1
2026-09-03T18:35:18Z ERR Serve tunnel error error="datagram manager encountered a failure while serving" connIndex=0 event=0 ip=2606:4700:a8::1
2026-09-03T18:35:18Z INF Retrying connection in up to 1s connIndex=0 event=0 ip=2606:4700:a8::1
2026-09-03T18:35:20Z INF Tunnel connection curve preferences: [X25519MLKEM768 CurveID(65074) CurveP256] connIndex=0 event=0 ip=2606:4700:a8::1
2026-09-03T18:35:20Z INF Registered tunnel connection connIndex=0 connection=d94866ee-727e-44b6-95fe-2b58eb14cf30 event=0 ip=2606:4700:a8::1 location=sea08 protocol=quic
2026-09-03T20:01:18Z ERR failed to accept incoming stream requests error="failed to accept QUIC stream: write udp6 [::]:58609->[2606:4700:a8::1]:7844: sendmsg: no route to host" connIndex=0 event=0 ip=2606:4700:a8::1
2026-09-03T20:01:18Z ERR failed to run the datagram handler error="write udp6 [::]:58609->[2606:4700:a8::1]:7844: sendmsg: no route to host" connIndex=0 event=0 ip=2606:4700:a8::1
2026-09-03T20:01:18Z ERR failed to serve tunnel connection error="accept stream listener encountered a failure while serving" connIndex=0 event=0 ip=2606:4700:a8::1
2026-09-03T20:01:18Z ERR Serve tunnel error error="accept stream listener encountered a failure while serving" connIndex=0 event=0 ip=2606:4700:a8::1
2026-09-03T20:01:18Z INF Retrying connection in up to 1s connIndex=0 event=0 ip=2606:4700:a8::1
2026-09-03T20:01:20Z INF Tunnel connection curve preferences: [X25519MLKEM768 CurveID(65074) CurveP256] connIndex=0 event=0 ip=2606:4700:a8::1
2026-09-03T20:01:20Z INF Registered tunnel connection connIndex=0 connection=6c5513e4-aa1d-4a32-8cb4-54131e4ffdd3 event=0 ip=2606:4700:a8::1 location=sea08 protocol=quic
2026-09-03T20:06:16Z ERR failed to accept incoming stream requests error="failed to accept QUIC stream: write udp6 [::]:58609->[2606:4700:a8::1]:7844: sendmsg: no route to host" connIndex=0 event=0 ip=2606:4700:a8::1
2026-09-03T20:06:16Z ERR failed to run the datagram handler error="write udp6 [::]:58609->[2606:4700:a8::1]:7844: sendmsg: no route to host" connIndex=0 event=0 ip=2606:4700:a8::1
2026-09-03T20:06:16Z ERR failed to serve tunnel connection error="accept stream listener encountered a failure while serving" connIndex=0 event=0 ip=2606:4700:a8::1
2026-09-03T20:06:16Z ERR Serve tunnel error error="accept stream listener encountered a failure while serving" connIndex=0 event=0 ip=2606:4700:a8::1
2026-09-03T20:06:16Z INF Retrying connection in up to 1s connIndex=0 event=0 ip=2606:4700:a8::1
2026-09-03T20:06:17Z INF Tunnel connection curve preferences: [X25519MLKEM768 CurveID(65074) CurveP256] connIndex=0 event=0 ip=2606:4700:a8::1
2026-09-03T20:06:17Z ERR Failed to dial a quic connection error="failed to dial to edge with quic: write udp6 [::]:58609->[2606:4700:a8::1]:7844: sendmsg: no route to host" connIndex=0 event=0 ip=2606:4700:a8::1
2026-09-03T20:06:17Z INF Retrying connection in up to 4s connIndex=0 event=0 ip=2606:4700:a8::1
2026-09-03T20:06:20Z INF Tunnel connection curve preferences: [X25519MLKEM768 CurveID(65074) CurveP256] connIndex=0 event=0 ip=2606:4700:a0::8
2026-09-03T20:06:20Z INF Registered tunnel connection connIndex=0 connection=f14b904a-631c-47fe-b7ed-a599a0cfd7d4 event=0 ip=2606:4700:a0::8 location=yvr01 protocol=quic
2026-09-03T20:25:25Z ERR failed to run the datagram handler error="timeout: no recent network activity" connIndex=0 event=0 ip=2606:4700:a0::8
2026-09-03T20:25:25Z ERR failed to accept incoming stream requests error="failed to accept QUIC stream: timeout: no recent network activity" connIndex=0 event=0 ip=2606:4700:a0::8
2026-09-03T20:25:25Z ERR failed to serve tunnel connection error="datagram manager encountered a failure while serving" connIndex=0 event=0 ip=2606:4700:a0::8
2026-09-03T20:25:25Z ERR Serve tunnel error error="datagram manager encountered a failure while serving" connIndex=0 event=0 ip=2606:4700:a0::8
2026-09-03T20:25:25Z INF Retrying connection in up to 1s connIndex=0 event=0 ip=2606:4700:a0::8
2026-09-03T20:25:26Z INF Tunnel connection curve preferences: [X25519MLKEM768 CurveID(65074) CurveP256] connIndex=0 event=0 ip=2606:4700:a0::8
2026-09-03T20:25:26Z INF Registered tunnel connection connIndex=0 connection=1b8a930a-74ed-49c7-88e9-bf85362ee080 event=0 ip=2606:4700:a0::8 location=yvr01 protocol=quic
2026-09-03T21:45:43Z ERR failed to accept incoming stream requests error="failed to accept QUIC stream: timeout: no recent network activity" connIndex=0 event=0 ip=2606:4700:a0::8
2026-09-03T21:45:43Z ERR failed to run the datagram handler error="timeout: no recent network activity" connIndex=0 event=0 ip=2606:4700:a0::8
2026-09-03T21:45:43Z ERR failed to serve tunnel connection error="accept stream listener encountered a failure while serving" connIndex=0 event=0 ip=2606:4700:a0::8
2026-09-03T21:45:43Z ERR Serve tunnel error error="accept stream listener encountered a failure while serving" connIndex=0 event=0 ip=2606:4700:a0::8
2026-09-03T21:45:43Z INF Retrying connection in up to 1s connIndex=0 event=0 ip=2606:4700:a0::8
2026-09-03T21:45:43Z INF Tunnel connection curve preferences: [X25519MLKEM768 CurveID(65074) CurveP256] connIndex=0 event=0 ip=2606:4700:a0::8
2026-09-03T21:45:43Z ERR failed to accept incoming stream requests error="failed to accept QUIC stream: write udp6 [::]:58609->[2606:4700:a0::8]:7844: sendmsg: no route to host" connIndex=0 event=0 ip=2606:4700:a0::8
2026-09-03T21:45:43Z ERR failed to run the datagram handler error="context canceled" connIndex=0 event=0 ip=2606:4700:a0::8
2026-09-03T21:45:43Z ERR failed to serve tunnel connection error="accept stream listener encountered a failure while serving" connIndex=0 event=0 ip=2606:4700:a0::8
2026-09-03T21:45:43Z ERR Serve tunnel error error="accept stream listener encountered a failure while serving" connIndex=0 event=0 ip=2606:4700:a0::8
2026-09-03T21:45:43Z INF Retrying connection in up to 4s connIndex=0 event=0 ip=2606:4700:a0::8
2026-09-03T21:45:46Z INF Tunnel connection curve preferences: [X25519MLKEM768 CurveID(65074) CurveP256] connIndex=0 event=0 ip=2606:4700:a0::8
2026-09-03T21:45:46Z ERR failed to run the datagram handler error="context canceled" connIndex=0 event=0 ip=2606:4700:a0::8
2026-09-03T21:45:46Z ERR failed to serve tunnel connection error="control stream encountered a failure while serving" connIndex=0 event=0 ip=2606:4700:a0::8
2026-09-03T21:45:46Z ERR Serve tunnel error error="control stream encountered a failure while serving" connIndex=0 event=0 ip=2606:4700:a0::8
2026-09-03T21:45:46Z INF Retrying connection in up to 8s connIndex=0 event=0 ip=2606:4700:a0::8
2026-09-03T22:18:47Z INF Tunnel connection curve preferences: [X25519MLKEM768 CurveID(65074) CurveP256] connIndex=0 event=0 ip=2606:4700:a0::8
2026-09-03T22:18:47Z ERR failed to accept incoming stream requests error="failed to accept QUIC stream: write udp6 [::]:58609->[2606:4700:a0::8]:7844: sendmsg: no route to host" connIndex=0 event=0 ip=2606:4700:a0::8
2026-09-03T22:18:47Z ERR failed to run the datagram handler error="write udp6 [::]:58609->[2606:4700:a0::8]:7844: sendmsg: no route to host" connIndex=0 event=0 ip=2606:4700:a0::8
2026-09-03T22:18:47Z ERR failed to serve tunnel connection error="accept stream listener encountered a failure while serving" connIndex=0 event=0 ip=2606:4700:a0::8
2026-09-03T22:18:47Z ERR Serve tunnel error error="accept stream listener encountered a failure while serving" connIndex=0 event=0 ip=2606:4700:a0::8
2026-09-03T22:18:47Z INF Retrying connection in up to 16s connIndex=0 event=0 ip=2606:4700:a0::8
2026-09-03T22:18:48Z INF Tunnel connection curve preferences: [X25519MLKEM768 CurveID(65074) CurveP256] connIndex=0 event=0 ip=2606:4700:a0::8
2026-09-03T22:18:48Z ERR failed to run the datagram handler error="context canceled" connIndex=0 event=0 ip=2606:4700:a0::8
2026-09-03T22:18:48Z ERR failed to serve tunnel connection error="control stream encountered a failure while serving" connIndex=0 event=0 ip=2606:4700:a0::8
2026-09-03T22:18:48Z ERR Serve tunnel error error="control stream encountered a failure while serving" connIndex=0 event=0 ip=2606:4700:a0::8
2026-09-03T22:18:48Z INF Retrying connection in up to 32s connIndex=0 event=0 ip=2606:4700:a0::8
2026-09-03T23:13:49Z INF Tunnel connection curve preferences: [X25519MLKEM768 CurveID(65074) CurveP256] connIndex=0 event=0 ip=2606:4700:a0::8
2026-09-03T23:13:49Z ERR failed to run the datagram handler error="context canceled" connIndex=0 event=0 ip=2606:4700:a0::8
2026-09-03T23:13:49Z ERR failed to serve tunnel connection error="control stream encountered a failure while serving" connIndex=0 event=0 ip=2606:4700:a0::8
2026-09-03T23:13:49Z ERR Serve tunnel error error="control stream encountered a failure while serving" connIndex=0 event=0 ip=2606:4700:a0::8
2026-09-03T23:13:49Z INF Retrying connection in up to 1m4s connIndex=0 event=0 ip=2606:4700:a0::8
2026-09-03T23:44:53Z INF Tunnel connection curve preferences: [X25519MLKEM768 CurveID(65074) CurveP256] connIndex=0 event=0 ip=2606:4700:a0::8
2026-09-03T23:44:53Z ERR failed to run the datagram handler error="context canceled" connIndex=0 event=0 ip=2606:4700:a0::8
2026-09-03T23:44:53Z ERR failed to serve tunnel connection error="control stream encountered a failure while serving" connIndex=0 event=0 ip=2606:4700:a0::8
2026-09-03T23:44:53Z ERR Serve tunnel error error="control stream encountered a failure while serving" connIndex=0 event=0 ip=2606:4700:a0::8
2026-09-03T23:44:53Z INF Retrying connection in up to 1m4s connIndex=0 event=0 ip=2606:4700:a0::8
2026-09-04T00:14:51Z INF Tunnel connection curve preferences: [X25519MLKEM768 CurveID(65074) CurveP256] connIndex=0 event=0 ip=2606:4700:a0::8
2026-09-04T00:14:51Z ERR failed to run the datagram handler error="context canceled" connIndex=0 event=0 ip=2606:4700:a0::8
2026-09-04T00:14:51Z ERR failed to serve tunnel connection error="control stream encountered a failure while serving" connIndex=0 event=0 ip=2606:4700:a0::8
2026-09-04T00:14:51Z ERR Serve tunnel error error="control stream encountered a failure while serving" connIndex=0 event=0 ip=2606:4700:a0::8
2026-09-04T00:14:51Z INF Retrying connection in up to 1m4s connIndex=0 event=0 ip=2606:4700:a0::8
2026-09-04T01:05:26Z INF Tunnel connection curve preferences: [X25519MLKEM768 CurveID(65074) CurveP256] connIndex=0 event=0 ip=2606:4700:a0::8
2026-09-04T01:05:26Z ERR failed to accept incoming stream requests error="failed to accept QUIC stream: write udp6 [::]:58609->[2606:4700:a0::8]:7844: sendmsg: no route to host" connIndex=0 event=0 ip=2606:4700:a0::8
2026-09-04T01:05:26Z ERR failed to run the datagram handler error="write udp6 [::]:58609->[2606:4700:a0::8]:7844: sendmsg: no route to host" connIndex=0 event=0 ip=2606:4700:a0::8
2026-09-04T01:05:26Z ERR failed to serve tunnel connection error="control stream encountered a failure while serving" connIndex=0 event=0 ip=2606:4700:a0::8
2026-09-04T01:05:26Z ERR Serve tunnel error error="control stream encountered a failure while serving" connIndex=0 event=0 ip=2606:4700:a0::8
2026-09-04T01:05:26Z INF Retrying connection in up to 1m4s connIndex=0 event=0 ip=2606:4700:a0::8
2026-09-04T02:11:18Z INF Tunnel connection curve preferences: [X25519MLKEM768 CurveID(65074) CurveP256] connIndex=0 event=0 ip=2606:4700:a0::8
2026-09-04T02:11:18Z ERR failed to run the datagram handler error="context canceled" connIndex=0 event=0 ip=2606:4700:a0::8
2026-09-04T02:11:18Z ERR failed to serve tunnel connection error="control stream encountered a failure while serving" connIndex=0 event=0 ip=2606:4700:a0::8
2026-09-04T02:11:18Z ERR Serve tunnel error error="control stream encountered a failure while serving" connIndex=0 event=0 ip=2606:4700:a0::8
2026-09-04T02:11:18Z INF Retrying connection in up to 1m4s connIndex=0 event=0 ip=2606:4700:a0::8
2026-09-04T02:45:13Z INF Tunnel connection curve preferences: [X25519MLKEM768 CurveID(65074) CurveP256] connIndex=0 event=0 ip=2606:4700:a0::8
2026-09-04T02:45:13Z ERR failed to run the datagram handler error="context canceled" connIndex=0 event=0 ip=2606:4700:a0::8
2026-09-04T02:45:13Z ERR failed to serve tunnel connection error="control stream encountered a failure while serving" connIndex=0 event=0 ip=2606:4700:a0::8
2026-09-04T02:45:13Z ERR Serve tunnel error error="control stream encountered a failure while serving" connIndex=0 event=0 ip=2606:4700:a0::8
2026-09-04T02:45:13Z INF Retrying connection in up to 1m4s connIndex=0 event=0 ip=2606:4700:a0::8
2026-09-04T02:51:26Z INF Tunnel connection curve preferences: [X25519MLKEM768 CurveID(65074) CurveP256] connIndex=0 event=0 ip=2606:4700:a0::8
2026-09-04T02:51:26Z ERR failed to run the datagram handler error="context canceled" connIndex=0 event=0 ip=2606:4700:a0::8
2026-09-04T02:51:26Z ERR failed to serve tunnel connection error="control stream encountered a failure while serving" connIndex=0 event=0 ip=2606:4700:a0::8
2026-09-04T02:51:26Z ERR Serve tunnel error error="control stream encountered a failure while serving" connIndex=0 event=0 ip=2606:4700:a0::8
2026-09-04T02:51:26Z INF Retrying connection in up to 1m4s connIndex=0 event=0 ip=2606:4700:a0::8
2026-09-04T02:51:47Z INF Tunnel connection curve preferences: [X25519MLKEM768 CurveID(65074) CurveP256] connIndex=0 event=0 ip=2606:4700:a0::8
2026-09-04T02:51:47Z ERR failed to run the datagram handler error="context canceled" connIndex=0 event=0 ip=2606:4700:a0::8
2026-09-04T02:51:47Z ERR failed to serve tunnel connection error="control stream encountered a failure while serving" connIndex=0 event=0 ip=2606:4700:a0::8
2026-09-04T02:51:47Z ERR Serve tunnel error error="control stream encountered a failure while serving" connIndex=0 event=0 ip=2606:4700:a0::8
2026-09-04T02:51:47Z INF Retrying connection in up to 1m4s connIndex=0 event=0 ip=2606:4700:a0::8
2026-09-04T02:52:18Z INF Tunnel connection curve preferences: [X25519MLKEM768 CurveID(65074) CurveP256] connIndex=0 event=0 ip=2606:4700:a0::8
2026-09-04T02:52:18Z ERR failed to run the datagram handler error="context canceled" connIndex=0 event=0 ip=2606:4700:a0::8
2026-09-04T02:52:18Z ERR failed to serve tunnel connection error="control stream encountered a failure while serving" connIndex=0 event=0 ip=2606:4700:a0::8
2026-09-04T02:52:18Z ERR Serve tunnel error error="control stream encountered a failure while serving" connIndex=0 event=0 ip=2606:4700:a0::8
2026-09-04T02:52:18Z INF Retrying connection in up to 1m4s connIndex=0 event=0 ip=2606:4700:a0::8
2026-09-04T02:52:33Z INF Tunnel connection curve preferences: [X25519MLKEM768 CurveID(65074) CurveP256] connIndex=0 event=0 ip=2606:4700:a0::8
2026-09-04T02:52:33Z ERR failed to run the datagram handler error="context canceled" connIndex=0 event=0 ip=2606:4700:a0::8
2026-09-04T02:52:33Z ERR failed to serve tunnel connection error="control stream encountered a failure while serving" connIndex=0 event=0 ip=2606:4700:a0::8
2026-09-04T02:52:33Z ERR Serve tunnel error error="control stream encountered a failure while serving" connIndex=0 event=0 ip=2606:4700:a0::8
2026-09-04T02:52:33Z INF Retrying connection in up to 1m4s connIndex=0 event=0 ip=2606:4700:a0::8
2026-09-04T02:52:55Z INF Tunnel connection curve preferences: [X25519MLKEM768 CurveID(65074) CurveP256] connIndex=0 event=0 ip=2606:4700:a0::8
2026-09-04T02:52:55Z ERR failed to run the datagram handler error="context canceled" connIndex=0 event=0 ip=2606:4700:a0::8
2026-09-04T02:52:55Z ERR failed to serve tunnel connection error="control stream encountered a failure while serving" connIndex=0 event=0 ip=2606:4700:a0::8
2026-09-04T02:52:55Z ERR Serve tunnel error error="control stream encountered a failure while serving" connIndex=0 event=0 ip=2606:4700:a0::8
2026-09-04T02:52:55Z INF Retrying connection in up to 1m4s connIndex=0 event=0 ip=2606:4700:a0::8
2026-09-04T02:53:18Z INF Tunnel connection curve preferences: [X25519MLKEM768 CurveID(65074) CurveP256] connIndex=0 event=0 ip=2606:4700:a0::8
2026-09-04T02:53:18Z ERR failed to run the datagram handler error="context canceled" connIndex=0 event=0 ip=2606:4700:a0::8
2026-09-04T02:53:18Z ERR failed to serve tunnel connection error="control stream encountered a failure while serving" connIndex=0 event=0 ip=2606:4700:a0::8
2026-09-04T02:53:18Z ERR Serve tunnel error error="control stream encountered a failure while serving" connIndex=0 event=0 ip=2606:4700:a0::8
2026-09-04T02:53:18Z INF Retrying connection in up to 1m4s connIndex=0 event=0 ip=2606:4700:a0::8
2026-09-04T02:53:43Z INF Tunnel connection curve preferences: [X25519MLKEM768 CurveID(65074) CurveP256] connIndex=0 event=0 ip=2606:4700:a0::8
2026-09-04T02:53:43Z ERR failed to run the datagram handler error="context canceled" connIndex=0 event=0 ip=2606:4700:a0::8
2026-09-04T02:53:43Z ERR failed to serve tunnel connection error="control stream encountered a failure while serving" connIndex=0 event=0 ip=2606:4700:a0::8
2026-09-04T02:53:43Z ERR Serve tunnel error error="control stream encountered a failure while serving" connIndex=0 event=0 ip=2606:4700:a0::8
2026-09-04T02:53:43Z INF Retrying connection in up to 1m4s connIndex=0 event=0 ip=2606:4700:a0::8
2026-09-04T02:54:12Z INF Tunnel connection curve preferences: [X25519MLKEM768 CurveID(65074) CurveP256] connIndex=0 event=0 ip=2606:4700:a0::8
2026-09-04T02:54:12Z ERR failed to run the datagram handler error="context canceled" connIndex=0 event=0 ip=2606:4700:a0::8
2026-09-04T02:54:12Z ERR failed to serve tunnel connection error="control stream encountered a failure while serving" connIndex=0 event=0 ip=2606:4700:a0::8
2026-09-04T02:54:12Z ERR Serve tunnel error error="control stream encountered a failure while serving" connIndex=0 event=0 ip=2606:4700:a0::8
2026-09-04T02:54:12Z INF Retrying connection in up to 1m4s connIndex=0 event=0 ip=2606:4700:a0::8
2026-09-04T02:54:33Z INF Tunnel connection curve preferences: [X25519MLKEM768 CurveID(65074) CurveP256] connIndex=0 event=0 ip=2606:4700:a0::8
2026-09-04T02:54:33Z ERR failed to run the datagram handler error="context canceled" connIndex=0 event=0 ip=2606:4700:a0::8
2026-09-04T02:54:33Z ERR failed to serve tunnel connection error="control stream encountered a failure while serving" connIndex=0 event=0 ip=2606:4700:a0::8
2026-09-04T02:54:33Z ERR Serve tunnel error error="control stream encountered a failure while serving" connIndex=0 event=0 ip=2606:4700:a0::8
2026-09-04T02:54:33Z INF Retrying connection in up to 1m4s connIndex=0 event=0 ip=2606:4700:a0::8
2026-09-04T02:54:41Z INF Tunnel connection curve preferences: [X25519MLKEM768 CurveID(65074) CurveP256] connIndex=0 event=0 ip=2606:4700:a0::8
2026-09-04T02:54:41Z ERR failed to run the datagram handler error="context canceled" connIndex=0 event=0 ip=2606:4700:a0::8
2026-09-04T02:54:41Z ERR failed to serve tunnel connection error="control stream encountered a failure while serving" connIndex=0 event=0 ip=2606:4700:a0::8
2026-09-04T02:54:41Z ERR Serve tunnel error error="control stream encountered a failure while serving" connIndex=0 event=0 ip=2606:4700:a0::8
2026-09-04T02:54:41Z INF Retrying connection in up to 1m4s connIndex=0 event=0 ip=2606:4700:a0::8
2026-09-04T02:54:52Z INF Tunnel connection curve preferences: [X25519MLKEM768 CurveID(65074) CurveP256] connIndex=0 event=0 ip=2606:4700:a0::8
2026-09-04T02:54:52Z ERR failed to run the datagram handler error="context canceled" connIndex=0 event=0 ip=2606:4700:a0::8
2026-09-04T02:54:52Z ERR failed to serve tunnel connection error="control stream encountered a failure while serving" connIndex=0 event=0 ip=2606:4700:a0::8
2026-09-04T02:54:52Z ERR Serve tunnel error error="control stream encountered a failure while serving" connIndex=0 event=0 ip=2606:4700:a0::8
2026-09-04T02:54:52Z INF Retrying connection in up to 1m4s connIndex=0 event=0 ip=2606:4700:a0::8
2026-09-04T02:54:58Z INF Tunnel connection curve preferences: [X25519MLKEM768 CurveID(65074) CurveP256] connIndex=0 event=0 ip=2606:4700:a0::8
2026-09-04T02:54:58Z ERR failed to run the datagram handler error="context canceled" connIndex=0 event=0 ip=2606:4700:a0::8
2026-09-04T02:54:58Z ERR failed to serve tunnel connection error="control stream encountered a failure while serving" connIndex=0 event=0 ip=2606:4700:a0::8
2026-09-04T02:54:58Z ERR Serve tunnel error error="control stream encountered a failure while serving" connIndex=0 event=0 ip=2606:4700:a0::8
2026-09-04T02:54:58Z INF Retrying connection in up to 1m4s connIndex=0 event=0 ip=2606:4700:a0::8
2026-09-04T02:55:07Z INF Tunnel connection curve preferences: [X25519MLKEM768 CurveID(65074) CurveP256] connIndex=0 event=0 ip=2606:4700:a0::8
2026-09-04T02:55:07Z ERR failed to run the datagram handler error="context canceled" connIndex=0 event=0 ip=2606:4700:a0::8
2026-09-04T02:55:07Z ERR failed to serve tunnel connection error="control stream encountered a failure while serving" connIndex=0 event=0 ip=2606:4700:a0::8
2026-09-04T02:55:07Z ERR Serve tunnel error error="control stream encountered a failure while serving" connIndex=0 event=0 ip=2606:4700:a0::8
2026-09-04T02:55:07Z INF Retrying connection in up to 1m4s connIndex=0 event=0 ip=2606:4700:a0::8
2026-09-04T02:59:05Z INF Tunnel connection curve preferences: [X25519MLKEM768 CurveID(65074) CurveP256] connIndex=0 event=0 ip=2606:4700:a0::8
2026-09-04T02:59:05Z ERR failed to run the datagram handler error="context canceled" connIndex=0 event=0 ip=2606:4700:a0::8
2026-09-04T02:59:05Z ERR failed to serve tunnel connection error="control stream encountered a failure while serving" connIndex=0 event=0 ip=2606:4700:a0::8
2026-09-04T02:59:05Z ERR Serve tunnel error error="control stream encountered a failure while serving" connIndex=0 event=0 ip=2606:4700:a0::8
2026-09-04T02:59:05Z INF Retrying connection in up to 1m4s connIndex=0 event=0 ip=2606:4700:a0::8
2026-09-04T02:59:32Z INF Tunnel connection curve preferences: [X25519MLKEM768 CurveID(65074) CurveP256] connIndex=0 event=0 ip=2606:4700:a0::8
2026-09-04T02:59:32Z ERR failed to run the datagram handler error="context canceled" connIndex=0 event=0 ip=2606:4700:a0::8
2026-09-04T02:59:32Z ERR failed to serve tunnel connection error="control stream encountered a failure while serving" connIndex=0 event=0 ip=2606:4700:a0::8
2026-09-04T02:59:32Z ERR Serve tunnel error error="control stream encountered a failure while serving" connIndex=0 event=0 ip=2606:4700:a0::8
2026-09-04T02:59:32Z INF Retrying connection in up to 1m4s connIndex=0 event=0 ip=2606:4700:a0::8
2026-09-04T02:59:47Z INF Tunnel connection curve preferences: [X25519MLKEM768 CurveID(65074) CurveP256] connIndex=0 event=0 ip=2606:4700:a0::8
2026-09-04T02:59:47Z ERR failed to run the datagram handler error="context canceled" connIndex=0 event=0 ip=2606:4700:a0::8
2026-09-04T02:59:47Z ERR failed to serve tunnel connection error="control stream encountered a failure while serving" connIndex=0 event=0 ip=2606:4700:a0::8
2026-09-04T02:59:47Z ERR Serve tunnel error error="control stream encountered a failure while serving" connIndex=0 event=0 ip=2606:4700:a0::8
2026-09-04T02:59:47Z INF Retrying connection in up to 1m4s connIndex=0 event=0 ip=2606:4700:a0::8
2026-09-04T03:00:12Z INF Tunnel connection curve preferences: [X25519MLKEM768 CurveID(65074) CurveP256] connIndex=0 event=0 ip=2606:4700:a0::8
2026-09-04T03:00:12Z ERR failed to run the datagram handler error="context canceled" connIndex=0 event=0 ip=2606:4700:a0::8
2026-09-04T03:00:12Z ERR failed to serve tunnel connection error="control stream encountered a failure while serving" connIndex=0 event=0 ip=2606:4700:a0::8
2026-09-04T03:00:12Z ERR Serve tunnel error error="control stream encountered a failure while serving" connIndex=0 event=0 ip=2606:4700:a0::8
2026-09-04T03:00:12Z INF Retrying connection in up to 1m4s connIndex=0 event=0 ip=2606:4700:a0::8
2026-09-04T03:00:17Z INF Tunnel connection curve preferences: [X25519MLKEM768 CurveID(65074) CurveP256] connIndex=0 event=0 ip=2606:4700:a0::8
2026-09-04T03:00:17Z ERR failed to run the datagram handler error="context canceled" connIndex=0 event=0 ip=2606:4700:a0::8
2026-09-04T03:00:17Z ERR failed to serve tunnel connection error="control stream encountered a failure while serving" connIndex=0 event=0 ip=2606:4700:a0::8
2026-09-04T03:00:17Z ERR Serve tunnel error error="control stream encountered a failure while serving" connIndex=0 event=0 ip=2606:4700:a0::8
2026-09-04T03:00:17Z INF Retrying connection in up to 1m4s connIndex=0 event=0 ip=2606:4700:a0::8
2026-09-04T03:00:34Z INF Tunnel connection curve preferences: [X25519MLKEM768 CurveID(65074) CurveP256] connIndex=0 event=0 ip=2606:4700:a0::8
2026-09-04T03:00:34Z ERR failed to run the datagram handler error="context canceled" connIndex=0 event=0 ip=2606:4700:a0::8
2026-09-04T03:00:34Z ERR failed to serve tunnel connection error="control stream encountered a failure while serving" connIndex=0 event=0 ip=2606:4700:a0::8
2026-09-04T03:00:34Z ERR Serve tunnel error error="control stream encountered a failure while serving" connIndex=0 event=0 ip=2606:4700:a0::8
2026-09-04T03:00:34Z INF Retrying connection in up to 1m4s connIndex=0 event=0 ip=2606:4700:a0::8
2026-09-04T03:00:50Z INF Tunnel connection curve preferences: [X25519MLKEM768 CurveID(65074) CurveP256] connIndex=0 event=0 ip=2606:4700:a0::8
2026-09-04T03:00:51Z ERR failed to run the datagram handler error="context canceled" connIndex=0 event=0 ip=2606:4700:a0::8
2026-09-04T03:00:51Z ERR failed to serve tunnel connection error="control stream encountered a failure while serving" connIndex=0 event=0 ip=2606:4700:a0::8
2026-09-04T03:00:51Z ERR Serve tunnel error error="control stream encountered a failure while serving" connIndex=0 event=0 ip=2606:4700:a0::8
2026-09-04T03:00:51Z INF Retrying connection in up to 1m4s connIndex=0 event=0 ip=2606:4700:a0::8
2026-09-04T03:01:20Z INF Tunnel connection curve preferences: [X25519MLKEM768 CurveID(65074) CurveP256] connIndex=0 event=0 ip=2606:4700:a0::8
2026-09-04T03:01:20Z ERR failed to run the datagram handler error="context canceled" connIndex=0 event=0 ip=2606:4700:a0::8
2026-09-04T03:01:20Z ERR failed to serve tunnel connection error="control stream encountered a failure while serving" connIndex=0 event=0 ip=2606:4700:a0::8
2026-09-04T03:01:20Z ERR Serve tunnel error error="control stream encountered a failure while serving" connIndex=0 event=0 ip=2606:4700:a0::8
2026-09-04T03:01:20Z INF Retrying connection in up to 1m4s connIndex=0 event=0 ip=2606:4700:a0::8
2026-09-04T03:01:28Z INF Tunnel connection curve preferences: [X25519MLKEM768 CurveID(65074) CurveP256] connIndex=0 event=0 ip=2606:4700:a0::8
2026-09-04T03:01:28Z ERR failed to run the datagram handler error="context canceled" connIndex=0 event=0 ip=2606:4700:a0::8
2026-09-04T03:01:28Z ERR failed to serve tunnel connection error="control stream encountered a failure while serving" connIndex=0 event=0 ip=2606:4700:a0::8
2026-09-04T03:01:28Z ERR Serve tunnel error error="control stream encountered a failure while serving" connIndex=0 event=0 ip=2606:4700:a0::8
2026-09-04T03:01:28Z INF Retrying connection in up to 1m4s connIndex=0 event=0 ip=2606:4700:a0::8
2026-09-04T03:01:45Z INF Tunnel connection curve preferences: [X25519MLKEM768 CurveID(65074) CurveP256] connIndex=0 event=0 ip=2606:4700:a0::8
2026-09-04T03:01:45Z ERR failed to run the datagram handler error="context canceled" connIndex=0 event=0 ip=2606:4700:a0::8
2026-09-04T03:01:45Z ERR failed to serve tunnel connection error="control stream encountered a failure while serving" connIndex=0 event=0 ip=2606:4700:a0::8
2026-09-04T03:01:45Z ERR Serve tunnel error error="control stream encountered a failure while serving" connIndex=0 event=0 ip=2606:4700:a0::8
2026-09-04T03:01:45Z INF Retrying connection in up to 1m4s connIndex=0 event=0 ip=2606:4700:a0::8
2026-09-04T03:01:58Z INF Tunnel connection curve preferences: [X25519MLKEM768 CurveID(65074) CurveP256] connIndex=0 event=0 ip=2606:4700:a0::8
2026-09-04T03:01:58Z ERR failed to run the datagram handler error="context canceled" connIndex=0 event=0 ip=2606:4700:a0::8
2026-09-04T03:01:58Z ERR failed to serve tunnel connection error="control stream encountered a failure while serving" connIndex=0 event=0 ip=2606:4700:a0::8
2026-09-04T03:01:58Z ERR Serve tunnel error error="control stream encountered a failure while serving" connIndex=0 event=0 ip=2606:4700:a0::8
2026-09-04T03:01:58Z INF Retrying connection in up to 1m4s connIndex=0 event=0 ip=2606:4700:a0::8
2026-09-04T03:02:21Z INF Tunnel connection curve preferences: [X25519MLKEM768 CurveID(65074) CurveP256] connIndex=0 event=0 ip=2606:4700:a0::8
2026-09-04T03:02:21Z ERR failed to run the datagram handler error="context canceled" connIndex=0 event=0 ip=2606:4700:a0::8
2026-09-04T03:02:21Z ERR failed to serve tunnel connection error="control stream encountered a failure while serving" connIndex=0 event=0 ip=2606:4700:a0::8
2026-09-04T03:02:21Z ERR Serve tunnel error error="control stream encountered a failure while serving" connIndex=0 event=0 ip=2606:4700:a0::8
2026-09-04T03:02:21Z INF Retrying connection in up to 1m4s connIndex=0 event=0 ip=2606:4700:a0::8
2026-09-04T03:02:36Z INF Tunnel connection curve preferences: [X25519MLKEM768 CurveID(65074) CurveP256] connIndex=0 event=0 ip=2606:4700:a0::8
2026-09-04T03:02:36Z ERR failed to run the datagram handler error="context canceled" connIndex=0 event=0 ip=2606:4700:a0::8
2026-09-04T03:02:36Z ERR failed to serve tunnel connection error="control stream encountered a failure while serving" connIndex=0 event=0 ip=2606:4700:a0::8
2026-09-04T03:02:36Z ERR Serve tunnel error error="control stream encountered a failure while serving" connIndex=0 event=0 ip=2606:4700:a0::8
2026-09-04T03:02:36Z INF Retrying connection in up to 1m4s connIndex=0 event=0 ip=2606:4700:a0::8
2026-09-04T03:02:59Z INF Tunnel connection curve preferences: [X25519MLKEM768 CurveID(65074) CurveP256] connIndex=0 event=0 ip=2606:4700:a0::8
2026-09-04T03:02:59Z ERR failed to run the datagram handler error="context canceled" connIndex=0 event=0 ip=2606:4700:a0::8
2026-09-04T03:02:59Z ERR failed to serve tunnel connection error="control stream encountered a failure while serving" connIndex=0 event=0 ip=2606:4700:a0::8
2026-09-04T03:02:59Z ERR Serve tunnel error error="control stream encountered a failure while serving" connIndex=0 event=0 ip=2606:4700:a0::8
2026-09-04T03:02:59Z INF Retrying connection in up to 1m4s connIndex=0 event=0 ip=2606:4700:a0::8
2026-09-04T03:03:06Z INF Tunnel connection curve preferences: [X25519MLKEM768 CurveID(65074) CurveP256] connIndex=0 event=0 ip=2606:4700:a0::8
2026-09-04T03:03:06Z ERR failed to run the datagram handler error="context canceled" connIndex=0 event=0 ip=2606:4700:a0::8
2026-09-04T03:03:06Z ERR failed to serve tunnel connection error="control stream encountered a failure while serving" connIndex=0 event=0 ip=2606:4700:a0::8
2026-09-04T03:03:06Z ERR Serve tunnel error error="control stream encountered a failure while serving" connIndex=0 event=0 ip=2606:4700:a0::8
2026-09-04T03:03:06Z INF Retrying connection in up to 1m4s connIndex=0 event=0 ip=2606:4700:a0::8
2026-09-04T03:03:24Z INF Tunnel connection curve preferences: [X25519MLKEM768 CurveID(65074) CurveP256] connIndex=0 event=0 ip=2606:4700:a0::8
2026-09-04T03:03:24Z ERR failed to run the datagram handler error="context canceled" connIndex=0 event=0 ip=2606:4700:a0::8
2026-09-04T03:03:24Z ERR failed to serve tunnel connection error="control stream encountered a failure while serving" connIndex=0 event=0 ip=2606:4700:a0::8
2026-09-04T03:03:24Z ERR Serve tunnel error error="control stream encountered a failure while serving" connIndex=0 event=0 ip=2606:4700:a0::8
2026-09-04T03:03:24Z INF Retrying connection in up to 1m4s connIndex=0 event=0 ip=2606:4700:a0::8
2026-09-04T03:03:26Z INF Tunnel connection curve preferences: [X25519MLKEM768 CurveID(65074) CurveP256] connIndex=0 event=0 ip=2606:4700:a0::8
2026-09-04T03:03:26Z ERR failed to run the datagram handler error="context canceled" connIndex=0 event=0 ip=2606:4700:a0::8
2026-09-04T03:03:26Z ERR failed to serve tunnel connection error="control stream encountered a failure while serving" connIndex=0 event=0 ip=2606:4700:a0::8
2026-09-04T03:03:26Z ERR Serve tunnel error error="control stream encountered a failure while serving" connIndex=0 event=0 ip=2606:4700:a0::8
2026-09-04T03:03:26Z INF Retrying connection in up to 1m4s connIndex=0 event=0 ip=2606:4700:a0::8
2026-09-04T03:03:52Z INF Tunnel connection curve preferences: [X25519MLKEM768 CurveID(65074) CurveP256] connIndex=0 event=0 ip=2606:4700:a0::8
2026-09-04T03:03:52Z ERR failed to run the datagram handler error="context canceled" connIndex=0 event=0 ip=2606:4700:a0::8
2026-09-04T03:03:52Z ERR failed to serve tunnel connection error="control stream encountered a failure while serving" connIndex=0 event=0 ip=2606:4700:a0::8
2026-09-04T03:03:52Z ERR Serve tunnel error error="control stream encountered a failure while serving" connIndex=0 event=0 ip=2606:4700:a0::8
2026-09-04T03:03:52Z INF Retrying connection in up to 1m4s connIndex=0 event=0 ip=2606:4700:a0::8
2026-09-04T03:04:17Z INF Tunnel connection curve preferences: [X25519MLKEM768 CurveID(65074) CurveP256] connIndex=0 event=0 ip=2606:4700:a0::8
2026-09-04T03:04:17Z ERR failed to run the datagram handler error="context canceled" connIndex=0 event=0 ip=2606:4700:a0::8
2026-09-04T03:04:17Z ERR failed to serve tunnel connection error="control stream encountered a failure while serving" connIndex=0 event=0 ip=2606:4700:a0::8
2026-09-04T03:04:17Z ERR Serve tunnel error error="control stream encountered a failure while serving" connIndex=0 event=0 ip=2606:4700:a0::8
2026-09-04T03:04:17Z INF Retrying connection in up to 1m4s connIndex=0 event=0 ip=2606:4700:a0::8
2026-09-04T03:04:43Z INF Tunnel connection curve preferences: [X25519MLKEM768 CurveID(65074) CurveP256] connIndex=0 event=0 ip=2606:4700:a0::8
2026-09-04T03:04:43Z ERR failed to run the datagram handler error="context canceled" connIndex=0 event=0 ip=2606:4700:a0::8
2026-09-04T03:04:43Z ERR failed to serve tunnel connection error="control stream encountered a failure while serving" connIndex=0 event=0 ip=2606:4700:a0::8
2026-09-04T03:04:43Z ERR Serve tunnel error error="control stream encountered a failure while serving" connIndex=0 event=0 ip=2606:4700:a0::8
2026-09-04T03:04:43Z INF Retrying connection in up to 1m4s connIndex=0 event=0 ip=2606:4700:a0::8
2026-09-04T03:04:57Z INF Tunnel connection curve preferences: [X25519MLKEM768 CurveID(65074) CurveP256] connIndex=0 event=0 ip=2606:4700:a0::8
2026-09-04T03:04:57Z ERR failed to run the datagram handler error="context canceled" connIndex=0 event=0 ip=2606:4700:a0::8
2026-09-04T03:04:57Z ERR failed to serve tunnel connection error="control stream encountered a failure while serving" connIndex=0 event=0 ip=2606:4700:a0::8
2026-09-04T03:04:57Z ERR Serve tunnel error error="control stream encountered a failure while serving" connIndex=0 event=0 ip=2606:4700:a0::8
2026-09-04T03:04:57Z INF Retrying connection in up to 1m4s connIndex=0 event=0 ip=2606:4700:a0::8
2026-09-04T03:05:19Z INF Tunnel connection curve preferences: [X25519MLKEM768 CurveID(65074) CurveP256] connIndex=0 event=0 ip=2606:4700:a0::8
2026-09-04T03:05:19Z ERR failed to run the datagram handler error="context canceled" connIndex=0 event=0 ip=2606:4700:a0::8
2026-09-04T03:05:19Z ERR failed to serve tunnel connection error="control stream encountered a failure while serving" connIndex=0 event=0 ip=2606:4700:a0::8
2026-09-04T03:05:19Z ERR Serve tunnel error error="control stream encountered a failure while serving" connIndex=0 event=0 ip=2606:4700:a0::8
2026-09-04T03:05:19Z INF Retrying connection in up to 1m4s connIndex=0 event=0 ip=2606:4700:a0::8
2026-09-04T03:05:27Z INF Tunnel connection curve preferences: [X25519MLKEM768 CurveID(65074) CurveP256] connIndex=0 event=0 ip=2606:4700:a0::8
2026-09-04T03:05:27Z ERR failed to run the datagram handler error="context canceled" connIndex=0 event=0 ip=2606:4700:a0::8
2026-09-04T03:05:27Z ERR failed to serve tunnel connection error="control stream encountered a failure while serving" connIndex=0 event=0 ip=2606:4700:a0::8
2026-09-04T03:05:27Z ERR Serve tunnel error error="control stream encountered a failure while serving" connIndex=0 event=0 ip=2606:4700:a0::8
2026-09-04T03:05:27Z INF Retrying connection in up to 1m4s connIndex=0 event=0 ip=2606:4700:a0::8
2026-09-04T03:05:33Z INF Tunnel connection curve preferences: [X25519MLKEM768 CurveID(65074) CurveP256] connIndex=0 event=0 ip=2606:4700:a0::8
2026-09-04T03:05:33Z ERR failed to run the datagram handler error="context canceled" connIndex=0 event=0 ip=2606:4700:a0::8
2026-09-04T03:05:33Z ERR failed to serve tunnel connection error="control stream encountered a failure while serving" connIndex=0 event=0 ip=2606:4700:a0::8
2026-09-04T03:05:33Z ERR Serve tunnel error error="control stream encountered a failure while serving" connIndex=0 event=0 ip=2606:4700:a0::8
2026-09-04T03:05:33Z INF Retrying connection in up to 1m4s connIndex=0 event=0 ip=2606:4700:a0::8
2026-09-04T03:05:36Z INF Tunnel connection curve preferences: [X25519MLKEM768 CurveID(65074) CurveP256] connIndex=0 event=0 ip=2606:4700:a0::8
2026-09-04T03:05:36Z ERR failed to run the datagram handler error="context canceled" connIndex=0 event=0 ip=2606:4700:a0::8
2026-09-04T03:05:36Z ERR failed to serve tunnel connection error="control stream encountered a failure while serving" connIndex=0 event=0 ip=2606:4700:a0::8
2026-09-04T03:05:36Z ERR Serve tunnel error error="control stream encountered a failure while serving" connIndex=0 event=0 ip=2606:4700:a0::8
2026-09-04T03:05:36Z INF Retrying connection in up to 1m4s connIndex=0 event=0 ip=2606:4700:a0::8
2026-09-04T03:05:36Z INF Tunnel connection curve preferences: [X25519MLKEM768 CurveID(65074) CurveP256] connIndex=0 event=0 ip=2606:4700:a0::8
2026-09-04T03:05:36Z ERR failed to run the datagram handler error="context canceled" connIndex=0 event=0 ip=2606:4700:a0::8
2026-09-04T03:05:36Z ERR failed to serve tunnel connection error="control stream encountered a failure while serving" connIndex=0 event=0 ip=2606:4700:a0::8
2026-09-04T03:05:36Z ERR Serve tunnel error error="control stream encountered a failure while serving" connIndex=0 event=0 ip=2606:4700:a0::8
2026-09-04T03:05:36Z INF Retrying connection in up to 1m4s connIndex=0 event=0 ip=2606:4700:a0::8
2026-09-04T03:05:55Z INF Tunnel connection curve preferences: [X25519MLKEM768 CurveID(65074) CurveP256] connIndex=0 event=0 ip=2606:4700:a0::8
2026-09-04T03:05:55Z ERR failed to run the datagram handler error="context canceled" connIndex=0 event=0 ip=2606:4700:a0::8
2026-09-04T03:05:55Z ERR failed to serve tunnel connection error="control stream encountered a failure while serving" connIndex=0 event=0 ip=2606:4700:a0::8
2026-09-04T03:05:55Z ERR Serve tunnel error error="control stream encountered a failure while serving" connIndex=0 event=0 ip=2606:4700:a0::8
2026-09-04T03:05:55Z INF Retrying connection in up to 1m4s connIndex=0 event=0 ip=2606:4700:a0::8
2026-09-04T03:05:59Z INF Tunnel connection curve preferences: [X25519MLKEM768 CurveID(65074) CurveP256] connIndex=0 event=0 ip=2606:4700:a0::8
2026-09-04T03:05:59Z ERR failed to run the datagram handler error="context canceled" connIndex=0 event=0 ip=2606:4700:a0::8
2026-09-04T03:05:59Z ERR failed to serve tunnel connection error="control stream encountered a failure while serving" connIndex=0 event=0 ip=2606:4700:a0::8
2026-09-04T03:05:59Z ERR Serve tunnel error error="control stream encountered a failure while serving" connIndex=0 event=0 ip=2606:4700:a0::8
2026-09-04T03:05:59Z INF Retrying connection in up to 1m4s connIndex=0 event=0 ip=2606:4700:a0::8
2026-09-04T03:06:02Z INF Tunnel connection curve preferences: [X25519MLKEM768 CurveID(65074) CurveP256] connIndex=0 event=0 ip=2606:4700:a0::8
2026-09-04T03:06:03Z ERR failed to run the datagram handler error="context canceled" connIndex=0 event=0 ip=2606:4700:a0::8
2026-09-04T03:06:03Z ERR failed to serve tunnel connection error="control stream encountered a failure while serving" connIndex=0 event=0 ip=2606:4700:a0::8
2026-09-04T03:06:03Z ERR Serve tunnel error error="control stream encountered a failure while serving" connIndex=0 event=0 ip=2606:4700:a0::8
2026-09-04T03:06:03Z INF Retrying connection in up to 1m4s connIndex=0 event=0 ip=2606:4700:a0::8
2026-09-04T03:06:19Z INF Tunnel connection curve preferences: [X25519MLKEM768 CurveID(65074) CurveP256] connIndex=0 event=0 ip=2606:4700:a0::8
2026-09-04T03:06:19Z ERR failed to run the datagram handler error="context canceled" connIndex=0 event=0 ip=2606:4700:a0::8
2026-09-04T03:06:19Z ERR failed to serve tunnel connection error="control stream encountered a failure while serving" connIndex=0 event=0 ip=2606:4700:a0::8
2026-09-04T03:06:19Z ERR Serve tunnel error error="control stream encountered a failure while serving" connIndex=0 event=0 ip=2606:4700:a0::8
2026-09-04T03:06:19Z INF Retrying connection in up to 1m4s connIndex=0 event=0 ip=2606:4700:a0::8
2026-09-04T03:06:31Z INF Tunnel connection curve preferences: [X25519MLKEM768 CurveID(65074) CurveP256] connIndex=0 event=0 ip=2606:4700:a0::8
2026-09-04T03:06:31Z ERR failed to run the datagram handler error="context canceled" connIndex=0 event=0 ip=2606:4700:a0::8
2026-09-04T03:06:31Z ERR failed to serve tunnel connection error="control stream encountered a failure while serving" connIndex=0 event=0 ip=2606:4700:a0::8
2026-09-04T03:06:31Z ERR Serve tunnel error error="control stream encountered a failure while serving" connIndex=0 event=0 ip=2606:4700:a0::8
2026-09-04T03:06:31Z INF Retrying connection in up to 1m4s connIndex=0 event=0 ip=2606:4700:a0::8
2026-09-04T03:06:35Z INF Tunnel connection curve preferences: [X25519MLKEM768 CurveID(65074) CurveP256] connIndex=0 event=0 ip=2606:4700:a0::8
2026-09-04T03:06:35Z ERR failed to run the datagram handler error="context canceled" connIndex=0 event=0 ip=2606:4700:a0::8
2026-09-04T03:06:35Z ERR failed to serve tunnel connection error="control stream encountered a failure while serving" connIndex=0 event=0 ip=2606:4700:a0::8
2026-09-04T03:06:35Z ERR Serve tunnel error error="control stream encountered a failure while serving" connIndex=0 event=0 ip=2606:4700:a0::8
2026-09-04T03:06:35Z INF Retrying connection in up to 1m4s connIndex=0 event=0 ip=2606:4700:a0::8
2026-09-04T03:07:02Z INF Tunnel connection curve preferences: [X25519MLKEM768 CurveID(65074) CurveP256] connIndex=0 event=0 ip=2606:4700:a0::8
2026-09-04T03:07:02Z ERR failed to run the datagram handler error="context canceled" connIndex=0 event=0 ip=2606:4700:a0::8
2026-09-04T03:07:02Z ERR failed to serve tunnel connection error="control stream encountered a failure while serving" connIndex=0 event=0 ip=2606:4700:a0::8
2026-09-04T03:07:02Z ERR Serve tunnel error error="control stream encountered a failure while serving" connIndex=0 event=0 ip=2606:4700:a0::8
2026-09-04T03:07:02Z INF Retrying connection in up to 1m4s connIndex=0 event=0 ip=2606:4700:a0::8
2026-09-04T03:07:20Z INF Tunnel connection curve preferences: [X25519MLKEM768 CurveID(65074) CurveP256] connIndex=0 event=0 ip=2606:4700:a0::8
2026-09-04T03:07:20Z ERR failed to run the datagram handler error="context canceled" connIndex=0 event=0 ip=2606:4700:a0::8
2026-09-04T03:07:20Z ERR failed to serve tunnel connection error="control stream encountered a failure while serving" connIndex=0 event=0 ip=2606:4700:a0::8
2026-09-04T03:07:20Z ERR Serve tunnel error error="control stream encountered a failure while serving" connIndex=0 event=0 ip=2606:4700:a0::8
2026-09-04T03:07:20Z INF Retrying connection in up to 1m4s connIndex=0 event=0 ip=2606:4700:a0::8
2026-09-04T03:07:43Z INF Tunnel connection curve preferences: [X25519MLKEM768 CurveID(65074) CurveP256] connIndex=0 event=0 ip=2606:4700:a0::8
2026-09-04T03:07:43Z ERR failed to run the datagram handler error="context canceled" connIndex=0 event=0 ip=2606:4700:a0::8
2026-09-04T03:07:43Z ERR failed to serve tunnel connection error="control stream encountered a failure while serving" connIndex=0 event=0 ip=2606:4700:a0::8
2026-09-04T03:07:43Z ERR Serve tunnel error error="control stream encountered a failure while serving" connIndex=0 event=0 ip=2606:4700:a0::8
2026-09-04T03:07:43Z INF Retrying connection in up to 1m4s connIndex=0 event=0 ip=2606:4700:a0::8
2026-09-04T03:08:08Z INF Tunnel connection curve preferences: [X25519MLKEM768 CurveID(65074) CurveP256] connIndex=0 event=0 ip=2606:4700:a0::8
2026-09-04T03:08:08Z ERR failed to run the datagram handler error="context canceled" connIndex=0 event=0 ip=2606:4700:a0::8
2026-09-04T03:08:08Z ERR failed to serve tunnel connection error="control stream encountered a failure while serving" connIndex=0 event=0 ip=2606:4700:a0::8
2026-09-04T03:08:08Z ERR Serve tunnel error error="control stream encountered a failure while serving" connIndex=0 event=0 ip=2606:4700:a0::8
2026-09-04T03:08:08Z INF Retrying connection in up to 1m4s connIndex=0 event=0 ip=2606:4700:a0::8
2026-09-04T03:08:30Z INF Tunnel connection curve preferences: [X25519MLKEM768 CurveID(65074) CurveP256] connIndex=0 event=0 ip=2606:4700:a0::8
2026-09-04T03:08:31Z ERR failed to run the datagram handler error="context canceled" connIndex=0 event=0 ip=2606:4700:a0::8
2026-09-04T03:08:31Z ERR failed to serve tunnel connection error="control stream encountered a failure while serving" connIndex=0 event=0 ip=2606:4700:a0::8
2026-09-04T03:08:31Z ERR Serve tunnel error error="control stream encountered a failure while serving" connIndex=0 event=0 ip=2606:4700:a0::8
2026-09-04T03:08:31Z INF Retrying connection in up to 1m4s connIndex=0 event=0 ip=2606:4700:a0::8
2026-09-04T03:08:53Z INF Tunnel connection curve preferences: [X25519MLKEM768 CurveID(65074) CurveP256] connIndex=0 event=0 ip=2606:4700:a0::8
2026-09-04T03:08:53Z ERR failed to run the datagram handler error="context canceled" connIndex=0 event=0 ip=2606:4700:a0::8
2026-09-04T03:08:53Z ERR failed to serve tunnel connection error="control stream encountered a failure while serving" connIndex=0 event=0 ip=2606:4700:a0::8
2026-09-04T03:08:53Z ERR Serve tunnel error error="control stream encountered a failure while serving" connIndex=0 event=0 ip=2606:4700:a0::8
2026-09-04T03:08:53Z INF Retrying connection in up to 1m4s connIndex=0 event=0 ip=2606:4700:a0::8
2026-09-04T03:09:08Z INF Tunnel connection curve preferences: [X25519MLKEM768 CurveID(65074) CurveP256] connIndex=0 event=0 ip=2606:4700:a0::8
2026-09-04T03:09:08Z ERR failed to run the datagram handler error="context canceled" connIndex=0 event=0 ip=2606:4700:a0::8
2026-09-04T03:09:08Z ERR failed to serve tunnel connection error="control stream encountered a failure while serving" connIndex=0 event=0 ip=2606:4700:a0::8
2026-09-04T03:09:08Z ERR Serve tunnel error error="control stream encountered a failure while serving" connIndex=0 event=0 ip=2606:4700:a0::8
2026-09-04T03:09:08Z INF Retrying connection in up to 1m4s connIndex=0 event=0 ip=2606:4700:a0::8
2026-09-04T03:09:35Z INF Tunnel connection curve preferences: [X25519MLKEM768 CurveID(65074) CurveP256] connIndex=0 event=0 ip=2606:4700:a0::8
2026-09-04T03:09:35Z ERR failed to run the datagram handler error="context canceled" connIndex=0 event=0 ip=2606:4700:a0::8
2026-09-04T03:09:35Z ERR failed to serve tunnel connection error="control stream encountered a failure while serving" connIndex=0 event=0 ip=2606:4700:a0::8
2026-09-04T03:09:35Z ERR Serve tunnel error error="control stream encountered a failure while serving" connIndex=0 event=0 ip=2606:4700:a0::8
2026-09-04T03:09:35Z INF Retrying connection in up to 1m4s connIndex=0 event=0 ip=2606:4700:a0::8
2026-09-04T03:09:50Z INF Tunnel connection curve preferences: [X25519MLKEM768 CurveID(65074) CurveP256] connIndex=0 event=0 ip=2606:4700:a0::8
2026-09-04T03:09:50Z ERR failed to run the datagram handler error="context canceled" connIndex=0 event=0 ip=2606:4700:a0::8
2026-09-04T03:09:50Z ERR failed to serve tunnel connection error="control stream encountered a failure while serving" connIndex=0 event=0 ip=2606:4700:a0::8
2026-09-04T03:09:50Z ERR Serve tunnel error error="control stream encountered a failure while serving" connIndex=0 event=0 ip=2606:4700:a0::8
2026-09-04T03:09:50Z INF Retrying connection in up to 1m4s connIndex=0 event=0 ip=2606:4700:a0::8
2026-09-04T03:10:10Z INF Tunnel connection curve preferences: [X25519MLKEM768 CurveID(65074) CurveP256] connIndex=0 event=0 ip=2606:4700:a0::8
2026-09-04T03:10:10Z ERR failed to run the datagram handler error="context canceled" connIndex=0 event=0 ip=2606:4700:a0::8
2026-09-04T03:10:10Z ERR failed to serve tunnel connection error="control stream encountered a failure while serving" connIndex=0 event=0 ip=2606:4700:a0::8
2026-09-04T03:10:10Z ERR Serve tunnel error error="control stream encountered a failure while serving" connIndex=0 event=0 ip=2606:4700:a0::8
2026-09-04T03:10:10Z INF Retrying connection in up to 1m4s connIndex=0 event=0 ip=2606:4700:a0::8
2026-09-04T03:10:23Z INF Tunnel connection curve preferences: [X25519MLKEM768 CurveID(65074) CurveP256] connIndex=0 event=0 ip=2606:4700:a0::8
2026-09-04T03:10:23Z ERR failed to run the datagram handler error="context canceled" connIndex=0 event=0 ip=2606:4700:a0::8
2026-09-04T03:10:23Z ERR failed to serve tunnel connection error="control stream encountered a failure while serving" connIndex=0 event=0 ip=2606:4700:a0::8
2026-09-04T03:10:23Z ERR Serve tunnel error error="control stream encountered a failure while serving" connIndex=0 event=0 ip=2606:4700:a0::8
2026-09-04T03:10:23Z INF Retrying connection in up to 1m4s connIndex=0 event=0 ip=2606:4700:a0::8
2026-09-04T03:10:51Z INF Tunnel connection curve preferences: [X25519MLKEM768 CurveID(65074) CurveP256] connIndex=0 event=0 ip=2606:4700:a0::8
2026-09-04T03:10:51Z ERR failed to run the datagram handler error="context canceled" connIndex=0 event=0 ip=2606:4700:a0::8
2026-09-04T03:10:51Z ERR failed to serve tunnel connection error="control stream encountered a failure while serving" connIndex=0 event=0 ip=2606:4700:a0::8
2026-09-04T03:10:51Z ERR Serve tunnel error error="control stream encountered a failure while serving" connIndex=0 event=0 ip=2606:4700:a0::8
2026-09-04T03:10:51Z INF Retrying connection in up to 1m4s connIndex=0 event=0 ip=2606:4700:a0::8
2026-09-04T03:11:04Z INF Tunnel connection curve preferences: [X25519MLKEM768 CurveID(65074) CurveP256] connIndex=0 event=0 ip=2606:4700:a0::8
2026-09-04T03:11:04Z ERR failed to run the datagram handler error="context canceled" connIndex=0 event=0 ip=2606:4700:a0::8
2026-09-04T03:11:04Z ERR failed to serve tunnel connection error="control stream encountered a failure while serving" connIndex=0 event=0 ip=2606:4700:a0::8
2026-09-04T03:11:04Z ERR Serve tunnel error error="control stream encountered a failure while serving" connIndex=0 event=0 ip=2606:4700:a0::8
2026-09-04T03:11:04Z INF Retrying connection in up to 1m4s connIndex=0 event=0 ip=2606:4700:a0::8
2026-09-04T03:11:34Z INF Tunnel connection curve preferences: [X25519MLKEM768 CurveID(65074) CurveP256] connIndex=0 event=0 ip=2606:4700:a0::8
2026-09-04T03:11:34Z ERR failed to run the datagram handler error="context canceled" connIndex=0 event=0 ip=2606:4700:a0::8
2026-09-04T03:11:34Z ERR failed to serve tunnel connection error="control stream encountered a failure while serving" connIndex=0 event=0 ip=2606:4700:a0::8
2026-09-04T03:11:34Z ERR Serve tunnel error error="control stream encountered a failure while serving" connIndex=0 event=0 ip=2606:4700:a0::8
2026-09-04T03:11:34Z INF Retrying connection in up to 1m4s connIndex=0 event=0 ip=2606:4700:a0::8
2026-09-04T03:12:02Z INF Tunnel connection curve preferences: [X25519MLKEM768 CurveID(65074) CurveP256] connIndex=0 event=0 ip=2606:4700:a0::8
2026-09-04T03:12:02Z ERR failed to run the datagram handler error="context canceled" connIndex=0 event=0 ip=2606:4700:a0::8
2026-09-04T03:12:02Z ERR failed to serve tunnel connection error="control stream encountered a failure while serving" connIndex=0 event=0 ip=2606:4700:a0::8
2026-09-04T03:12:02Z ERR Serve tunnel error error="control stream encountered a failure while serving" connIndex=0 event=0 ip=2606:4700:a0::8
2026-09-04T03:12:02Z INF Retrying connection in up to 1m4s connIndex=0 event=0 ip=2606:4700:a0::8
2026-09-04T03:12:05Z INF Tunnel connection curve preferences: [X25519MLKEM768 CurveID(65074) CurveP256] connIndex=0 event=0 ip=2606:4700:a0::8
2026-09-04T03:12:05Z ERR failed to run the datagram handler error="context canceled" connIndex=0 event=0 ip=2606:4700:a0::8
2026-09-04T03:12:05Z ERR failed to serve tunnel connection error="control stream encountered a failure while serving" connIndex=0 event=0 ip=2606:4700:a0::8
2026-09-04T03:12:05Z ERR Serve tunnel error error="control stream encountered a failure while serving" connIndex=0 event=0 ip=2606:4700:a0::8
2026-09-04T03:12:05Z INF Retrying connection in up to 1m4s connIndex=0 event=0 ip=2606:4700:a0::8
2026-09-04T03:12:25Z INF Tunnel connection curve preferences: [X25519MLKEM768 CurveID(65074) CurveP256] connIndex=0 event=0 ip=2606:4700:a0::8
2026-09-04T03:12:25Z ERR failed to run the datagram handler error="context canceled" connIndex=0 event=0 ip=2606:4700:a0::8
2026-09-04T03:12:25Z ERR failed to serve tunnel connection error="control stream encountered a failure while serving" connIndex=0 event=0 ip=2606:4700:a0::8
2026-09-04T03:12:25Z ERR Serve tunnel error error="control stream encountered a failure while serving" connIndex=0 event=0 ip=2606:4700:a0::8
2026-09-04T03:12:25Z INF Retrying connection in up to 1m4s connIndex=0 event=0 ip=2606:4700:a0::8
2026-09-04T03:12:35Z INF Tunnel connection curve preferences: [X25519MLKEM768 CurveID(65074) CurveP256] connIndex=0 event=0 ip=2606:4700:a0::8
2026-09-04T03:12:36Z ERR failed to run the datagram handler error="context canceled" connIndex=0 event=0 ip=2606:4700:a0::8
2026-09-04T03:12:36Z ERR failed to serve tunnel connection error="control stream encountered a failure while serving" connIndex=0 event=0 ip=2606:4700:a0::8
2026-09-04T03:12:36Z ERR Serve tunnel error error="control stream encountered a failure while serving" connIndex=0 event=0 ip=2606:4700:a0::8
2026-09-04T03:12:36Z INF Retrying connection in up to 1m4s connIndex=0 event=0 ip=2606:4700:a0::8
2026-09-04T03:12:36Z INF Tunnel connection curve preferences: [X25519MLKEM768 CurveID(65074) CurveP256] connIndex=0 event=0 ip=2606:4700:a0::8
2026-09-04T03:12:36Z ERR failed to run the datagram handler error="context canceled" connIndex=0 event=0 ip=2606:4700:a0::8
2026-09-04T03:12:36Z ERR failed to serve tunnel connection error="control stream encountered a failure while serving" connIndex=0 event=0 ip=2606:4700:a0::8
2026-09-04T03:12:36Z ERR Serve tunnel error error="control stream encountered a failure while serving" connIndex=0 event=0 ip=2606:4700:a0::8
2026-09-04T03:12:36Z INF Retrying connection in up to 1m4s connIndex=0 event=0 ip=2606:4700:a0::8
2026-09-04T03:13:05Z INF Tunnel connection curve preferences: [X25519MLKEM768 CurveID(65074) CurveP256] connIndex=0 event=0 ip=2606:4700:a0::8
2026-09-04T03:13:05Z ERR failed to run the datagram handler error="context canceled" connIndex=0 event=0 ip=2606:4700:a0::8
2026-09-04T03:13:05Z ERR failed to serve tunnel connection error="control stream encountered a failure while serving" connIndex=0 event=0 ip=2606:4700:a0::8
2026-09-04T03:13:05Z ERR Serve tunnel error error="control stream encountered a failure while serving" connIndex=0 event=0 ip=2606:4700:a0::8
2026-09-04T03:13:05Z INF Retrying connection in up to 1m4s connIndex=0 event=0 ip=2606:4700:a0::8
2026-09-04T03:13:19Z INF Tunnel connection curve preferences: [X25519MLKEM768 CurveID(65074) CurveP256] connIndex=0 event=0 ip=2606:4700:a0::8
2026-09-04T03:13:19Z ERR failed to run the datagram handler error="context canceled" connIndex=0 event=0 ip=2606:4700:a0::8
2026-09-04T03:13:19Z ERR failed to serve tunnel connection error="control stream encountered a failure while serving" connIndex=0 event=0 ip=2606:4700:a0::8
2026-09-04T03:13:19Z ERR Serve tunnel error error="control stream encountered a failure while serving" connIndex=0 event=0 ip=2606:4700:a0::8
2026-09-04T03:13:19Z INF Retrying connection in up to 1m4s connIndex=0 event=0 ip=2606:4700:a0::8
2026-09-04T03:13:34Z INF Tunnel connection curve preferences: [X25519MLKEM768 CurveID(65074) CurveP256] connIndex=0 event=0 ip=2606:4700:a0::8
2026-09-04T03:13:34Z ERR failed to run the datagram handler error="context canceled" connIndex=0 event=0 ip=2606:4700:a0::8
2026-09-04T03:13:34Z ERR failed to serve tunnel connection error="control stream encountered a failure while serving" connIndex=0 event=0 ip=2606:4700:a0::8
2026-09-04T03:13:34Z ERR Serve tunnel error error="control stream encountered a failure while serving" connIndex=0 event=0 ip=2606:4700:a0::8
2026-09-04T03:13:34Z INF Retrying connection in up to 1m4s connIndex=0 event=0 ip=2606:4700:a0::8
2026-09-04T03:13:40Z INF Tunnel connection curve preferences: [X25519MLKEM768 CurveID(65074) CurveP256] connIndex=0 event=0 ip=2606:4700:a0::8
2026-09-04T03:13:40Z ERR failed to run the datagram handler error="context canceled" connIndex=0 event=0 ip=2606:4700:a0::8
2026-09-04T03:13:40Z ERR failed to serve tunnel connection error="control stream encountered a failure while serving" connIndex=0 event=0 ip=2606:4700:a0::8
2026-09-04T03:13:40Z ERR Serve tunnel error error="control stream encountered a failure while serving" connIndex=0 event=0 ip=2606:4700:a0::8
2026-09-04T03:13:40Z INF Retrying connection in up to 1m4s connIndex=0 event=0 ip=2606:4700:a0::8
2026-09-04T03:13:49Z INF Tunnel connection curve preferences: [X25519MLKEM768 CurveID(65074) CurveP256] connIndex=0 event=0 ip=2606:4700:a0::8
2026-09-04T03:13:49Z ERR failed to run the datagram handler error="context canceled" connIndex=0 event=0 ip=2606:4700:a0::8
2026-09-04T03:13:49Z ERR failed to serve tunnel connection error="control stream encountered a failure while serving" connIndex=0 event=0 ip=2606:4700:a0::8
2026-09-04T03:13:49Z ERR Serve tunnel error error="control stream encountered a failure while serving" connIndex=0 event=0 ip=2606:4700:a0::8
2026-09-04T03:13:49Z INF Retrying connection in up to 1m4s connIndex=0 event=0 ip=2606:4700:a0::8
2026-09-04T03:14:07Z INF Tunnel connection curve preferences: [X25519MLKEM768 CurveID(65074) CurveP256] connIndex=0 event=0 ip=2606:4700:a0::8
2026-09-04T03:14:07Z ERR failed to run the datagram handler error="context canceled" connIndex=0 event=0 ip=2606:4700:a0::8
2026-09-04T03:14:07Z ERR failed to serve tunnel connection error="control stream encountered a failure while serving" connIndex=0 event=0 ip=2606:4700:a0::8
2026-09-04T03:14:07Z ERR Serve tunnel error error="control stream encountered a failure while serving" connIndex=0 event=0 ip=2606:4700:a0::8
2026-09-04T03:14:07Z INF Retrying connection in up to 1m4s connIndex=0 event=0 ip=2606:4700:a0::8
2026-09-04T03:14:13Z INF Tunnel connection curve preferences: [X25519MLKEM768 CurveID(65074) CurveP256] connIndex=0 event=0 ip=2606:4700:a0::8
2026-09-04T03:14:13Z ERR failed to run the datagram handler error="context canceled" connIndex=0 event=0 ip=2606:4700:a0::8
2026-09-04T03:14:13Z ERR failed to serve tunnel connection error="control stream encountered a failure while serving" connIndex=0 event=0 ip=2606:4700:a0::8
2026-09-04T03:14:13Z ERR Serve tunnel error error="control stream encountered a failure while serving" connIndex=0 event=0 ip=2606:4700:a0::8
2026-09-04T03:14:13Z INF Retrying connection in up to 1m4s connIndex=0 event=0 ip=2606:4700:a0::8
2026-09-04T03:14:20Z INF Tunnel connection curve preferences: [X25519MLKEM768 CurveID(65074) CurveP256] connIndex=0 event=0 ip=2606:4700:a0::8
2026-09-04T03:14:20Z ERR failed to run the datagram handler error="context canceled" connIndex=0 event=0 ip=2606:4700:a0::8
2026-09-04T03:14:20Z ERR failed to serve tunnel connection error="control stream encountered a failure while serving" connIndex=0 event=0 ip=2606:4700:a0::8
2026-09-04T03:14:20Z ERR Serve tunnel error error="control stream encountered a failure while serving" connIndex=0 event=0 ip=2606:4700:a0::8
2026-09-04T03:14:20Z INF Retrying connection in up to 1m4s connIndex=0 event=0 ip=2606:4700:a0::8
2026-09-04T03:14:29Z INF Tunnel connection curve preferences: [X25519MLKEM768 CurveID(65074) CurveP256] connIndex=0 event=0 ip=2606:4700:a0::8
2026-09-04T03:14:29Z ERR failed to run the datagram handler error="context canceled" connIndex=0 event=0 ip=2606:4700:a0::8
2026-09-04T03:14:29Z ERR failed to serve tunnel connection error="control stream encountered a failure while serving" connIndex=0 event=0 ip=2606:4700:a0::8
2026-09-04T03:14:29Z ERR Serve tunnel error error="control stream encountered a failure while serving" connIndex=0 event=0 ip=2606:4700:a0::8
2026-09-04T03:14:29Z INF Retrying connection in up to 1m4s connIndex=0 event=0 ip=2606:4700:a0::8
2026-09-04T03:14:43Z INF Tunnel connection curve preferences: [X25519MLKEM768 CurveID(65074) CurveP256] connIndex=0 event=0 ip=2606:4700:a0::8
2026-09-04T03:14:43Z ERR failed to run the datagram handler error="context canceled" connIndex=0 event=0 ip=2606:4700:a0::8
2026-09-04T03:14:43Z ERR failed to serve tunnel connection error="control stream encountered a failure while serving" connIndex=0 event=0 ip=2606:4700:a0::8
2026-09-04T03:14:43Z ERR Serve tunnel error error="control stream encountered a failure while serving" connIndex=0 event=0 ip=2606:4700:a0::8
2026-09-04T03:14:43Z INF Retrying connection in up to 1m4s connIndex=0 event=0 ip=2606:4700:a0::8
2026-09-04T03:14:48Z INF Tunnel connection curve preferences: [X25519MLKEM768 CurveID(65074) CurveP256] connIndex=0 event=0 ip=2606:4700:a0::8
2026-09-04T03:14:49Z ERR failed to run the datagram handler error="context canceled" connIndex=0 event=0 ip=2606:4700:a0::8
2026-09-04T03:14:49Z ERR failed to serve tunnel connection error="control stream encountered a failure while serving" connIndex=0 event=0 ip=2606:4700:a0::8
2026-09-04T03:14:49Z ERR Serve tunnel error error="control stream encountered a failure while serving" connIndex=0 event=0 ip=2606:4700:a0::8
2026-09-04T03:14:49Z INF Retrying connection in up to 1m4s connIndex=0 event=0 ip=2606:4700:a0::8
2026-09-04T03:14:54Z INF Tunnel connection curve preferences: [X25519MLKEM768 CurveID(65074) CurveP256] connIndex=0 event=0 ip=2606:4700:a0::8
2026-09-04T03:14:55Z ERR failed to run the datagram handler error="context canceled" connIndex=0 event=0 ip=2606:4700:a0::8
2026-09-04T03:14:55Z ERR failed to serve tunnel connection error="control stream encountered a failure while serving" connIndex=0 event=0 ip=2606:4700:a0::8
2026-09-04T03:14:55Z ERR Serve tunnel error error="control stream encountered a failure while serving" connIndex=0 event=0 ip=2606:4700:a0::8
2026-09-04T03:14:55Z INF Retrying connection in up to 1m4s connIndex=0 event=0 ip=2606:4700:a0::8
2026-09-04T03:15:21Z INF Tunnel connection curve preferences: [X25519MLKEM768 CurveID(65074) CurveP256] connIndex=0 event=0 ip=2606:4700:a0::8
2026-09-04T03:15:21Z ERR failed to run the datagram handler error="context canceled" connIndex=0 event=0 ip=2606:4700:a0::8
2026-09-04T03:15:22Z ERR failed to serve tunnel connection error="control stream encountered a failure while serving" connIndex=0 event=0 ip=2606:4700:a0::8
2026-09-04T03:15:22Z ERR Serve tunnel error error="control stream encountered a failure while serving" connIndex=0 event=0 ip=2606:4700:a0::8
2026-09-04T03:15:22Z INF Retrying connection in up to 1m4s connIndex=0 event=0 ip=2606:4700:a0::8
2026-09-04T03:15:41Z INF Tunnel connection curve preferences: [X25519MLKEM768 CurveID(65074) CurveP256] connIndex=0 event=0 ip=2606:4700:a0::8
2026-09-04T03:15:41Z ERR failed to run the datagram handler error="context canceled" connIndex=0 event=0 ip=2606:4700:a0::8
2026-09-04T03:15:41Z ERR failed to serve tunnel connection error="control stream encountered a failure while serving" connIndex=0 event=0 ip=2606:4700:a0::8
2026-09-04T03:15:41Z ERR Serve tunnel error error="control stream encountered a failure while serving" connIndex=0 event=0 ip=2606:4700:a0::8
2026-09-04T03:15:41Z INF Retrying connection in up to 1m4s connIndex=0 event=0 ip=2606:4700:a0::8
2026-09-04T03:16:06Z INF Tunnel connection curve preferences: [X25519MLKEM768 CurveID(65074) CurveP256] connIndex=0 event=0 ip=2606:4700:a0::8
2026-09-04T03:16:06Z ERR failed to run the datagram handler error="context canceled" connIndex=0 event=0 ip=2606:4700:a0::8
2026-09-04T03:16:06Z ERR failed to serve tunnel connection error="control stream encountered a failure while serving" connIndex=0 event=0 ip=2606:4700:a0::8
2026-09-04T03:16:06Z ERR Serve tunnel error error="control stream encountered a failure while serving" connIndex=0 event=0 ip=2606:4700:a0::8
2026-09-04T03:16:06Z INF Retrying connection in up to 1m4s connIndex=0 event=0 ip=2606:4700:a0::8
2026-09-04T03:16:33Z INF Tunnel connection curve preferences: [X25519MLKEM768 CurveID(65074) CurveP256] connIndex=0 event=0 ip=2606:4700:a0::8
2026-09-04T03:16:33Z ERR failed to run the datagram handler error="context canceled" connIndex=0 event=0 ip=2606:4700:a0::8
2026-09-04T03:16:33Z ERR failed to serve tunnel connection error="control stream encountered a failure while serving" connIndex=0 event=0 ip=2606:4700:a0::8
2026-09-04T03:16:33Z ERR Serve tunnel error error="control stream encountered a failure while serving" connIndex=0 event=0 ip=2606:4700:a0::8
2026-09-04T03:16:33Z INF Retrying connection in up to 1m4s connIndex=0 event=0 ip=2606:4700:a0::8
2026-09-04T03:16:51Z INF Tunnel connection curve preferences: [X25519MLKEM768 CurveID(65074) CurveP256] connIndex=0 event=0 ip=2606:4700:a0::8
2026-09-04T03:16:51Z ERR failed to run the datagram handler error="context canceled" connIndex=0 event=0 ip=2606:4700:a0::8
2026-09-04T03:16:51Z ERR failed to serve tunnel connection error="control stream encountered a failure while serving" connIndex=0 event=0 ip=2606:4700:a0::8
2026-09-04T03:16:51Z ERR Serve tunnel error error="control stream encountered a failure while serving" connIndex=0 event=0 ip=2606:4700:a0::8
2026-09-04T03:16:51Z INF Retrying connection in up to 1m4s connIndex=0 event=0 ip=2606:4700:a0::8
2026-09-04T03:16:57Z INF Tunnel connection curve preferences: [X25519MLKEM768 CurveID(65074) CurveP256] connIndex=0 event=0 ip=2606:4700:a0::8
2026-09-04T03:16:57Z ERR failed to run the datagram handler error="context canceled" connIndex=0 event=0 ip=2606:4700:a0::8
2026-09-04T03:16:57Z ERR failed to serve tunnel connection error="control stream encountered a failure while serving" connIndex=0 event=0 ip=2606:4700:a0::8
2026-09-04T03:16:57Z ERR Serve tunnel error error="control stream encountered a failure while serving" connIndex=0 event=0 ip=2606:4700:a0::8
2026-09-04T03:16:57Z INF Retrying connection in up to 1m4s connIndex=0 event=0 ip=2606:4700:a0::8
2026-09-04T03:17:18Z INF Tunnel connection curve preferences: [X25519MLKEM768 CurveID(65074) CurveP256] connIndex=0 event=0 ip=2606:4700:a0::8
2026-09-04T03:17:18Z ERR failed to run the datagram handler error="context canceled" connIndex=0 event=0 ip=2606:4700:a0::8
2026-09-04T03:17:18Z ERR failed to serve tunnel connection error="control stream encountered a failure while serving" connIndex=0 event=0 ip=2606:4700:a0::8
2026-09-04T03:17:18Z ERR Serve tunnel error error="control stream encountered a failure while serving" connIndex=0 event=0 ip=2606:4700:a0::8
2026-09-04T03:17:18Z INF Retrying connection in up to 1m4s connIndex=0 event=0 ip=2606:4700:a0::8
2026-09-04T03:17:49Z INF Tunnel connection curve preferences: [X25519MLKEM768 CurveID(65074) CurveP256] connIndex=0 event=0 ip=2606:4700:a0::8
2026-09-04T03:17:49Z ERR failed to run the datagram handler error="context canceled" connIndex=0 event=0 ip=2606:4700:a0::8
2026-09-04T03:17:49Z ERR failed to serve tunnel connection error="control stream encountered a failure while serving" connIndex=0 event=0 ip=2606:4700:a0::8
2026-09-04T03:17:49Z ERR Serve tunnel error error="control stream encountered a failure while serving" connIndex=0 event=0 ip=2606:4700:a0::8
2026-09-04T03:17:49Z INF Retrying connection in up to 1m4s connIndex=0 event=0 ip=2606:4700:a0::8
2026-09-04T03:17:50Z INF Tunnel connection curve preferences: [X25519MLKEM768 CurveID(65074) CurveP256] connIndex=0 event=0 ip=2606:4700:a0::8
2026-09-04T03:17:50Z ERR failed to run the datagram handler error="context canceled" connIndex=0 event=0 ip=2606:4700:a0::8
2026-09-04T03:17:50Z ERR failed to serve tunnel connection error="control stream encountered a failure while serving" connIndex=0 event=0 ip=2606:4700:a0::8
2026-09-04T03:17:50Z ERR Serve tunnel error error="control stream encountered a failure while serving" connIndex=0 event=0 ip=2606:4700:a0::8
2026-09-04T03:17:50Z INF Retrying connection in up to 1m4s connIndex=0 event=0 ip=2606:4700:a0::8
2026-09-04T03:18:00Z INF Tunnel connection curve preferences: [X25519MLKEM768 CurveID(65074) CurveP256] connIndex=0 event=0 ip=2606:4700:a0::8
2026-09-04T03:18:00Z ERR failed to run the datagram handler error="context canceled" connIndex=0 event=0 ip=2606:4700:a0::8
2026-09-04T03:18:00Z ERR failed to serve tunnel connection error="control stream encountered a failure while serving" connIndex=0 event=0 ip=2606:4700:a0::8
2026-09-04T03:18:00Z ERR Serve tunnel error error="control stream encountered a failure while serving" connIndex=0 event=0 ip=2606:4700:a0::8
2026-09-04T03:18:00Z INF Retrying connection in up to 1m4s connIndex=0 event=0 ip=2606:4700:a0::8
2026-09-04T03:18:29Z INF Tunnel connection curve preferences: [X25519MLKEM768 CurveID(65074) CurveP256] connIndex=0 event=0 ip=2606:4700:a0::8
2026-09-04T03:18:29Z ERR failed to run the datagram handler error="context canceled" connIndex=0 event=0 ip=2606:4700:a0::8
2026-09-04T03:18:29Z ERR failed to serve tunnel connection error="control stream encountered a failure while serving" connIndex=0 event=0 ip=2606:4700:a0::8
2026-09-04T03:18:29Z ERR Serve tunnel error error="control stream encountered a failure while serving" connIndex=0 event=0 ip=2606:4700:a0::8
2026-09-04T03:18:29Z INF Retrying connection in up to 1m4s connIndex=0 event=0 ip=2606:4700:a0::8
2026-09-04T03:18:34Z INF Tunnel connection curve preferences: [X25519MLKEM768 CurveID(65074) CurveP256] connIndex=0 event=0 ip=2606:4700:a0::8
2026-09-04T03:18:34Z ERR failed to run the datagram handler error="context canceled" connIndex=0 event=0 ip=2606:4700:a0::8
2026-09-04T03:18:34Z ERR failed to serve tunnel connection error="control stream encountered a failure while serving" connIndex=0 event=0 ip=2606:4700:a0::8
2026-09-04T03:18:34Z ERR Serve tunnel error error="control stream encountered a failure while serving" connIndex=0 event=0 ip=2606:4700:a0::8
2026-09-04T03:18:34Z INF Retrying connection in up to 1m4s connIndex=0 event=0 ip=2606:4700:a0::8
2026-09-04T03:18:40Z INF Tunnel connection curve preferences: [X25519MLKEM768 CurveID(65074) CurveP256] connIndex=0 event=0 ip=2606:4700:a0::8
2026-09-04T03:18:40Z ERR failed to run the datagram handler error="context canceled" connIndex=0 event=0 ip=2606:4700:a0::8
2026-09-04T03:18:40Z ERR failed to serve tunnel connection error="control stream encountered a failure while serving" connIndex=0 event=0 ip=2606:4700:a0::8
2026-09-04T03:18:40Z ERR Serve tunnel error error="control stream encountered a failure while serving" connIndex=0 event=0 ip=2606:4700:a0::8
2026-09-04T03:18:40Z INF Retrying connection in up to 1m4s connIndex=0 event=0 ip=2606:4700:a0::8
2026-09-04T03:18:45Z INF Tunnel connection curve preferences: [X25519MLKEM768 CurveID(65074) CurveP256] connIndex=0 event=0 ip=2606:4700:a0::8
2026-09-04T03:18:45Z ERR failed to run the datagram handler error="context canceled" connIndex=0 event=0 ip=2606:4700:a0::8
2026-09-04T03:18:45Z ERR failed to serve tunnel connection error="control stream encountered a failure while serving" connIndex=0 event=0 ip=2606:4700:a0::8
2026-09-04T03:18:45Z ERR Serve tunnel error error="control stream encountered a failure while serving" connIndex=0 event=0 ip=2606:4700:a0::8
2026-09-04T03:18:45Z INF Retrying connection in up to 1m4s connIndex=0 event=0 ip=2606:4700:a0::8
2026-09-04T03:18:57Z INF Tunnel connection curve preferences: [X25519MLKEM768 CurveID(65074) CurveP256] connIndex=0 event=0 ip=2606:4700:a0::8
2026-09-04T03:18:57Z ERR failed to run the datagram handler error="context canceled" connIndex=0 event=0 ip=2606:4700:a0::8
2026-09-04T03:18:57Z ERR failed to serve tunnel connection error="control stream encountered a failure while serving" connIndex=0 event=0 ip=2606:4700:a0::8
2026-09-04T03:18:57Z ERR Serve tunnel error error="control stream encountered a failure while serving" connIndex=0 event=0 ip=2606:4700:a0::8
2026-09-04T03:18:57Z INF Retrying connection in up to 1m4s connIndex=0 event=0 ip=2606:4700:a0::8
2026-09-04T03:18:58Z INF Tunnel connection curve preferences: [X25519MLKEM768 CurveID(65074) CurveP256] connIndex=0 event=0 ip=2606:4700:a0::8
2026-09-04T03:18:58Z ERR failed to run the datagram handler error="context canceled" connIndex=0 event=0 ip=2606:4700:a0::8
2026-09-04T03:18:58Z ERR failed to serve tunnel connection error="control stream encountered a failure while serving" connIndex=0 event=0 ip=2606:4700:a0::8
2026-09-04T03:18:58Z ERR Serve tunnel error error="control stream encountered a failure while serving" connIndex=0 event=0 ip=2606:4700:a0::8
2026-09-04T03:18:58Z INF Retrying connection in up to 1m4s connIndex=0 event=0 ip=2606:4700:a0::8
2026-09-04T03:19:18Z INF Tunnel connection curve preferences: [X25519MLKEM768 CurveID(65074) CurveP256] connIndex=0 event=0 ip=2606:4700:a0::8
2026-09-04T03:19:18Z ERR failed to run the datagram handler error="context canceled" connIndex=0 event=0 ip=2606:4700:a0::8
2026-09-04T03:19:18Z ERR failed to serve tunnel connection error="control stream encountered a failure while serving" connIndex=0 event=0 ip=2606:4700:a0::8
2026-09-04T03:19:18Z ERR Serve tunnel error error="control stream encountered a failure while serving" connIndex=0 event=0 ip=2606:4700:a0::8
2026-09-04T03:19:18Z INF Retrying connection in up to 1m4s connIndex=0 event=0 ip=2606:4700:a0::8
2026-09-04T03:19:26Z INF Tunnel connection curve preferences: [X25519MLKEM768 CurveID(65074) CurveP256] connIndex=0 event=0 ip=2606:4700:a0::8
2026-09-04T03:19:26Z ERR failed to run the datagram handler error="context canceled" connIndex=0 event=0 ip=2606:4700:a0::8
2026-09-04T03:19:26Z ERR failed to serve tunnel connection error="control stream encountered a failure while serving" connIndex=0 event=0 ip=2606:4700:a0::8
2026-09-04T03:19:26Z ERR Serve tunnel error error="control stream encountered a failure while serving" connIndex=0 event=0 ip=2606:4700:a0::8
2026-09-04T03:19:26Z INF Retrying connection in up to 1m4s connIndex=0 event=0 ip=2606:4700:a0::8
2026-09-04T03:19:55Z INF Tunnel connection curve preferences: [X25519MLKEM768 CurveID(65074) CurveP256] connIndex=0 event=0 ip=2606:4700:a0::8
2026-09-04T03:19:55Z ERR failed to run the datagram handler error="context canceled" connIndex=0 event=0 ip=2606:4700:a0::8
2026-09-04T03:19:55Z ERR failed to serve tunnel connection error="control stream encountered a failure while serving" connIndex=0 event=0 ip=2606:4700:a0::8
2026-09-04T03:19:55Z ERR Serve tunnel error error="control stream encountered a failure while serving" connIndex=0 event=0 ip=2606:4700:a0::8
2026-09-04T03:19:55Z INF Retrying connection in up to 1m4s connIndex=0 event=0 ip=2606:4700:a0::8
2026-09-04T03:20:04Z INF Tunnel connection curve preferences: [X25519MLKEM768 CurveID(65074) CurveP256] connIndex=0 event=0 ip=2606:4700:a0::8
2026-09-04T03:20:04Z ERR failed to run the datagram handler error="context canceled" connIndex=0 event=0 ip=2606:4700:a0::8
2026-09-04T03:20:04Z ERR failed to serve tunnel connection error="control stream encountered a failure while serving" connIndex=0 event=0 ip=2606:4700:a0::8
2026-09-04T03:20:04Z ERR Serve tunnel error error="control stream encountered a failure while serving" connIndex=0 event=0 ip=2606:4700:a0::8
2026-09-04T03:20:04Z INF Retrying connection in up to 1m4s connIndex=0 event=0 ip=2606:4700:a0::8
2026-09-04T03:20:05Z INF Tunnel connection curve preferences: [X25519MLKEM768 CurveID(65074) CurveP256] connIndex=0 event=0 ip=2606:4700:a0::8
2026-09-04T03:20:05Z ERR failed to run the datagram handler error="context canceled" connIndex=0 event=0 ip=2606:4700:a0::8
2026-09-04T03:20:05Z ERR failed to serve tunnel connection error="control stream encountered a failure while serving" connIndex=0 event=0 ip=2606:4700:a0::8
2026-09-04T03:20:05Z ERR Serve tunnel error error="control stream encountered a failure while serving" connIndex=0 event=0 ip=2606:4700:a0::8
2026-09-04T03:20:05Z INF Retrying connection in up to 1m4s connIndex=0 event=0 ip=2606:4700:a0::8
2026-09-04T03:20:18Z INF Tunnel connection curve preferences: [X25519MLKEM768 CurveID(65074) CurveP256] connIndex=0 event=0 ip=2606:4700:a0::8
2026-09-04T03:20:18Z ERR failed to run the datagram handler error="context canceled" connIndex=0 event=0 ip=2606:4700:a0::8
2026-09-04T03:20:18Z ERR failed to serve tunnel connection error="control stream encountered a failure while serving" connIndex=0 event=0 ip=2606:4700:a0::8
2026-09-04T03:20:18Z ERR Serve tunnel error error="control stream encountered a failure while serving" connIndex=0 event=0 ip=2606:4700:a0::8
2026-09-04T03:20:18Z INF Retrying connection in up to 1m4s connIndex=0 event=0 ip=2606:4700:a0::8
2026-09-04T03:20:24Z INF Tunnel connection curve preferences: [X25519MLKEM768 CurveID(65074) CurveP256] connIndex=0 event=0 ip=2606:4700:a0::8
2026-09-04T03:20:24Z ERR failed to run the datagram handler error="context canceled" connIndex=0 event=0 ip=2606:4700:a0::8
2026-09-04T03:20:24Z ERR failed to serve tunnel connection error="control stream encountered a failure while serving" connIndex=0 event=0 ip=2606:4700:a0::8
2026-09-04T03:20:24Z ERR Serve tunnel error error="control stream encountered a failure while serving" connIndex=0 event=0 ip=2606:4700:a0::8
2026-09-04T03:20:24Z INF Retrying connection in up to 1m4s connIndex=0 event=0 ip=2606:4700:a0::8
2026-09-04T03:20:43Z INF Tunnel connection curve preferences: [X25519MLKEM768 CurveID(65074) CurveP256] connIndex=0 event=0 ip=2606:4700:a0::8
2026-09-04T03:20:43Z ERR failed to run the datagram handler error="context canceled" connIndex=0 event=0 ip=2606:4700:a0::8
2026-09-04T03:20:43Z ERR failed to serve tunnel connection error="control stream encountered a failure while serving" connIndex=0 event=0 ip=2606:4700:a0::8
2026-09-04T03:20:43Z ERR Serve tunnel error error="control stream encountered a failure while serving" connIndex=0 event=0 ip=2606:4700:a0::8
2026-09-04T03:20:43Z INF Retrying connection in up to 1m4s connIndex=0 event=0 ip=2606:4700:a0::8
2026-09-04T03:20:46Z INF Tunnel connection curve preferences: [X25519MLKEM768 CurveID(65074) CurveP256] connIndex=0 event=0 ip=2606:4700:a0::8
2026-09-04T03:20:46Z ERR failed to run the datagram handler error="context canceled" connIndex=0 event=0 ip=2606:4700:a0::8
2026-09-04T03:20:46Z ERR failed to serve tunnel connection error="control stream encountered a failure while serving" connIndex=0 event=0 ip=2606:4700:a0::8
2026-09-04T03:20:46Z ERR Serve tunnel error error="control stream encountered a failure while serving" connIndex=0 event=0 ip=2606:4700:a0::8
2026-09-04T03:20:46Z INF Retrying connection in up to 1m4s connIndex=0 event=0 ip=2606:4700:a0::8
2026-09-04T03:20:52Z INF Tunnel connection curve preferences: [X25519MLKEM768 CurveID(65074) CurveP256] connIndex=0 event=0 ip=2606:4700:a0::8
2026-09-04T03:20:52Z ERR failed to run the datagram handler error="context canceled" connIndex=0 event=0 ip=2606:4700:a0::8
2026-09-04T03:20:52Z ERR failed to serve tunnel connection error="control stream encountered a failure while serving" connIndex=0 event=0 ip=2606:4700:a0::8
2026-09-04T03:20:52Z ERR Serve tunnel error error="control stream encountered a failure while serving" connIndex=0 event=0 ip=2606:4700:a0::8
2026-09-04T03:20:52Z INF Retrying connection in up to 1m4s connIndex=0 event=0 ip=2606:4700:a0::8
2026-09-04T03:21:14Z INF Tunnel connection curve preferences: [X25519MLKEM768 CurveID(65074) CurveP256] connIndex=0 event=0 ip=2606:4700:a0::8
2026-09-04T03:21:14Z ERR failed to run the datagram handler error="context canceled" connIndex=0 event=0 ip=2606:4700:a0::8
2026-09-04T03:21:14Z ERR failed to serve tunnel connection error="control stream encountered a failure while serving" connIndex=0 event=0 ip=2606:4700:a0::8
2026-09-04T03:21:14Z ERR Serve tunnel error error="control stream encountered a failure while serving" connIndex=0 event=0 ip=2606:4700:a0::8
2026-09-04T03:21:14Z INF Retrying connection in up to 1m4s connIndex=0 event=0 ip=2606:4700:a0::8
2026-09-04T03:21:19Z INF Tunnel connection curve preferences: [X25519MLKEM768 CurveID(65074) CurveP256] connIndex=0 event=0 ip=2606:4700:a0::8
2026-09-04T03:21:19Z ERR failed to run the datagram handler error="context canceled" connIndex=0 event=0 ip=2606:4700:a0::8
2026-09-04T03:21:19Z ERR failed to serve tunnel connection error="control stream encountered a failure while serving" connIndex=0 event=0 ip=2606:4700:a0::8
2026-09-04T03:21:19Z ERR Serve tunnel error error="control stream encountered a failure while serving" connIndex=0 event=0 ip=2606:4700:a0::8
2026-09-04T03:21:19Z INF Retrying connection in up to 1m4s connIndex=0 event=0 ip=2606:4700:a0::8
2026-09-04T03:21:44Z INF Tunnel connection curve preferences: [X25519MLKEM768 CurveID(65074) CurveP256] connIndex=0 event=0 ip=2606:4700:a0::8
2026-09-04T03:21:44Z ERR failed to run the datagram handler error="context canceled" connIndex=0 event=0 ip=2606:4700:a0::8
2026-09-04T03:21:44Z ERR failed to serve tunnel connection error="control stream encountered a failure while serving" connIndex=0 event=0 ip=2606:4700:a0::8
2026-09-04T03:21:44Z ERR Serve tunnel error error="control stream encountered a failure while serving" connIndex=0 event=0 ip=2606:4700:a0::8
2026-09-04T03:21:44Z INF Retrying connection in up to 1m4s connIndex=0 event=0 ip=2606:4700:a0::8
2026-09-04T03:22:09Z INF Tunnel connection curve preferences: [X25519MLKEM768 CurveID(65074) CurveP256] connIndex=0 event=0 ip=2606:4700:a0::8
2026-09-04T03:22:09Z ERR failed to run the datagram handler error="context canceled" connIndex=0 event=0 ip=2606:4700:a0::8
2026-09-04T03:22:09Z ERR failed to serve tunnel connection error="control stream encountered a failure while serving" connIndex=0 event=0 ip=2606:4700:a0::8
2026-09-04T03:22:09Z ERR Serve tunnel error error="control stream encountered a failure while serving" connIndex=0 event=0 ip=2606:4700:a0::8
2026-09-04T03:22:09Z INF Retrying connection in up to 1m4s connIndex=0 event=0 ip=2606:4700:a0::8
2026-09-04T03:22:20Z INF Tunnel connection curve preferences: [X25519MLKEM768 CurveID(65074) CurveP256] connIndex=0 event=0 ip=2606:4700:a0::8
2026-09-04T03:22:20Z ERR failed to run the datagram handler error="context canceled" connIndex=0 event=0 ip=2606:4700:a0::8
2026-09-04T03:22:20Z ERR failed to serve tunnel connection error="control stream encountered a failure while serving" connIndex=0 event=0 ip=2606:4700:a0::8
2026-09-04T03:22:20Z ERR Serve tunnel error error="control stream encountered a failure while serving" connIndex=0 event=0 ip=2606:4700:a0::8
2026-09-04T03:22:20Z INF Retrying connection in up to 1m4s connIndex=0 event=0 ip=2606:4700:a0::8
2026-09-04T03:22:39Z INF Tunnel connection curve preferences: [X25519MLKEM768 CurveID(65074) CurveP256] connIndex=0 event=0 ip=2606:4700:a0::8
2026-09-04T03:22:39Z ERR failed to run the datagram handler error="context canceled" connIndex=0 event=0 ip=2606:4700:a0::8
2026-09-04T03:22:39Z ERR failed to serve tunnel connection error="control stream encountered a failure while serving" connIndex=0 event=0 ip=2606:4700:a0::8
2026-09-04T03:22:39Z ERR Serve tunnel error error="control stream encountered a failure while serving" connIndex=0 event=0 ip=2606:4700:a0::8
2026-09-04T03:22:39Z INF Retrying connection in up to 1m4s connIndex=0 event=0 ip=2606:4700:a0::8
2026-09-04T03:23:06Z INF Tunnel connection curve preferences: [X25519MLKEM768 CurveID(65074) CurveP256] connIndex=0 event=0 ip=2606:4700:a0::8
2026-09-04T03:23:06Z ERR failed to run the datagram handler error="context canceled" connIndex=0 event=0 ip=2606:4700:a0::8
2026-09-04T03:23:06Z ERR failed to serve tunnel connection error="control stream encountered a failure while serving" connIndex=0 event=0 ip=2606:4700:a0::8
2026-09-04T03:23:06Z ERR Serve tunnel error error="control stream encountered a failure while serving" connIndex=0 event=0 ip=2606:4700:a0::8
2026-09-04T03:23:06Z INF Retrying connection in up to 1m4s connIndex=0 event=0 ip=2606:4700:a0::8
2026-09-04T03:23:06Z INF Tunnel connection curve preferences: [X25519MLKEM768 CurveID(65074) CurveP256] connIndex=0 event=0 ip=2606:4700:a0::8
2026-09-04T03:23:06Z ERR failed to run the datagram handler error="context canceled" connIndex=0 event=0 ip=2606:4700:a0::8
2026-09-04T03:23:06Z ERR failed to serve tunnel connection error="control stream encountered a failure while serving" connIndex=0 event=0 ip=2606:4700:a0::8
2026-09-04T03:23:06Z ERR Serve tunnel error error="control stream encountered a failure while serving" connIndex=0 event=0 ip=2606:4700:a0::8
2026-09-04T03:23:06Z INF Retrying connection in up to 1m4s connIndex=0 event=0 ip=2606:4700:a0::8
2026-09-04T03:23:34Z INF Tunnel connection curve preferences: [X25519MLKEM768 CurveID(65074) CurveP256] connIndex=0 event=0 ip=2606:4700:a0::8
2026-09-04T03:23:34Z ERR failed to run the datagram handler error="context canceled" connIndex=0 event=0 ip=2606:4700:a0::8
2026-09-04T03:23:34Z ERR failed to serve tunnel connection error="control stream encountered a failure while serving" connIndex=0 event=0 ip=2606:4700:a0::8
2026-09-04T03:23:34Z ERR Serve tunnel error error="control stream encountered a failure while serving" connIndex=0 event=0 ip=2606:4700:a0::8
2026-09-04T03:23:34Z INF Retrying connection in up to 1m4s connIndex=0 event=0 ip=2606:4700:a0::8
2026-09-04T03:24:01Z INF Tunnel connection curve preferences: [X25519MLKEM768 CurveID(65074) CurveP256] connIndex=0 event=0 ip=2606:4700:a0::8
2026-09-04T03:24:01Z ERR failed to run the datagram handler error="context canceled" connIndex=0 event=0 ip=2606:4700:a0::8
2026-09-04T03:24:01Z ERR failed to serve tunnel connection error="control stream encountered a failure while serving" connIndex=0 event=0 ip=2606:4700:a0::8
2026-09-04T03:24:01Z ERR Serve tunnel error error="control stream encountered a failure while serving" connIndex=0 event=0 ip=2606:4700:a0::8
2026-09-04T03:24:01Z INF Retrying connection in up to 1m4s connIndex=0 event=0 ip=2606:4700:a0::8
2026-09-04T03:24:07Z INF Tunnel connection curve preferences: [X25519MLKEM768 CurveID(65074) CurveP256] connIndex=0 event=0 ip=2606:4700:a0::8
2026-09-04T03:24:07Z ERR failed to run the datagram handler error="context canceled" connIndex=0 event=0 ip=2606:4700:a0::8
2026-09-04T03:24:07Z ERR failed to serve tunnel connection error="control stream encountered a failure while serving" connIndex=0 event=0 ip=2606:4700:a0::8
2026-09-04T03:24:07Z ERR Serve tunnel error error="control stream encountered a failure while serving" connIndex=0 event=0 ip=2606:4700:a0::8
2026-09-04T03:24:07Z INF Retrying connection in up to 1m4s connIndex=0 event=0 ip=2606:4700:a0::8
2026-09-04T03:24:34Z INF Tunnel connection curve preferences: [X25519MLKEM768 CurveID(65074) CurveP256] connIndex=0 event=0 ip=2606:4700:a0::8
2026-09-04T03:24:34Z ERR failed to run the datagram handler error="context canceled" connIndex=0 event=0 ip=2606:4700:a0::8
2026-09-04T03:24:34Z ERR failed to serve tunnel connection error="control stream encountered a failure while serving" connIndex=0 event=0 ip=2606:4700:a0::8
2026-09-04T03:24:34Z ERR Serve tunnel error error="control stream encountered a failure while serving" connIndex=0 event=0 ip=2606:4700:a0::8
2026-09-04T03:24:34Z INF Retrying connection in up to 1m4s connIndex=0 event=0 ip=2606:4700:a0::8
2026-09-04T03:24:34Z INF Tunnel connection curve preferences: [X25519MLKEM768 CurveID(65074) CurveP256] connIndex=0 event=0 ip=2606:4700:a0::8
2026-09-04T03:24:35Z ERR failed to run the datagram handler error="context canceled" connIndex=0 event=0 ip=2606:4700:a0::8
2026-09-04T03:24:35Z ERR failed to serve tunnel connection error="control stream encountered a failure while serving" connIndex=0 event=0 ip=2606:4700:a0::8
2026-09-04T03:24:35Z ERR Serve tunnel error error="control stream encountered a failure while serving" connIndex=0 event=0 ip=2606:4700:a0::8
2026-09-04T03:24:35Z INF Retrying connection in up to 1m4s connIndex=0 event=0 ip=2606:4700:a0::8
2026-09-04T03:24:40Z INF Tunnel connection curve preferences: [X25519MLKEM768 CurveID(65074) CurveP256] connIndex=0 event=0 ip=2606:4700:a0::8
2026-09-04T03:24:40Z ERR failed to run the datagram handler error="context canceled" connIndex=0 event=0 ip=2606:4700:a0::8
2026-09-04T03:24:40Z ERR failed to serve tunnel connection error="control stream encountered a failure while serving" connIndex=0 event=0 ip=2606:4700:a0::8
2026-09-04T03:24:40Z ERR Serve tunnel error error="control stream encountered a failure while serving" connIndex=0 event=0 ip=2606:4700:a0::8
2026-09-04T03:24:40Z INF Retrying connection in up to 1m4s connIndex=0 event=0 ip=2606:4700:a0::8
2026-09-04T03:24:53Z INF Tunnel connection curve preferences: [X25519MLKEM768 CurveID(65074) CurveP256] connIndex=0 event=0 ip=2606:4700:a0::8
2026-09-04T03:24:53Z ERR failed to run the datagram handler error="context canceled" connIndex=0 event=0 ip=2606:4700:a0::8
2026-09-04T03:24:53Z ERR failed to serve tunnel connection error="control stream encountered a failure while serving" connIndex=0 event=0 ip=2606:4700:a0::8
2026-09-04T03:24:53Z ERR Serve tunnel error error="control stream encountered a failure while serving" connIndex=0 event=0 ip=2606:4700:a0::8
2026-09-04T03:24:53Z INF Retrying connection in up to 1m4s connIndex=0 event=0 ip=2606:4700:a0::8
2026-09-04T03:25:05Z INF Tunnel connection curve preferences: [X25519MLKEM768 CurveID(65074) CurveP256] connIndex=0 event=0 ip=2606:4700:a0::8
2026-09-04T03:25:05Z ERR failed to run the datagram handler error="context canceled" connIndex=0 event=0 ip=2606:4700:a0::8
2026-09-04T03:25:05Z ERR failed to serve tunnel connection error="control stream encountered a failure while serving" connIndex=0 event=0 ip=2606:4700:a0::8
2026-09-04T03:25:05Z ERR Serve tunnel error error="control stream encountered a failure while serving" connIndex=0 event=0 ip=2606:4700:a0::8
2026-09-04T03:25:05Z INF Retrying connection in up to 1m4s connIndex=0 event=0 ip=2606:4700:a0::8
2026-09-04T03:25:21Z INF Tunnel connection curve preferences: [X25519MLKEM768 CurveID(65074) CurveP256] connIndex=0 event=0 ip=2606:4700:a0::8
2026-09-04T03:25:22Z ERR failed to run the datagram handler error="context canceled" connIndex=0 event=0 ip=2606:4700:a0::8
2026-09-04T03:25:22Z ERR failed to serve tunnel connection error="control stream encountered a failure while serving" connIndex=0 event=0 ip=2606:4700:a0::8
2026-09-04T03:25:22Z ERR Serve tunnel error error="control stream encountered a failure while serving" connIndex=0 event=0 ip=2606:4700:a0::8
2026-09-04T03:25:22Z INF Retrying connection in up to 1m4s connIndex=0 event=0 ip=2606:4700:a0::8
2026-09-04T03:25:50Z INF Tunnel connection curve preferences: [X25519MLKEM768 CurveID(65074) CurveP256] connIndex=0 event=0 ip=2606:4700:a0::8
2026-09-04T03:25:50Z ERR failed to run the datagram handler error="context canceled" connIndex=0 event=0 ip=2606:4700:a0::8
2026-09-04T03:25:50Z ERR failed to serve tunnel connection error="control stream encountered a failure while serving" connIndex=0 event=0 ip=2606:4700:a0::8
2026-09-04T03:25:50Z ERR Serve tunnel error error="control stream encountered a failure while serving" connIndex=0 event=0 ip=2606:4700:a0::8
2026-09-04T03:25:50Z INF Retrying connection in up to 1m4s connIndex=0 event=0 ip=2606:4700:a0::8
2026-09-04T03:26:19Z INF Tunnel connection curve preferences: [X25519MLKEM768 CurveID(65074) CurveP256] connIndex=0 event=0 ip=2606:4700:a0::8
2026-09-04T03:26:19Z ERR failed to run the datagram handler error="context canceled" connIndex=0 event=0 ip=2606:4700:a0::8
2026-09-04T03:26:19Z ERR failed to serve tunnel connection error="control stream encountered a failure while serving" connIndex=0 event=0 ip=2606:4700:a0::8
2026-09-04T03:26:19Z ERR Serve tunnel error error="control stream encountered a failure while serving" connIndex=0 event=0 ip=2606:4700:a0::8
2026-09-04T03:26:19Z INF Retrying connection in up to 1m4s connIndex=0 event=0 ip=2606:4700:a0::8
2026-09-04T03:26:21Z INF Tunnel connection curve preferences: [X25519MLKEM768 CurveID(65074) CurveP256] connIndex=0 event=0 ip=2606:4700:a0::8
2026-09-04T03:26:21Z ERR failed to run the datagram handler error="context canceled" connIndex=0 event=0 ip=2606:4700:a0::8
2026-09-04T03:26:21Z ERR failed to serve tunnel connection error="control stream encountered a failure while serving" connIndex=0 event=0 ip=2606:4700:a0::8
2026-09-04T03:26:21Z ERR Serve tunnel error error="control stream encountered a failure while serving" connIndex=0 event=0 ip=2606:4700:a0::8
2026-09-04T03:26:21Z INF Retrying connection in up to 1m4s connIndex=0 event=0 ip=2606:4700:a0::8
2026-09-04T03:26:32Z INF Tunnel connection curve preferences: [X25519MLKEM768 CurveID(65074) CurveP256] connIndex=0 event=0 ip=2606:4700:a0::8
2026-09-04T03:26:32Z ERR failed to run the datagram handler error="context canceled" connIndex=0 event=0 ip=2606:4700:a0::8
2026-09-04T03:26:32Z ERR failed to serve tunnel connection error="control stream encountered a failure while serving" connIndex=0 event=0 ip=2606:4700:a0::8
2026-09-04T03:26:32Z ERR Serve tunnel error error="control stream encountered a failure while serving" connIndex=0 event=0 ip=2606:4700:a0::8
2026-09-04T03:26:32Z INF Retrying connection in up to 1m4s connIndex=0 event=0 ip=2606:4700:a0::8
2026-09-04T03:26:56Z INF Tunnel connection curve preferences: [X25519MLKEM768 CurveID(65074) CurveP256] connIndex=0 event=0 ip=2606:4700:a0::8
2026-09-04T03:26:56Z ERR failed to run the datagram handler error="context canceled" connIndex=0 event=0 ip=2606:4700:a0::8
2026-09-04T03:26:56Z ERR failed to serve tunnel connection error="control stream encountered a failure while serving" connIndex=0 event=0 ip=2606:4700:a0::8
2026-09-04T03:26:56Z ERR Serve tunnel error error="control stream encountered a failure while serving" connIndex=0 event=0 ip=2606:4700:a0::8
2026-09-04T03:26:56Z INF Retrying connection in up to 1m4s connIndex=0 event=0 ip=2606:4700:a0::8
2026-09-04T03:26:57Z INF Tunnel connection curve preferences: [X25519MLKEM768 CurveID(65074) CurveP256] connIndex=0 event=0 ip=2606:4700:a0::8
2026-09-04T03:26:57Z ERR failed to run the datagram handler error="context canceled" connIndex=0 event=0 ip=2606:4700:a0::8
2026-09-04T03:26:57Z ERR failed to serve tunnel connection error="control stream encountered a failure while serving" connIndex=0 event=0 ip=2606:4700:a0::8
2026-09-04T03:26:57Z ERR Serve tunnel error error="control stream encountered a failure while serving" connIndex=0 event=0 ip=2606:4700:a0::8
2026-09-04T03:26:57Z INF Retrying connection in up to 1m4s connIndex=0 event=0 ip=2606:4700:a0::8
2026-09-04T03:27:07Z INF Tunnel connection curve preferences: [X25519MLKEM768 CurveID(65074) CurveP256] connIndex=0 event=0 ip=2606:4700:a0::8
2026-09-04T03:27:07Z ERR failed to run the datagram handler error="context canceled" connIndex=0 event=0 ip=2606:4700:a0::8
2026-09-04T03:27:07Z ERR failed to serve tunnel connection error="control stream encountered a failure while serving" connIndex=0 event=0 ip=2606:4700:a0::8
2026-09-04T03:27:07Z ERR Serve tunnel error error="control stream encountered a failure while serving" connIndex=0 event=0 ip=2606:4700:a0::8
2026-09-04T03:27:07Z INF Retrying connection in up to 1m4s connIndex=0 event=0 ip=2606:4700:a0::8
2026-09-04T03:27:14Z INF Tunnel connection curve preferences: [X25519MLKEM768 CurveID(65074) CurveP256] connIndex=0 event=0 ip=2606:4700:a0::8
2026-09-04T03:27:14Z ERR failed to run the datagram handler error="context canceled" connIndex=0 event=0 ip=2606:4700:a0::8
2026-09-04T03:27:14Z ERR failed to serve tunnel connection error="control stream encountered a failure while serving" connIndex=0 event=0 ip=2606:4700:a0::8
2026-09-04T03:27:14Z ERR Serve tunnel error error="control stream encountered a failure while serving" connIndex=0 event=0 ip=2606:4700:a0::8
2026-09-04T03:27:14Z INF Retrying connection in up to 1m4s connIndex=0 event=0 ip=2606:4700:a0::8
2026-09-04T03:27:32Z INF Tunnel connection curve preferences: [X25519MLKEM768 CurveID(65074) CurveP256] connIndex=0 event=0 ip=2606:4700:a0::8
2026-09-04T03:27:32Z ERR failed to run the datagram handler error="context canceled" connIndex=0 event=0 ip=2606:4700:a0::8
2026-09-04T03:27:32Z ERR failed to serve tunnel connection error="control stream encountered a failure while serving" connIndex=0 event=0 ip=2606:4700:a0::8
2026-09-04T03:27:32Z ERR Serve tunnel error error="control stream encountered a failure while serving" connIndex=0 event=0 ip=2606:4700:a0::8
2026-09-04T03:27:32Z INF Retrying connection in up to 1m4s connIndex=0 event=0 ip=2606:4700:a0::8
2026-09-04T03:27:59Z INF Tunnel connection curve preferences: [X25519MLKEM768 CurveID(65074) CurveP256] connIndex=0 event=0 ip=2606:4700:a0::8
2026-09-04T03:27:59Z ERR failed to run the datagram handler error="context canceled" connIndex=0 event=0 ip=2606:4700:a0::8
2026-09-04T03:27:59Z ERR failed to serve tunnel connection error="control stream encountered a failure while serving" connIndex=0 event=0 ip=2606:4700:a0::8
2026-09-04T03:27:59Z ERR Serve tunnel error error="control stream encountered a failure while serving" connIndex=0 event=0 ip=2606:4700:a0::8
2026-09-04T03:27:59Z INF Retrying connection in up to 1m4s connIndex=0 event=0 ip=2606:4700:a0::8
2026-09-04T03:28:10Z INF Tunnel connection curve preferences: [X25519MLKEM768 CurveID(65074) CurveP256] connIndex=0 event=0 ip=2606:4700:a0::8
2026-09-04T03:28:10Z ERR failed to run the datagram handler error="context canceled" connIndex=0 event=0 ip=2606:4700:a0::8
2026-09-04T03:28:10Z ERR failed to serve tunnel connection error="control stream encountered a failure while serving" connIndex=0 event=0 ip=2606:4700:a0::8
2026-09-04T03:28:10Z ERR Serve tunnel error error="control stream encountered a failure while serving" connIndex=0 event=0 ip=2606:4700:a0::8
2026-09-04T03:28:10Z INF Retrying connection in up to 1m4s connIndex=0 event=0 ip=2606:4700:a0::8
2026-09-04T03:28:11Z INF Tunnel connection curve preferences: [X25519MLKEM768 CurveID(65074) CurveP256] connIndex=0 event=0 ip=2606:4700:a0::8
2026-09-04T03:28:11Z ERR failed to run the datagram handler error="context canceled" connIndex=0 event=0 ip=2606:4700:a0::8
2026-09-04T03:28:11Z ERR failed to serve tunnel connection error="control stream encountered a failure while serving" connIndex=0 event=0 ip=2606:4700:a0::8
2026-09-04T03:28:11Z ERR Serve tunnel error error="control stream encountered a failure while serving" connIndex=0 event=0 ip=2606:4700:a0::8
2026-09-04T03:28:11Z INF Retrying connection in up to 1m4s connIndex=0 event=0 ip=2606:4700:a0::8
2026-09-04T03:28:24Z INF Tunnel connection curve preferences: [X25519MLKEM768 CurveID(65074) CurveP256] connIndex=0 event=0 ip=2606:4700:a0::8
2026-09-04T03:28:24Z ERR failed to run the datagram handler error="context canceled" connIndex=0 event=0 ip=2606:4700:a0::8
2026-09-04T03:28:24Z ERR failed to serve tunnel connection error="control stream encountered a failure while serving" connIndex=0 event=0 ip=2606:4700:a0::8
2026-09-04T03:28:24Z ERR Serve tunnel error error="control stream encountered a failure while serving" connIndex=0 event=0 ip=2606:4700:a0::8
2026-09-04T03:28:24Z INF Retrying connection in up to 1m4s connIndex=0 event=0 ip=2606:4700:a0::8
2026-09-04T03:28:35Z INF Tunnel connection curve preferences: [X25519MLKEM768 CurveID(65074) CurveP256] connIndex=0 event=0 ip=2606:4700:a0::8
2026-09-04T03:28:35Z ERR failed to run the datagram handler error="context canceled" connIndex=0 event=0 ip=2606:4700:a0::8
2026-09-04T03:28:35Z ERR failed to serve tunnel connection error="control stream encountered a failure while serving" connIndex=0 event=0 ip=2606:4700:a0::8
2026-09-04T03:28:35Z ERR Serve tunnel error error="control stream encountered a failure while serving" connIndex=0 event=0 ip=2606:4700:a0::8
2026-09-04T03:28:35Z INF Retrying connection in up to 1m4s connIndex=0 event=0 ip=2606:4700:a0::8
2026-09-04T03:29:01Z INF Tunnel connection curve preferences: [X25519MLKEM768 CurveID(65074) CurveP256] connIndex=0 event=0 ip=2606:4700:a0::8
2026-09-04T03:29:01Z ERR failed to run the datagram handler error="context canceled" connIndex=0 event=0 ip=2606:4700:a0::8
2026-09-04T03:29:01Z ERR failed to serve tunnel connection error="control stream encountered a failure while serving" connIndex=0 event=0 ip=2606:4700:a0::8
2026-09-04T03:29:01Z ERR Serve tunnel error error="control stream encountered a failure while serving" connIndex=0 event=0 ip=2606:4700:a0::8
2026-09-04T03:29:01Z INF Retrying connection in up to 1m4s connIndex=0 event=0 ip=2606:4700:a0::8
2026-09-04T03:29:22Z INF Tunnel connection curve preferences: [X25519MLKEM768 CurveID(65074) CurveP256] connIndex=0 event=0 ip=2606:4700:a0::8
2026-09-04T03:29:22Z ERR failed to run the datagram handler error="context canceled" connIndex=0 event=0 ip=2606:4700:a0::8
2026-09-04T03:29:22Z ERR failed to serve tunnel connection error="control stream encountered a failure while serving" connIndex=0 event=0 ip=2606:4700:a0::8
2026-09-04T03:29:22Z ERR Serve tunnel error error="control stream encountered a failure while serving" connIndex=0 event=0 ip=2606:4700:a0::8
2026-09-04T03:29:22Z INF Retrying connection in up to 1m4s connIndex=0 event=0 ip=2606:4700:a0::8
2026-09-04T03:29:44Z INF Tunnel connection curve preferences: [X25519MLKEM768 CurveID(65074) CurveP256] connIndex=0 event=0 ip=2606:4700:a0::8
2026-09-04T03:29:44Z ERR failed to run the datagram handler error="context canceled" connIndex=0 event=0 ip=2606:4700:a0::8
2026-09-04T03:29:44Z ERR failed to serve tunnel connection error="control stream encountered a failure while serving" connIndex=0 event=0 ip=2606:4700:a0::8
2026-09-04T03:29:44Z ERR Serve tunnel error error="control stream encountered a failure while serving" connIndex=0 event=0 ip=2606:4700:a0::8
2026-09-04T03:29:44Z INF Retrying connection in up to 1m4s connIndex=0 event=0 ip=2606:4700:a0::8
2026-09-04T03:30:15Z INF Tunnel connection curve preferences: [X25519MLKEM768 CurveID(65074) CurveP256] connIndex=0 event=0 ip=2606:4700:a0::8
2026-09-04T03:30:15Z ERR failed to run the datagram handler error="context canceled" connIndex=0 event=0 ip=2606:4700:a0::8
2026-09-04T03:30:15Z ERR failed to serve tunnel connection error="control stream encountered a failure while serving" connIndex=0 event=0 ip=2606:4700:a0::8
2026-09-04T03:30:15Z ERR Serve tunnel error error="control stream encountered a failure while serving" connIndex=0 event=0 ip=2606:4700:a0::8
2026-09-04T03:30:15Z INF Retrying connection in up to 1m4s connIndex=0 event=0 ip=2606:4700:a0::8
2026-09-04T03:30:32Z INF Tunnel connection curve preferences: [X25519MLKEM768 CurveID(65074) CurveP256] connIndex=0 event=0 ip=2606:4700:a0::8
2026-09-04T03:30:32Z ERR failed to run the datagram handler error="context canceled" connIndex=0 event=0 ip=2606:4700:a0::8
2026-09-04T03:30:32Z ERR failed to serve tunnel connection error="control stream encountered a failure while serving" connIndex=0 event=0 ip=2606:4700:a0::8
2026-09-04T03:30:32Z ERR Serve tunnel error error="control stream encountered a failure while serving" connIndex=0 event=0 ip=2606:4700:a0::8
2026-09-04T03:30:32Z INF Retrying connection in up to 1m4s connIndex=0 event=0 ip=2606:4700:a0::8
2026-09-04T03:31:04Z INF Tunnel connection curve preferences: [X25519MLKEM768 CurveID(65074) CurveP256] connIndex=0 event=0 ip=2606:4700:a0::8
2026-09-04T03:31:04Z ERR failed to run the datagram handler error="context canceled" connIndex=0 event=0 ip=2606:4700:a0::8
2026-09-04T03:31:04Z ERR failed to serve tunnel connection error="control stream encountered a failure while serving" connIndex=0 event=0 ip=2606:4700:a0::8
2026-09-04T03:31:04Z ERR Serve tunnel error error="control stream encountered a failure while serving" connIndex=0 event=0 ip=2606:4700:a0::8
2026-09-04T03:31:04Z INF Retrying connection in up to 1m4s connIndex=0 event=0 ip=2606:4700:a0::8
2026-09-04T03:31:30Z INF Tunnel connection curve preferences: [X25519MLKEM768 CurveID(65074) CurveP256] connIndex=0 event=0 ip=2606:4700:a0::8
2026-09-04T03:31:30Z ERR failed to run the datagram handler error="context canceled" connIndex=0 event=0 ip=2606:4700:a0::8
2026-09-04T03:31:30Z ERR failed to serve tunnel connection error="control stream encountered a failure while serving" connIndex=0 event=0 ip=2606:4700:a0::8
2026-09-04T03:31:30Z ERR Serve tunnel error error="control stream encountered a failure while serving" connIndex=0 event=0 ip=2606:4700:a0::8
2026-09-04T03:31:30Z INF Retrying connection in up to 1m4s connIndex=0 event=0 ip=2606:4700:a0::8
2026-09-04T03:31:30Z INF Tunnel connection curve preferences: [X25519MLKEM768 CurveID(65074) CurveP256] connIndex=0 event=0 ip=2606:4700:a0::8
2026-09-04T03:31:30Z ERR failed to run the datagram handler error="context canceled" connIndex=0 event=0 ip=2606:4700:a0::8
2026-09-04T03:31:30Z ERR failed to serve tunnel connection error="control stream encountered a failure while serving" connIndex=0 event=0 ip=2606:4700:a0::8
2026-09-04T03:31:30Z ERR Serve tunnel error error="control stream encountered a failure while serving" connIndex=0 event=0 ip=2606:4700:a0::8
2026-09-04T03:31:30Z INF Retrying connection in up to 1m4s connIndex=0 event=0 ip=2606:4700:a0::8
2026-09-04T03:31:38Z INF Tunnel connection curve preferences: [X25519MLKEM768 CurveID(65074) CurveP256] connIndex=0 event=0 ip=2606:4700:a0::8
2026-09-04T03:31:38Z ERR failed to run the datagram handler error="context canceled" connIndex=0 event=0 ip=2606:4700:a0::8
2026-09-04T03:31:38Z ERR failed to serve tunnel connection error="control stream encountered a failure while serving" connIndex=0 event=0 ip=2606:4700:a0::8
2026-09-04T03:31:38Z ERR Serve tunnel error error="control stream encountered a failure while serving" connIndex=0 event=0 ip=2606:4700:a0::8
2026-09-04T03:31:38Z INF Retrying connection in up to 1m4s connIndex=0 event=0 ip=2606:4700:a0::8
2026-09-04T03:31:54Z INF Tunnel connection curve preferences: [X25519MLKEM768 CurveID(65074) CurveP256] connIndex=0 event=0 ip=2606:4700:a0::8
2026-09-04T03:31:54Z ERR failed to run the datagram handler error="context canceled" connIndex=0 event=0 ip=2606:4700:a0::8
2026-09-04T03:31:54Z ERR failed to serve tunnel connection error="control stream encountered a failure while serving" connIndex=0 event=0 ip=2606:4700:a0::8
2026-09-04T03:31:54Z ERR Serve tunnel error error="control stream encountered a failure while serving" connIndex=0 event=0 ip=2606:4700:a0::8
2026-09-04T03:31:54Z INF Retrying connection in up to 1m4s connIndex=0 event=0 ip=2606:4700:a0::8
2026-09-04T03:32:14Z INF Tunnel connection curve preferences: [X25519MLKEM768 CurveID(65074) CurveP256] connIndex=0 event=0 ip=2606:4700:a0::8
2026-09-04T03:32:14Z ERR failed to run the datagram handler error="context canceled" connIndex=0 event=0 ip=2606:4700:a0::8
2026-09-04T03:32:14Z ERR failed to serve tunnel connection error="control stream encountered a failure while serving" connIndex=0 event=0 ip=2606:4700:a0::8
2026-09-04T03:32:14Z ERR Serve tunnel error error="control stream encountered a failure while serving" connIndex=0 event=0 ip=2606:4700:a0::8
2026-09-04T03:32:14Z INF Retrying connection in up to 1m4s connIndex=0 event=0 ip=2606:4700:a0::8
2026-09-04T03:32:30Z INF Tunnel connection curve preferences: [X25519MLKEM768 CurveID(65074) CurveP256] connIndex=0 event=0 ip=2606:4700:a0::8
2026-09-04T03:32:30Z ERR failed to run the datagram handler error="context canceled" connIndex=0 event=0 ip=2606:4700:a0::8
2026-09-04T03:32:30Z ERR failed to serve tunnel connection error="control stream encountered a failure while serving" connIndex=0 event=0 ip=2606:4700:a0::8
2026-09-04T03:32:30Z ERR Serve tunnel error error="control stream encountered a failure while serving" connIndex=0 event=0 ip=2606:4700:a0::8
2026-09-04T03:32:30Z INF Retrying connection in up to 1m4s connIndex=0 event=0 ip=2606:4700:a0::8
2026-09-04T03:32:55Z INF Tunnel connection curve preferences: [X25519MLKEM768 CurveID(65074) CurveP256] connIndex=0 event=0 ip=2606:4700:a0::8
2026-09-04T03:32:55Z ERR failed to run the datagram handler error="context canceled" connIndex=0 event=0 ip=2606:4700:a0::8
2026-09-04T03:32:55Z ERR failed to serve tunnel connection error="control stream encountered a failure while serving" connIndex=0 event=0 ip=2606:4700:a0::8
2026-09-04T03:32:55Z ERR Serve tunnel error error="control stream encountered a failure while serving" connIndex=0 event=0 ip=2606:4700:a0::8
2026-09-04T03:32:55Z INF Retrying connection in up to 1m4s connIndex=0 event=0 ip=2606:4700:a0::8
2026-09-04T03:33:15Z INF Tunnel connection curve preferences: [X25519MLKEM768 CurveID(65074) CurveP256] connIndex=0 event=0 ip=2606:4700:a0::8
2026-09-04T03:33:15Z ERR failed to run the datagram handler error="context canceled" connIndex=0 event=0 ip=2606:4700:a0::8
2026-09-04T03:33:15Z ERR failed to serve tunnel connection error="control stream encountered a failure while serving" connIndex=0 event=0 ip=2606:4700:a0::8
2026-09-04T03:33:15Z ERR Serve tunnel error error="control stream encountered a failure while serving" connIndex=0 event=0 ip=2606:4700:a0::8
2026-09-04T03:33:15Z INF Retrying connection in up to 1m4s connIndex=0 event=0 ip=2606:4700:a0::8
2026-09-04T03:33:37Z INF Tunnel connection curve preferences: [X25519MLKEM768 CurveID(65074) CurveP256] connIndex=0 event=0 ip=2606:4700:a0::8
2026-09-04T03:33:37Z ERR failed to run the datagram handler error="context canceled" connIndex=0 event=0 ip=2606:4700:a0::8
2026-09-04T03:33:37Z ERR failed to serve tunnel connection error="control stream encountered a failure while serving" connIndex=0 event=0 ip=2606:4700:a0::8
2026-09-04T03:33:37Z ERR Serve tunnel error error="control stream encountered a failure while serving" connIndex=0 event=0 ip=2606:4700:a0::8
2026-09-04T03:33:37Z INF Retrying connection in up to 1m4s connIndex=0 event=0 ip=2606:4700:a0::8
2026-09-04T03:34:06Z INF Tunnel connection curve preferences: [X25519MLKEM768 CurveID(65074) CurveP256] connIndex=0 event=0 ip=2606:4700:a0::8
2026-09-04T03:34:06Z ERR failed to run the datagram handler error="context canceled" connIndex=0 event=0 ip=2606:4700:a0::8
2026-09-04T03:34:06Z ERR failed to serve tunnel connection error="control stream encountered a failure while serving" connIndex=0 event=0 ip=2606:4700:a0::8
2026-09-04T03:34:06Z ERR Serve tunnel error error="control stream encountered a failure while serving" connIndex=0 event=0 ip=2606:4700:a0::8
2026-09-04T03:34:06Z INF Retrying connection in up to 1m4s connIndex=0 event=0 ip=2606:4700:a0::8
2026-09-04T03:34:23Z INF Tunnel connection curve preferences: [X25519MLKEM768 CurveID(65074) CurveP256] connIndex=0 event=0 ip=2606:4700:a0::8
2026-09-04T03:34:23Z ERR failed to run the datagram handler error="context canceled" connIndex=0 event=0 ip=2606:4700:a0::8
2026-09-04T03:34:23Z ERR failed to serve tunnel connection error="control stream encountered a failure while serving" connIndex=0 event=0 ip=2606:4700:a0::8
2026-09-04T03:34:23Z ERR Serve tunnel error error="control stream encountered a failure while serving" connIndex=0 event=0 ip=2606:4700:a0::8
2026-09-04T03:34:23Z INF Retrying connection in up to 1m4s connIndex=0 event=0 ip=2606:4700:a0::8
2026-09-04T03:34:24Z INF Tunnel connection curve preferences: [X25519MLKEM768 CurveID(65074) CurveP256] connIndex=0 event=0 ip=2606:4700:a0::8
2026-09-04T03:34:24Z ERR failed to run the datagram handler error="context canceled" connIndex=0 event=0 ip=2606:4700:a0::8
2026-09-04T03:34:24Z ERR failed to serve tunnel connection error="control stream encountered a failure while serving" connIndex=0 event=0 ip=2606:4700:a0::8
2026-09-04T03:34:24Z ERR Serve tunnel error error="control stream encountered a failure while serving" connIndex=0 event=0 ip=2606:4700:a0::8
2026-09-04T03:34:24Z INF Retrying connection in up to 1m4s connIndex=0 event=0 ip=2606:4700:a0::8
2026-09-04T03:34:55Z INF Tunnel connection curve preferences: [X25519MLKEM768 CurveID(65074) CurveP256] connIndex=0 event=0 ip=2606:4700:a0::8
2026-09-04T03:34:55Z ERR failed to run the datagram handler error="context canceled" connIndex=0 event=0 ip=2606:4700:a0::8
2026-09-04T03:34:55Z ERR failed to serve tunnel connection error="control stream encountered a failure while serving" connIndex=0 event=0 ip=2606:4700:a0::8
2026-09-04T03:34:55Z ERR Serve tunnel error error="control stream encountered a failure while serving" connIndex=0 event=0 ip=2606:4700:a0::8
2026-09-04T03:34:55Z INF Retrying connection in up to 1m4s connIndex=0 event=0 ip=2606:4700:a0::8
2026-09-04T03:35:13Z INF Tunnel connection curve preferences: [X25519MLKEM768 CurveID(65074) CurveP256] connIndex=0 event=0 ip=2606:4700:a0::8
2026-09-04T03:35:13Z ERR failed to run the datagram handler error="context canceled" connIndex=0 event=0 ip=2606:4700:a0::8
2026-09-04T03:35:13Z ERR failed to serve tunnel connection error="control stream encountered a failure while serving" connIndex=0 event=0 ip=2606:4700:a0::8
2026-09-04T03:35:13Z ERR Serve tunnel error error="control stream encountered a failure while serving" connIndex=0 event=0 ip=2606:4700:a0::8
2026-09-04T03:35:13Z INF Retrying connection in up to 1m4s connIndex=0 event=0 ip=2606:4700:a0::8
2026-09-04T03:35:20Z INF Tunnel connection curve preferences: [X25519MLKEM768 CurveID(65074) CurveP256] connIndex=0 event=0 ip=2606:4700:a0::8
2026-09-04T03:35:20Z ERR failed to run the datagram handler error="context canceled" connIndex=0 event=0 ip=2606:4700:a0::8
2026-09-04T03:35:20Z ERR failed to serve tunnel connection error="control stream encountered a failure while serving" connIndex=0 event=0 ip=2606:4700:a0::8
2026-09-04T03:35:20Z ERR Serve tunnel error error="control stream encountered a failure while serving" connIndex=0 event=0 ip=2606:4700:a0::8
2026-09-04T03:35:20Z INF Retrying connection in up to 1m4s connIndex=0 event=0 ip=2606:4700:a0::8
2026-09-04T03:35:32Z INF Tunnel connection curve preferences: [X25519MLKEM768 CurveID(65074) CurveP256] connIndex=0 event=0 ip=2606:4700:a0::8
2026-09-04T03:35:32Z ERR failed to run the datagram handler error="context canceled" connIndex=0 event=0 ip=2606:4700:a0::8
2026-09-04T03:35:32Z ERR failed to serve tunnel connection error="control stream encountered a failure while serving" connIndex=0 event=0 ip=2606:4700:a0::8
2026-09-04T03:35:32Z ERR Serve tunnel error error="control stream encountered a failure while serving" connIndex=0 event=0 ip=2606:4700:a0::8
2026-09-04T03:35:32Z INF Retrying connection in up to 1m4s connIndex=0 event=0 ip=2606:4700:a0::8
2026-09-04T03:35:43Z INF Tunnel connection curve preferences: [X25519MLKEM768 CurveID(65074) CurveP256] connIndex=0 event=0 ip=2606:4700:a0::8
2026-09-04T03:35:43Z ERR failed to run the datagram handler error="context canceled" connIndex=0 event=0 ip=2606:4700:a0::8
2026-09-04T03:35:43Z ERR failed to serve tunnel connection error="control stream encountered a failure while serving" connIndex=0 event=0 ip=2606:4700:a0::8
2026-09-04T03:35:43Z ERR Serve tunnel error error="control stream encountered a failure while serving" connIndex=0 event=0 ip=2606:4700:a0::8
2026-09-04T03:35:43Z INF Retrying connection in up to 1m4s connIndex=0 event=0 ip=2606:4700:a0::8
2026-09-04T03:36:12Z INF Tunnel connection curve preferences: [X25519MLKEM768 CurveID(65074) CurveP256] connIndex=0 event=0 ip=2606:4700:a0::8
2026-09-04T03:36:12Z ERR failed to run the datagram handler error="context canceled" connIndex=0 event=0 ip=2606:4700:a0::8
2026-09-04T03:36:12Z ERR failed to serve tunnel connection error="control stream encountered a failure while serving" connIndex=0 event=0 ip=2606:4700:a0::8
2026-09-04T03:36:12Z ERR Serve tunnel error error="control stream encountered a failure while serving" connIndex=0 event=0 ip=2606:4700:a0::8
2026-09-04T03:36:12Z INF Retrying connection in up to 1m4s connIndex=0 event=0 ip=2606:4700:a0::8
2026-09-04T03:36:14Z INF Tunnel connection curve preferences: [X25519MLKEM768 CurveID(65074) CurveP256] connIndex=0 event=0 ip=2606:4700:a0::8
2026-09-04T03:36:14Z ERR failed to run the datagram handler error="context canceled" connIndex=0 event=0 ip=2606:4700:a0::8
2026-09-04T03:36:14Z ERR failed to serve tunnel connection error="control stream encountered a failure while serving" connIndex=0 event=0 ip=2606:4700:a0::8
2026-09-04T03:36:14Z ERR Serve tunnel error error="control stream encountered a failure while serving" connIndex=0 event=0 ip=2606:4700:a0::8
2026-09-04T03:36:14Z INF Retrying connection in up to 1m4s connIndex=0 event=0 ip=2606:4700:a0::8
2026-09-04T03:36:16Z INF Tunnel connection curve preferences: [X25519MLKEM768 CurveID(65074) CurveP256] connIndex=0 event=0 ip=2606:4700:a0::8
2026-09-04T03:36:16Z ERR failed to run the datagram handler error="context canceled" connIndex=0 event=0 ip=2606:4700:a0::8
2026-09-04T03:36:16Z ERR failed to serve tunnel connection error="control stream encountered a failure while serving" connIndex=0 event=0 ip=2606:4700:a0::8
2026-09-04T03:36:16Z ERR Serve tunnel error error="control stream encountered a failure while serving" connIndex=0 event=0 ip=2606:4700:a0::8
2026-09-04T03:36:16Z INF Retrying connection in up to 1m4s connIndex=0 event=0 ip=2606:4700:a0::8
2026-09-04T03:36:21Z INF Tunnel connection curve preferences: [X25519MLKEM768 CurveID(65074) CurveP256] connIndex=0 event=0 ip=2606:4700:a0::8
2026-09-04T03:36:21Z ERR failed to run the datagram handler error="context canceled" connIndex=0 event=0 ip=2606:4700:a0::8
2026-09-04T03:36:21Z ERR failed to serve tunnel connection error="control stream encountered a failure while serving" connIndex=0 event=0 ip=2606:4700:a0::8
2026-09-04T03:36:21Z ERR Serve tunnel error error="control stream encountered a failure while serving" connIndex=0 event=0 ip=2606:4700:a0::8
2026-09-04T03:36:21Z INF Retrying connection in up to 1m4s connIndex=0 event=0 ip=2606:4700:a0::8
2026-09-04T03:36:51Z INF Tunnel connection curve preferences: [X25519MLKEM768 CurveID(65074) CurveP256] connIndex=0 event=0 ip=2606:4700:a0::8
2026-09-04T03:36:51Z ERR failed to run the datagram handler error="context canceled" connIndex=0 event=0 ip=2606:4700:a0::8
2026-09-04T03:36:51Z ERR failed to serve tunnel connection error="control stream encountered a failure while serving" connIndex=0 event=0 ip=2606:4700:a0::8
2026-09-04T03:36:51Z ERR Serve tunnel error error="control stream encountered a failure while serving" connIndex=0 event=0 ip=2606:4700:a0::8
2026-09-04T03:36:51Z INF Retrying connection in up to 1m4s connIndex=0 event=0 ip=2606:4700:a0::8
2026-09-04T03:37:22Z INF Tunnel connection curve preferences: [X25519MLKEM768 CurveID(65074) CurveP256] connIndex=0 event=0 ip=2606:4700:a0::8
2026-09-04T03:37:22Z ERR failed to run the datagram handler error="context canceled" connIndex=0 event=0 ip=2606:4700:a0::8
2026-09-04T03:37:22Z ERR failed to serve tunnel connection error="control stream encountered a failure while serving" connIndex=0 event=0 ip=2606:4700:a0::8
2026-09-04T03:37:22Z ERR Serve tunnel error error="control stream encountered a failure while serving" connIndex=0 event=0 ip=2606:4700:a0::8
2026-09-04T03:37:22Z INF Retrying connection in up to 1m4s connIndex=0 event=0 ip=2606:4700:a0::8
2026-09-04T03:37:41Z INF Tunnel connection curve preferences: [X25519MLKEM768 CurveID(65074) CurveP256] connIndex=0 event=0 ip=2606:4700:a0::8
2026-09-04T03:37:41Z ERR failed to run the datagram handler error="context canceled" connIndex=0 event=0 ip=2606:4700:a0::8
2026-09-04T03:37:41Z ERR failed to serve tunnel connection error="control stream encountered a failure while serving" connIndex=0 event=0 ip=2606:4700:a0::8
2026-09-04T03:37:41Z ERR Serve tunnel error error="control stream encountered a failure while serving" connIndex=0 event=0 ip=2606:4700:a0::8
2026-09-04T03:37:41Z INF Retrying connection in up to 1m4s connIndex=0 event=0 ip=2606:4700:a0::8
2026-09-04T03:37:58Z INF Tunnel connection curve preferences: [X25519MLKEM768 CurveID(65074) CurveP256] connIndex=0 event=0 ip=2606:4700:a0::8
2026-09-04T03:37:59Z ERR failed to run the datagram handler error="context canceled" connIndex=0 event=0 ip=2606:4700:a0::8
2026-09-04T03:37:59Z ERR failed to serve tunnel connection error="control stream encountered a failure while serving" connIndex=0 event=0 ip=2606:4700:a0::8
2026-09-04T03:37:59Z ERR Serve tunnel error error="control stream encountered a failure while serving" connIndex=0 event=0 ip=2606:4700:a0::8
2026-09-04T03:37:59Z INF Retrying connection in up to 1m4s connIndex=0 event=0 ip=2606:4700:a0::8
2026-09-04T03:37:59Z INF Tunnel connection curve preferences: [X25519MLKEM768 CurveID(65074) CurveP256] connIndex=0 event=0 ip=2606:4700:a0::8
2026-09-04T03:37:59Z ERR failed to run the datagram handler error="context canceled" connIndex=0 event=0 ip=2606:4700:a0::8
2026-09-04T03:37:59Z ERR failed to serve tunnel connection error="control stream encountered a failure while serving" connIndex=0 event=0 ip=2606:4700:a0::8
2026-09-04T03:37:59Z ERR Serve tunnel error error="control stream encountered a failure while serving" connIndex=0 event=0 ip=2606:4700:a0::8
2026-09-04T03:37:59Z INF Retrying connection in up to 1m4s connIndex=0 event=0 ip=2606:4700:a0::8
2026-09-04T03:38:11Z INF Tunnel connection curve preferences: [X25519MLKEM768 CurveID(65074) CurveP256] connIndex=0 event=0 ip=2606:4700:a0::8
2026-09-04T03:38:11Z ERR failed to run the datagram handler error="context canceled" connIndex=0 event=0 ip=2606:4700:a0::8
2026-09-04T03:38:11Z ERR failed to serve tunnel connection error="control stream encountered a failure while serving" connIndex=0 event=0 ip=2606:4700:a0::8
2026-09-04T03:38:11Z ERR Serve tunnel error error="control stream encountered a failure while serving" connIndex=0 event=0 ip=2606:4700:a0::8
2026-09-04T03:38:11Z INF Retrying connection in up to 1m4s connIndex=0 event=0 ip=2606:4700:a0::8
2026-09-04T03:38:31Z INF Tunnel connection curve preferences: [X25519MLKEM768 CurveID(65074) CurveP256] connIndex=0 event=0 ip=2606:4700:a0::8
2026-09-04T03:38:31Z ERR failed to run the datagram handler error="context canceled" connIndex=0 event=0 ip=2606:4700:a0::8
2026-09-04T03:38:31Z ERR failed to serve tunnel connection error="control stream encountered a failure while serving" connIndex=0 event=0 ip=2606:4700:a0::8
2026-09-04T03:38:31Z ERR Serve tunnel error error="control stream encountered a failure while serving" connIndex=0 event=0 ip=2606:4700:a0::8
2026-09-04T03:38:31Z INF Retrying connection in up to 1m4s connIndex=0 event=0 ip=2606:4700:a0::8
2026-09-04T03:38:36Z INF Tunnel connection curve preferences: [X25519MLKEM768 CurveID(65074) CurveP256] connIndex=0 event=0 ip=2606:4700:a0::8
2026-09-04T03:38:36Z ERR failed to run the datagram handler error="context canceled" connIndex=0 event=0 ip=2606:4700:a0::8
2026-09-04T03:38:36Z ERR failed to serve tunnel connection error="control stream encountered a failure while serving" connIndex=0 event=0 ip=2606:4700:a0::8
2026-09-04T03:38:36Z ERR Serve tunnel error error="control stream encountered a failure while serving" connIndex=0 event=0 ip=2606:4700:a0::8
2026-09-04T03:38:36Z INF Retrying connection in up to 1m4s connIndex=0 event=0 ip=2606:4700:a0::8
2026-09-04T03:38:43Z INF Tunnel connection curve preferences: [X25519MLKEM768 CurveID(65074) CurveP256] connIndex=0 event=0 ip=2606:4700:a0::8
2026-09-04T03:38:43Z ERR failed to run the datagram handler error="context canceled" connIndex=0 event=0 ip=2606:4700:a0::8
2026-09-04T03:38:43Z ERR failed to serve tunnel connection error="control stream encountered a failure while serving" connIndex=0 event=0 ip=2606:4700:a0::8
2026-09-04T03:38:43Z ERR Serve tunnel error error="control stream encountered a failure while serving" connIndex=0 event=0 ip=2606:4700:a0::8
2026-09-04T03:38:43Z INF Retrying connection in up to 1m4s connIndex=0 event=0 ip=2606:4700:a0::8
2026-09-04T03:39:03Z INF Tunnel connection curve preferences: [X25519MLKEM768 CurveID(65074) CurveP256] connIndex=0 event=0 ip=2606:4700:a0::8
2026-09-04T03:39:03Z ERR failed to run the datagram handler error="context canceled" connIndex=0 event=0 ip=2606:4700:a0::8
2026-09-04T03:39:03Z ERR failed to serve tunnel connection error="control stream encountered a failure while serving" connIndex=0 event=0 ip=2606:4700:a0::8
2026-09-04T03:39:03Z ERR Serve tunnel error error="control stream encountered a failure while serving" connIndex=0 event=0 ip=2606:4700:a0::8
2026-09-04T03:39:03Z INF Retrying connection in up to 1m4s connIndex=0 event=0 ip=2606:4700:a0::8
2026-09-04T03:39:14Z INF Tunnel connection curve preferences: [X25519MLKEM768 CurveID(65074) CurveP256] connIndex=0 event=0 ip=2606:4700:a0::8
2026-09-04T03:39:14Z ERR failed to run the datagram handler error="context canceled" connIndex=0 event=0 ip=2606:4700:a0::8
2026-09-04T03:39:14Z ERR failed to serve tunnel connection error="control stream encountered a failure while serving" connIndex=0 event=0 ip=2606:4700:a0::8
2026-09-04T03:39:14Z ERR Serve tunnel error error="control stream encountered a failure while serving" connIndex=0 event=0 ip=2606:4700:a0::8
2026-09-04T03:39:14Z INF Retrying connection in up to 1m4s connIndex=0 event=0 ip=2606:4700:a0::8
2026-09-04T03:39:14Z INF Tunnel connection curve preferences: [X25519MLKEM768 CurveID(65074) CurveP256] connIndex=0 event=0 ip=2606:4700:a0::8
2026-09-04T03:39:14Z ERR failed to run the datagram handler error="context canceled" connIndex=0 event=0 ip=2606:4700:a0::8
2026-09-04T03:39:14Z ERR failed to serve tunnel connection error="control stream encountered a failure while serving" connIndex=0 event=0 ip=2606:4700:a0::8
2026-09-04T03:39:14Z ERR Serve tunnel error error="control stream encountered a failure while serving" connIndex=0 event=0 ip=2606:4700:a0::8
2026-09-04T03:39:14Z INF Retrying connection in up to 1m4s connIndex=0 event=0 ip=2606:4700:a0::8
2026-09-04T03:39:36Z INF Tunnel connection curve preferences: [X25519MLKEM768 CurveID(65074) CurveP256] connIndex=0 event=0 ip=2606:4700:a0::8
2026-09-04T03:39:36Z ERR failed to run the datagram handler error="context canceled" connIndex=0 event=0 ip=2606:4700:a0::8
2026-09-04T03:39:36Z ERR failed to serve tunnel connection error="control stream encountered a failure while serving" connIndex=0 event=0 ip=2606:4700:a0::8
2026-09-04T03:39:36Z ERR Serve tunnel error error="control stream encountered a failure while serving" connIndex=0 event=0 ip=2606:4700:a0::8
2026-09-04T03:39:36Z INF Retrying connection in up to 1m4s connIndex=0 event=0 ip=2606:4700:a0::8
2026-09-04T03:39:49Z INF Tunnel connection curve preferences: [X25519MLKEM768 CurveID(65074) CurveP256] connIndex=0 event=0 ip=2606:4700:a0::8
2026-09-04T03:39:49Z ERR failed to run the datagram handler error="context canceled" connIndex=0 event=0 ip=2606:4700:a0::8
2026-09-04T03:39:49Z ERR failed to serve tunnel connection error="control stream encountered a failure while serving" connIndex=0 event=0 ip=2606:4700:a0::8
2026-09-04T03:39:49Z ERR Serve tunnel error error="control stream encountered a failure while serving" connIndex=0 event=0 ip=2606:4700:a0::8
2026-09-04T03:39:49Z INF Retrying connection in up to 1m4s connIndex=0 event=0 ip=2606:4700:a0::8
2026-09-04T03:39:57Z INF Tunnel connection curve preferences: [X25519MLKEM768 CurveID(65074) CurveP256] connIndex=0 event=0 ip=2606:4700:a0::8
2026-09-04T03:39:57Z ERR failed to run the datagram handler error="context canceled" connIndex=0 event=0 ip=2606:4700:a0::8
2026-09-04T03:39:57Z ERR failed to serve tunnel connection error="control stream encountered a failure while serving" connIndex=0 event=0 ip=2606:4700:a0::8
2026-09-04T03:39:57Z ERR Serve tunnel error error="control stream encountered a failure while serving" connIndex=0 event=0 ip=2606:4700:a0::8
2026-09-04T03:39:57Z INF Retrying connection in up to 1m4s connIndex=0 event=0 ip=2606:4700:a0::8
2026-09-04T03:40:10Z INF Tunnel connection curve preferences: [X25519MLKEM768 CurveID(65074) CurveP256] connIndex=0 event=0 ip=2606:4700:a0::8
2026-09-04T03:40:11Z ERR failed to run the datagram handler error="context canceled" connIndex=0 event=0 ip=2606:4700:a0::8
2026-09-04T03:40:11Z ERR failed to serve tunnel connection error="control stream encountered a failure while serving" connIndex=0 event=0 ip=2606:4700:a0::8
2026-09-04T03:40:11Z ERR Serve tunnel error error="control stream encountered a failure while serving" connIndex=0 event=0 ip=2606:4700:a0::8
2026-09-04T03:40:11Z INF Retrying connection in up to 1m4s connIndex=0 event=0 ip=2606:4700:a0::8
2026-09-04T03:40:21Z INF Tunnel connection curve preferences: [X25519MLKEM768 CurveID(65074) CurveP256] connIndex=0 event=0 ip=2606:4700:a0::8
2026-09-04T03:40:21Z ERR failed to run the datagram handler error="context canceled" connIndex=0 event=0 ip=2606:4700:a0::8
2026-09-04T03:40:21Z ERR failed to serve tunnel connection error="control stream encountered a failure while serving" connIndex=0 event=0 ip=2606:4700:a0::8
2026-09-04T03:40:21Z ERR Serve tunnel error error="control stream encountered a failure while serving" connIndex=0 event=0 ip=2606:4700:a0::8
2026-09-04T03:40:21Z INF Retrying connection in up to 1m4s connIndex=0 event=0 ip=2606:4700:a0::8
2026-09-04T03:40:32Z INF Tunnel connection curve preferences: [X25519MLKEM768 CurveID(65074) CurveP256] connIndex=0 event=0 ip=2606:4700:a0::8
2026-09-04T03:40:32Z ERR failed to run the datagram handler error="context canceled" connIndex=0 event=0 ip=2606:4700:a0::8
2026-09-04T03:40:32Z ERR failed to serve tunnel connection error="control stream encountered a failure while serving" connIndex=0 event=0 ip=2606:4700:a0::8
2026-09-04T03:40:32Z ERR Serve tunnel error error="control stream encountered a failure while serving" connIndex=0 event=0 ip=2606:4700:a0::8
2026-09-04T03:40:32Z INF Retrying connection in up to 1m4s connIndex=0 event=0 ip=2606:4700:a0::8
2026-09-04T03:40:33Z INF Tunnel connection curve preferences: [X25519MLKEM768 CurveID(65074) CurveP256] connIndex=0 event=0 ip=2606:4700:a0::8
2026-09-04T03:40:33Z ERR failed to run the datagram handler error="context canceled" connIndex=0 event=0 ip=2606:4700:a0::8
2026-09-04T03:40:33Z ERR failed to serve tunnel connection error="control stream encountered a failure while serving" connIndex=0 event=0 ip=2606:4700:a0::8
2026-09-04T03:40:33Z ERR Serve tunnel error error="control stream encountered a failure while serving" connIndex=0 event=0 ip=2606:4700:a0::8
2026-09-04T03:40:33Z INF Retrying connection in up to 1m4s connIndex=0 event=0 ip=2606:4700:a0::8
2026-09-04T03:40:35Z INF Tunnel connection curve preferences: [X25519MLKEM768 CurveID(65074) CurveP256] connIndex=0 event=0 ip=2606:4700:a0::8
2026-09-04T03:40:35Z ERR failed to run the datagram handler error="context canceled" connIndex=0 event=0 ip=2606:4700:a0::8
2026-09-04T03:40:35Z ERR failed to serve tunnel connection error="control stream encountered a failure while serving" connIndex=0 event=0 ip=2606:4700:a0::8
2026-09-04T03:40:35Z ERR Serve tunnel error error="control stream encountered a failure while serving" connIndex=0 event=0 ip=2606:4700:a0::8
2026-09-04T03:40:35Z INF Retrying connection in up to 1m4s connIndex=0 event=0 ip=2606:4700:a0::8
2026-09-04T03:40:56Z INF Tunnel connection curve preferences: [X25519MLKEM768 CurveID(65074) CurveP256] connIndex=0 event=0 ip=2606:4700:a0::8
2026-09-04T03:40:56Z ERR failed to run the datagram handler error="context canceled" connIndex=0 event=0 ip=2606:4700:a0::8
2026-09-04T03:40:56Z ERR failed to serve tunnel connection error="control stream encountered a failure while serving" connIndex=0 event=0 ip=2606:4700:a0::8
2026-09-04T03:40:56Z ERR Serve tunnel error error="control stream encountered a failure while serving" connIndex=0 event=0 ip=2606:4700:a0::8
2026-09-04T03:40:56Z INF Retrying connection in up to 1m4s connIndex=0 event=0 ip=2606:4700:a0::8
2026-09-04T03:41:18Z INF Tunnel connection curve preferences: [X25519MLKEM768 CurveID(65074) CurveP256] connIndex=0 event=0 ip=2606:4700:a0::8
2026-09-04T03:41:19Z ERR failed to run the datagram handler error="context canceled" connIndex=0 event=0 ip=2606:4700:a0::8
2026-09-04T03:41:19Z ERR failed to serve tunnel connection error="control stream encountered a failure while serving" connIndex=0 event=0 ip=2606:4700:a0::8
2026-09-04T03:41:19Z ERR Serve tunnel error error="control stream encountered a failure while serving" connIndex=0 event=0 ip=2606:4700:a0::8
2026-09-04T03:41:19Z INF Retrying connection in up to 1m4s connIndex=0 event=0 ip=2606:4700:a0::8
2026-09-04T03:41:48Z INF Tunnel connection curve preferences: [X25519MLKEM768 CurveID(65074) CurveP256] connIndex=0 event=0 ip=2606:4700:a0::8
2026-09-04T03:41:48Z ERR failed to run the datagram handler error="context canceled" connIndex=0 event=0 ip=2606:4700:a0::8
2026-09-04T03:41:48Z ERR failed to serve tunnel connection error="control stream encountered a failure while serving" connIndex=0 event=0 ip=2606:4700:a0::8
2026-09-04T03:41:48Z ERR Serve tunnel error error="control stream encountered a failure while serving" connIndex=0 event=0 ip=2606:4700:a0::8
2026-09-04T03:41:48Z INF Retrying connection in up to 1m4s connIndex=0 event=0 ip=2606:4700:a0::8
2026-09-04T03:41:51Z INF Tunnel connection curve preferences: [X25519MLKEM768 CurveID(65074) CurveP256] connIndex=0 event=0 ip=2606:4700:a0::8
2026-09-04T03:41:51Z ERR failed to run the datagram handler error="context canceled" connIndex=0 event=0 ip=2606:4700:a0::8
2026-09-04T03:41:51Z ERR failed to serve tunnel connection error="control stream encountered a failure while serving" connIndex=0 event=0 ip=2606:4700:a0::8
2026-09-04T03:41:51Z ERR Serve tunnel error error="control stream encountered a failure while serving" connIndex=0 event=0 ip=2606:4700:a0::8
2026-09-04T03:41:51Z INF Retrying connection in up to 1m4s connIndex=0 event=0 ip=2606:4700:a0::8
2026-09-04T03:41:55Z INF Tunnel connection curve preferences: [X25519MLKEM768 CurveID(65074) CurveP256] connIndex=0 event=0 ip=2606:4700:a0::8
2026-09-04T03:41:55Z ERR failed to run the datagram handler error="context canceled" connIndex=0 event=0 ip=2606:4700:a0::8
2026-09-04T03:41:55Z ERR failed to serve tunnel connection error="control stream encountered a failure while serving" connIndex=0 event=0 ip=2606:4700:a0::8
2026-09-04T03:41:55Z ERR Serve tunnel error error="control stream encountered a failure while serving" connIndex=0 event=0 ip=2606:4700:a0::8
2026-09-04T03:41:55Z INF Retrying connection in up to 1m4s connIndex=0 event=0 ip=2606:4700:a0::8
2026-09-04T03:42:05Z INF Tunnel connection curve preferences: [X25519MLKEM768 CurveID(65074) CurveP256] connIndex=0 event=0 ip=2606:4700:a0::8
2026-09-04T03:42:05Z ERR failed to run the datagram handler error="context canceled" connIndex=0 event=0 ip=2606:4700:a0::8
2026-09-04T03:42:05Z ERR failed to serve tunnel connection error="control stream encountered a failure while serving" connIndex=0 event=0 ip=2606:4700:a0::8
2026-09-04T03:42:05Z ERR Serve tunnel error error="control stream encountered a failure while serving" connIndex=0 event=0 ip=2606:4700:a0::8
2026-09-04T03:42:05Z INF Retrying connection in up to 1m4s connIndex=0 event=0 ip=2606:4700:a0::8
2026-09-04T03:42:06Z INF Tunnel connection curve preferences: [X25519MLKEM768 CurveID(65074) CurveP256] connIndex=0 event=0 ip=2606:4700:a0::8
2026-09-04T03:42:06Z ERR failed to run the datagram handler error="context canceled" connIndex=0 event=0 ip=2606:4700:a0::8
2026-09-04T03:42:06Z ERR failed to serve tunnel connection error="control stream encountered a failure while serving" connIndex=0 event=0 ip=2606:4700:a0::8
2026-09-04T03:42:06Z ERR Serve tunnel error error="control stream encountered a failure while serving" connIndex=0 event=0 ip=2606:4700:a0::8
2026-09-04T03:42:06Z INF Retrying connection in up to 1m4s connIndex=0 event=0 ip=2606:4700:a0::8
2026-09-04T03:42:20Z INF Tunnel connection curve preferences: [X25519MLKEM768 CurveID(65074) CurveP256] connIndex=0 event=0 ip=2606:4700:a0::8
2026-09-04T03:42:20Z ERR failed to run the datagram handler error="context canceled" connIndex=0 event=0 ip=2606:4700:a0::8
2026-09-04T03:42:20Z ERR failed to serve tunnel connection error="control stream encountered a failure while serving" connIndex=0 event=0 ip=2606:4700:a0::8
2026-09-04T03:42:20Z ERR Serve tunnel error error="control stream encountered a failure while serving" connIndex=0 event=0 ip=2606:4700:a0::8
2026-09-04T03:42:20Z INF Retrying connection in up to 1m4s connIndex=0 event=0 ip=2606:4700:a0::8
2026-09-04T03:42:31Z INF Tunnel connection curve preferences: [X25519MLKEM768 CurveID(65074) CurveP256] connIndex=0 event=0 ip=2606:4700:a0::8
2026-09-04T03:42:32Z ERR failed to run the datagram handler error="context canceled" connIndex=0 event=0 ip=2606:4700:a0::8
2026-09-04T03:42:32Z ERR failed to serve tunnel connection error="control stream encountered a failure while serving" connIndex=0 event=0 ip=2606:4700:a0::8
2026-09-04T03:42:32Z ERR Serve tunnel error error="control stream encountered a failure while serving" connIndex=0 event=0 ip=2606:4700:a0::8
2026-09-04T03:42:32Z INF Retrying connection in up to 1m4s connIndex=0 event=0 ip=2606:4700:a0::8
2026-09-04T03:42:47Z INF Tunnel connection curve preferences: [X25519MLKEM768 CurveID(65074) CurveP256] connIndex=0 event=0 ip=2606:4700:a0::8
2026-09-04T03:42:47Z ERR failed to run the datagram handler error="context canceled" connIndex=0 event=0 ip=2606:4700:a0::8
2026-09-04T03:42:47Z ERR failed to serve tunnel connection error="control stream encountered a failure while serving" connIndex=0 event=0 ip=2606:4700:a0::8
2026-09-04T03:42:47Z ERR Serve tunnel error error="control stream encountered a failure while serving" connIndex=0 event=0 ip=2606:4700:a0::8
2026-09-04T03:42:47Z INF Retrying connection in up to 1m4s connIndex=0 event=0 ip=2606:4700:a0::8
2026-09-04T03:42:58Z INF Tunnel connection curve preferences: [X25519MLKEM768 CurveID(65074) CurveP256] connIndex=0 event=0 ip=2606:4700:a0::8
2026-09-04T03:42:59Z ERR failed to run the datagram handler error="context canceled" connIndex=0 event=0 ip=2606:4700:a0::8
2026-09-04T03:42:59Z ERR failed to serve tunnel connection error="control stream encountered a failure while serving" connIndex=0 event=0 ip=2606:4700:a0::8
2026-09-04T03:42:59Z ERR Serve tunnel error error="control stream encountered a failure while serving" connIndex=0 event=0 ip=2606:4700:a0::8
2026-09-04T03:42:59Z INF Retrying connection in up to 1m4s connIndex=0 event=0 ip=2606:4700:a0::8
2026-09-04T03:43:13Z INF Tunnel connection curve preferences: [X25519MLKEM768 CurveID(65074) CurveP256] connIndex=0 event=0 ip=2606:4700:a0::8
2026-09-04T03:43:13Z ERR failed to run the datagram handler error="context canceled" connIndex=0 event=0 ip=2606:4700:a0::8
2026-09-04T03:43:13Z ERR failed to serve tunnel connection error="control stream encountered a failure while serving" connIndex=0 event=0 ip=2606:4700:a0::8
2026-09-04T03:43:13Z ERR Serve tunnel error error="control stream encountered a failure while serving" connIndex=0 event=0 ip=2606:4700:a0::8
2026-09-04T03:43:13Z INF Retrying connection in up to 1m4s connIndex=0 event=0 ip=2606:4700:a0::8
2026-09-04T03:43:23Z INF Tunnel connection curve preferences: [X25519MLKEM768 CurveID(65074) CurveP256] connIndex=0 event=0 ip=2606:4700:a0::8
2026-09-04T03:43:23Z ERR failed to run the datagram handler error="context canceled" connIndex=0 event=0 ip=2606:4700:a0::8
2026-09-04T03:43:23Z ERR failed to serve tunnel connection error="control stream encountered a failure while serving" connIndex=0 event=0 ip=2606:4700:a0::8
2026-09-04T03:43:23Z ERR Serve tunnel error error="control stream encountered a failure while serving" connIndex=0 event=0 ip=2606:4700:a0::8
2026-09-04T03:43:23Z INF Retrying connection in up to 1m4s connIndex=0 event=0 ip=2606:4700:a0::8
2026-09-04T03:43:31Z INF Tunnel connection curve preferences: [X25519MLKEM768 CurveID(65074) CurveP256] connIndex=0 event=0 ip=2606:4700:a0::8
2026-09-04T03:43:31Z ERR failed to run the datagram handler error="context canceled" connIndex=0 event=0 ip=2606:4700:a0::8
2026-09-04T03:43:31Z ERR failed to serve tunnel connection error="control stream encountered a failure while serving" connIndex=0 event=0 ip=2606:4700:a0::8
2026-09-04T03:43:31Z ERR Serve tunnel error error="control stream encountered a failure while serving" connIndex=0 event=0 ip=2606:4700:a0::8
2026-09-04T03:43:31Z INF Retrying connection in up to 1m4s connIndex=0 event=0 ip=2606:4700:a0::8
2026-09-04T03:43:49Z INF Tunnel connection curve preferences: [X25519MLKEM768 CurveID(65074) CurveP256] connIndex=0 event=0 ip=2606:4700:a0::8
2026-09-04T03:43:50Z ERR failed to run the datagram handler error="context canceled" connIndex=0 event=0 ip=2606:4700:a0::8
2026-09-04T03:43:50Z ERR failed to serve tunnel connection error="control stream encountered a failure while serving" connIndex=0 event=0 ip=2606:4700:a0::8
2026-09-04T03:43:50Z ERR Serve tunnel error error="control stream encountered a failure while serving" connIndex=0 event=0 ip=2606:4700:a0::8
2026-09-04T03:43:50Z INF Retrying connection in up to 1m4s connIndex=0 event=0 ip=2606:4700:a0::8
2026-09-04T03:44:13Z INF Tunnel connection curve preferences: [X25519MLKEM768 CurveID(65074) CurveP256] connIndex=0 event=0 ip=2606:4700:a0::8
2026-09-04T03:44:13Z ERR failed to run the datagram handler error="context canceled" connIndex=0 event=0 ip=2606:4700:a0::8
2026-09-04T03:44:13Z ERR failed to serve tunnel connection error="control stream encountered a failure while serving" connIndex=0 event=0 ip=2606:4700:a0::8
2026-09-04T03:44:13Z ERR Serve tunnel error error="control stream encountered a failure while serving" connIndex=0 event=0 ip=2606:4700:a0::8
2026-09-04T03:44:13Z INF Retrying connection in up to 1m4s connIndex=0 event=0 ip=2606:4700:a0::8
2026-09-04T03:44:25Z INF Tunnel connection curve preferences: [X25519MLKEM768 CurveID(65074) CurveP256] connIndex=0 event=0 ip=2606:4700:a0::8
2026-09-04T03:44:25Z ERR failed to run the datagram handler error="context canceled" connIndex=0 event=0 ip=2606:4700:a0::8
2026-09-04T03:44:25Z ERR failed to serve tunnel connection error="control stream encountered a failure while serving" connIndex=0 event=0 ip=2606:4700:a0::8
2026-09-04T03:44:25Z ERR Serve tunnel error error="control stream encountered a failure while serving" connIndex=0 event=0 ip=2606:4700:a0::8
2026-09-04T03:44:25Z INF Retrying connection in up to 1m4s connIndex=0 event=0 ip=2606:4700:a0::8
2026-09-04T03:44:39Z INF Tunnel connection curve preferences: [X25519MLKEM768 CurveID(65074) CurveP256] connIndex=0 event=0 ip=2606:4700:a0::8
2026-09-04T03:44:39Z ERR failed to run the datagram handler error="context canceled" connIndex=0 event=0 ip=2606:4700:a0::8
2026-09-04T03:44:39Z ERR failed to serve tunnel connection error="control stream encountered a failure while serving" connIndex=0 event=0 ip=2606:4700:a0::8
2026-09-04T03:44:39Z ERR Serve tunnel error error="control stream encountered a failure while serving" connIndex=0 event=0 ip=2606:4700:a0::8
2026-09-04T03:44:39Z INF Retrying connection in up to 1m4s connIndex=0 event=0 ip=2606:4700:a0::8
2026-09-04T03:44:57Z INF Tunnel connection curve preferences: [X25519MLKEM768 CurveID(65074) CurveP256] connIndex=0 event=0 ip=2606:4700:a0::8
2026-09-04T03:44:57Z ERR failed to run the datagram handler error="context canceled" connIndex=0 event=0 ip=2606:4700:a0::8
2026-09-04T03:44:57Z ERR failed to serve tunnel connection error="control stream encountered a failure while serving" connIndex=0 event=0 ip=2606:4700:a0::8
2026-09-04T03:44:57Z ERR Serve tunnel error error="control stream encountered a failure while serving" connIndex=0 event=0 ip=2606:4700:a0::8
2026-09-04T03:44:57Z INF Retrying connection in up to 1m4s connIndex=0 event=0 ip=2606:4700:a0::8
2026-09-04T03:45:26Z INF Tunnel connection curve preferences: [X25519MLKEM768 CurveID(65074) CurveP256] connIndex=0 event=0 ip=2606:4700:a0::8
2026-09-04T03:45:26Z ERR failed to run the datagram handler error="context canceled" connIndex=0 event=0 ip=2606:4700:a0::8
2026-09-04T03:45:26Z ERR failed to serve tunnel connection error="control stream encountered a failure while serving" connIndex=0 event=0 ip=2606:4700:a0::8
2026-09-04T03:45:26Z ERR Serve tunnel error error="control stream encountered a failure while serving" connIndex=0 event=0 ip=2606:4700:a0::8
2026-09-04T03:45:26Z INF Retrying connection in up to 1m4s connIndex=0 event=0 ip=2606:4700:a0::8
2026-09-04T03:45:55Z INF Tunnel connection curve preferences: [X25519MLKEM768 CurveID(65074) CurveP256] connIndex=0 event=0 ip=2606:4700:a0::8
2026-09-04T03:45:55Z ERR failed to run the datagram handler error="context canceled" connIndex=0 event=0 ip=2606:4700:a0::8
2026-09-04T03:45:55Z ERR failed to serve tunnel connection error="control stream encountered a failure while serving" connIndex=0 event=0 ip=2606:4700:a0::8
2026-09-04T03:45:55Z ERR Serve tunnel error error="control stream encountered a failure while serving" connIndex=0 event=0 ip=2606:4700:a0::8
2026-09-04T03:45:55Z INF Retrying connection in up to 1m4s connIndex=0 event=0 ip=2606:4700:a0::8
2026-09-04T03:46:25Z INF Tunnel connection curve preferences: [X25519MLKEM768 CurveID(65074) CurveP256] connIndex=0 event=0 ip=2606:4700:a0::8
2026-09-04T03:46:25Z ERR failed to run the datagram handler error="context canceled" connIndex=0 event=0 ip=2606:4700:a0::8
2026-09-04T03:46:25Z ERR failed to serve tunnel connection error="control stream encountered a failure while serving" connIndex=0 event=0 ip=2606:4700:a0::8
2026-09-04T03:46:25Z ERR Serve tunnel error error="control stream encountered a failure while serving" connIndex=0 event=0 ip=2606:4700:a0::8
2026-09-04T03:46:25Z INF Retrying connection in up to 1m4s connIndex=0 event=0 ip=2606:4700:a0::8
2026-09-04T03:46:36Z INF Tunnel connection curve preferences: [X25519MLKEM768 CurveID(65074) CurveP256] connIndex=0 event=0 ip=2606:4700:a0::8
2026-09-04T03:46:36Z ERR failed to run the datagram handler error="context canceled" connIndex=0 event=0 ip=2606:4700:a0::8
2026-09-04T03:46:36Z ERR failed to serve tunnel connection error="control stream encountered a failure while serving" connIndex=0 event=0 ip=2606:4700:a0::8
2026-09-04T03:46:36Z ERR Serve tunnel error error="control stream encountered a failure while serving" connIndex=0 event=0 ip=2606:4700:a0::8
2026-09-04T03:46:36Z INF Retrying connection in up to 1m4s connIndex=0 event=0 ip=2606:4700:a0::8
2026-09-04T03:46:48Z INF Tunnel connection curve preferences: [X25519MLKEM768 CurveID(65074) CurveP256] connIndex=0 event=0 ip=2606:4700:a0::8
2026-09-04T03:46:48Z ERR failed to run the datagram handler error="context canceled" connIndex=0 event=0 ip=2606:4700:a0::8
2026-09-04T03:46:48Z ERR failed to serve tunnel connection error="control stream encountered a failure while serving" connIndex=0 event=0 ip=2606:4700:a0::8
2026-09-04T03:46:48Z ERR Serve tunnel error error="control stream encountered a failure while serving" connIndex=0 event=0 ip=2606:4700:a0::8
2026-09-04T03:46:48Z INF Retrying connection in up to 1m4s connIndex=0 event=0 ip=2606:4700:a0::8
2026-09-04T03:46:53Z INF Tunnel connection curve preferences: [X25519MLKEM768 CurveID(65074) CurveP256] connIndex=0 event=0 ip=2606:4700:a0::8
2026-09-04T03:46:53Z ERR failed to run the datagram handler error="context canceled" connIndex=0 event=0 ip=2606:4700:a0::8
2026-09-04T03:46:53Z ERR failed to serve tunnel connection error="control stream encountered a failure while serving" connIndex=0 event=0 ip=2606:4700:a0::8
2026-09-04T03:46:53Z ERR Serve tunnel error error="control stream encountered a failure while serving" connIndex=0 event=0 ip=2606:4700:a0::8
2026-09-04T03:46:53Z INF Retrying connection in up to 1m4s connIndex=0 event=0 ip=2606:4700:a0::8
2026-09-04T03:47:06Z INF Tunnel connection curve preferences: [X25519MLKEM768 CurveID(65074) CurveP256] connIndex=0 event=0 ip=2606:4700:a0::8
2026-09-04T03:47:06Z ERR failed to run the datagram handler error="context canceled" connIndex=0 event=0 ip=2606:4700:a0::8
2026-09-04T03:47:06Z ERR failed to serve tunnel connection error="control stream encountered a failure while serving" connIndex=0 event=0 ip=2606:4700:a0::8
2026-09-04T03:47:06Z ERR Serve tunnel error error="control stream encountered a failure while serving" connIndex=0 event=0 ip=2606:4700:a0::8
2026-09-04T03:47:06Z INF Retrying connection in up to 1m4s connIndex=0 event=0 ip=2606:4700:a0::8
2026-09-04T03:47:32Z INF Tunnel connection curve preferences: [X25519MLKEM768 CurveID(65074) CurveP256] connIndex=0 event=0 ip=2606:4700:a0::8
2026-09-04T03:47:32Z ERR failed to run the datagram handler error="context canceled" connIndex=0 event=0 ip=2606:4700:a0::8
2026-09-04T03:47:32Z ERR failed to serve tunnel connection error="control stream encountered a failure while serving" connIndex=0 event=0 ip=2606:4700:a0::8
2026-09-04T03:47:32Z ERR Serve tunnel error error="control stream encountered a failure while serving" connIndex=0 event=0 ip=2606:4700:a0::8
2026-09-04T03:47:32Z INF Retrying connection in up to 1m4s connIndex=0 event=0 ip=2606:4700:a0::8
2026-09-04T03:47:57Z INF Tunnel connection curve preferences: [X25519MLKEM768 CurveID(65074) CurveP256] connIndex=0 event=0 ip=2606:4700:a0::8
2026-09-04T03:47:57Z ERR failed to run the datagram handler error="context canceled" connIndex=0 event=0 ip=2606:4700:a0::8
2026-09-04T03:47:57Z ERR failed to serve tunnel connection error="control stream encountered a failure while serving" connIndex=0 event=0 ip=2606:4700:a0::8
2026-09-04T03:47:57Z ERR Serve tunnel error error="control stream encountered a failure while serving" connIndex=0 event=0 ip=2606:4700:a0::8
2026-09-04T03:47:57Z INF Retrying connection in up to 1m4s connIndex=0 event=0 ip=2606:4700:a0::8
2026-09-04T03:48:24Z INF Tunnel connection curve preferences: [X25519MLKEM768 CurveID(65074) CurveP256] connIndex=0 event=0 ip=2606:4700:a0::8
2026-09-04T03:48:24Z ERR failed to run the datagram handler error="context canceled" connIndex=0 event=0 ip=2606:4700:a0::8
2026-09-04T03:48:24Z ERR failed to serve tunnel connection error="control stream encountered a failure while serving" connIndex=0 event=0 ip=2606:4700:a0::8
2026-09-04T03:48:24Z ERR Serve tunnel error error="control stream encountered a failure while serving" connIndex=0 event=0 ip=2606:4700:a0::8
2026-09-04T03:48:24Z INF Retrying connection in up to 1m4s connIndex=0 event=0 ip=2606:4700:a0::8
2026-09-04T03:48:48Z INF Tunnel connection curve preferences: [X25519MLKEM768 CurveID(65074) CurveP256] connIndex=0 event=0 ip=2606:4700:a0::8
2026-09-04T03:48:48Z ERR failed to run the datagram handler error="context canceled" connIndex=0 event=0 ip=2606:4700:a0::8
2026-09-04T03:48:48Z ERR failed to serve tunnel connection error="control stream encountered a failure while serving" connIndex=0 event=0 ip=2606:4700:a0::8
2026-09-04T03:48:48Z ERR Serve tunnel error error="control stream encountered a failure while serving" connIndex=0 event=0 ip=2606:4700:a0::8
2026-09-04T03:48:48Z INF Retrying connection in up to 1m4s connIndex=0 event=0 ip=2606:4700:a0::8
2026-09-04T03:48:54Z INF Tunnel connection curve preferences: [X25519MLKEM768 CurveID(65074) CurveP256] connIndex=0 event=0 ip=2606:4700:a0::8
2026-09-04T03:48:54Z ERR failed to run the datagram handler error="context canceled" connIndex=0 event=0 ip=2606:4700:a0::8
2026-09-04T03:48:54Z ERR failed to serve tunnel connection error="control stream encountered a failure while serving" connIndex=0 event=0 ip=2606:4700:a0::8
2026-09-04T03:48:54Z ERR Serve tunnel error error="control stream encountered a failure while serving" connIndex=0 event=0 ip=2606:4700:a0::8
2026-09-04T03:48:54Z INF Retrying connection in up to 1m4s connIndex=0 event=0 ip=2606:4700:a0::8
2026-09-04T03:49:01Z INF Tunnel connection curve preferences: [X25519MLKEM768 CurveID(65074) CurveP256] connIndex=0 event=0 ip=2606:4700:a0::8
2026-09-04T03:49:01Z ERR failed to run the datagram handler error="context canceled" connIndex=0 event=0 ip=2606:4700:a0::8
2026-09-04T03:49:01Z ERR failed to serve tunnel connection error="control stream encountered a failure while serving" connIndex=0 event=0 ip=2606:4700:a0::8
2026-09-04T03:49:01Z ERR Serve tunnel error error="control stream encountered a failure while serving" connIndex=0 event=0 ip=2606:4700:a0::8
2026-09-04T03:49:01Z INF Retrying connection in up to 1m4s connIndex=0 event=0 ip=2606:4700:a0::8
2026-09-04T03:49:21Z INF Tunnel connection curve preferences: [X25519MLKEM768 CurveID(65074) CurveP256] connIndex=0 event=0 ip=2606:4700:a0::8
2026-09-04T03:49:21Z ERR failed to run the datagram handler error="context canceled" connIndex=0 event=0 ip=2606:4700:a0::8
2026-09-04T03:49:21Z ERR failed to serve tunnel connection error="control stream encountered a failure while serving" connIndex=0 event=0 ip=2606:4700:a0::8
2026-09-04T03:49:21Z ERR Serve tunnel error error="control stream encountered a failure while serving" connIndex=0 event=0 ip=2606:4700:a0::8
2026-09-04T03:49:21Z INF Retrying connection in up to 1m4s connIndex=0 event=0 ip=2606:4700:a0::8
2026-09-04T03:49:28Z INF Tunnel connection curve preferences: [X25519MLKEM768 CurveID(65074) CurveP256] connIndex=0 event=0 ip=2606:4700:a0::8
2026-09-04T03:49:28Z ERR failed to run the datagram handler error="context canceled" connIndex=0 event=0 ip=2606:4700:a0::8
2026-09-04T03:49:28Z ERR failed to serve tunnel connection error="control stream encountered a failure while serving" connIndex=0 event=0 ip=2606:4700:a0::8
2026-09-04T03:49:28Z ERR Serve tunnel error error="control stream encountered a failure while serving" connIndex=0 event=0 ip=2606:4700:a0::8
2026-09-04T03:49:28Z INF Retrying connection in up to 1m4s connIndex=0 event=0 ip=2606:4700:a0::8
2026-09-04T03:49:41Z INF Tunnel connection curve preferences: [X25519MLKEM768 CurveID(65074) CurveP256] connIndex=0 event=0 ip=2606:4700:a0::8
2026-09-04T03:49:41Z ERR failed to run the datagram handler error="context canceled" connIndex=0 event=0 ip=2606:4700:a0::8
2026-09-04T03:49:41Z ERR failed to serve tunnel connection error="control stream encountered a failure while serving" connIndex=0 event=0 ip=2606:4700:a0::8
2026-09-04T03:49:41Z ERR Serve tunnel error error="control stream encountered a failure while serving" connIndex=0 event=0 ip=2606:4700:a0::8
2026-09-04T03:49:41Z INF Retrying connection in up to 1m4s connIndex=0 event=0 ip=2606:4700:a0::8
2026-09-04T03:50:11Z INF Tunnel connection curve preferences: [X25519MLKEM768 CurveID(65074) CurveP256] connIndex=0 event=0 ip=2606:4700:a0::8
2026-09-04T03:50:12Z ERR failed to run the datagram handler error="context canceled" connIndex=0 event=0 ip=2606:4700:a0::8
2026-09-04T03:50:12Z ERR failed to serve tunnel connection error="control stream encountered a failure while serving" connIndex=0 event=0 ip=2606:4700:a0::8
2026-09-04T03:50:12Z ERR Serve tunnel error error="control stream encountered a failure while serving" connIndex=0 event=0 ip=2606:4700:a0::8
2026-09-04T03:50:12Z INF Retrying connection in up to 1m4s connIndex=0 event=0 ip=2606:4700:a0::8
2026-09-04T03:50:24Z INF Tunnel connection curve preferences: [X25519MLKEM768 CurveID(65074) CurveP256] connIndex=0 event=0 ip=2606:4700:a0::8
2026-09-04T03:50:24Z ERR failed to run the datagram handler error="context canceled" connIndex=0 event=0 ip=2606:4700:a0::8
2026-09-04T03:50:24Z ERR failed to serve tunnel connection error="control stream encountered a failure while serving" connIndex=0 event=0 ip=2606:4700:a0::8
2026-09-04T03:50:24Z ERR Serve tunnel error error="control stream encountered a failure while serving" connIndex=0 event=0 ip=2606:4700:a0::8
2026-09-04T03:50:24Z INF Retrying connection in up to 1m4s connIndex=0 event=0 ip=2606:4700:a0::8
2026-09-04T03:50:49Z INF Tunnel connection curve preferences: [X25519MLKEM768 CurveID(65074) CurveP256] connIndex=0 event=0 ip=2606:4700:a0::8
2026-09-04T03:50:49Z ERR failed to run the datagram handler error="context canceled" connIndex=0 event=0 ip=2606:4700:a0::8
2026-09-04T03:50:49Z ERR failed to serve tunnel connection error="control stream encountered a failure while serving" connIndex=0 event=0 ip=2606:4700:a0::8
2026-09-04T03:50:49Z ERR Serve tunnel error error="control stream encountered a failure while serving" connIndex=0 event=0 ip=2606:4700:a0::8
2026-09-04T03:50:49Z INF Retrying connection in up to 1m4s connIndex=0 event=0 ip=2606:4700:a0::8
2026-09-04T03:51:06Z INF Tunnel connection curve preferences: [X25519MLKEM768 CurveID(65074) CurveP256] connIndex=0 event=0 ip=2606:4700:a0::8
2026-09-04T03:51:06Z ERR failed to run the datagram handler error="context canceled" connIndex=0 event=0 ip=2606:4700:a0::8
2026-09-04T03:51:06Z ERR failed to serve tunnel connection error="control stream encountered a failure while serving" connIndex=0 event=0 ip=2606:4700:a0::8
2026-09-04T03:51:06Z ERR Serve tunnel error error="control stream encountered a failure while serving" connIndex=0 event=0 ip=2606:4700:a0::8
2026-09-04T03:51:06Z INF Retrying connection in up to 1m4s connIndex=0 event=0 ip=2606:4700:a0::8
2026-09-04T03:51:32Z INF Tunnel connection curve preferences: [X25519MLKEM768 CurveID(65074) CurveP256] connIndex=0 event=0 ip=2606:4700:a0::8
2026-09-04T03:51:32Z ERR failed to run the datagram handler error="context canceled" connIndex=0 event=0 ip=2606:4700:a0::8
2026-09-04T03:51:32Z ERR failed to serve tunnel connection error="control stream encountered a failure while serving" connIndex=0 event=0 ip=2606:4700:a0::8
2026-09-04T03:51:32Z ERR Serve tunnel error error="control stream encountered a failure while serving" connIndex=0 event=0 ip=2606:4700:a0::8
2026-09-04T03:51:32Z INF Retrying connection in up to 1m4s connIndex=0 event=0 ip=2606:4700:a0::8
2026-09-04T03:52:03Z INF Tunnel connection curve preferences: [X25519MLKEM768 CurveID(65074) CurveP256] connIndex=0 event=0 ip=2606:4700:a0::8
2026-09-04T03:52:04Z ERR failed to run the datagram handler error="context canceled" connIndex=0 event=0 ip=2606:4700:a0::8
2026-09-04T03:52:04Z ERR failed to serve tunnel connection error="control stream encountered a failure while serving" connIndex=0 event=0 ip=2606:4700:a0::8
2026-09-04T03:52:04Z ERR Serve tunnel error error="control stream encountered a failure while serving" connIndex=0 event=0 ip=2606:4700:a0::8
2026-09-04T03:52:04Z INF Retrying connection in up to 1m4s connIndex=0 event=0 ip=2606:4700:a0::8
2026-09-04T03:52:16Z INF Tunnel connection curve preferences: [X25519MLKEM768 CurveID(65074) CurveP256] connIndex=0 event=0 ip=2606:4700:a0::8
2026-09-04T03:52:16Z ERR failed to run the datagram handler error="context canceled" connIndex=0 event=0 ip=2606:4700:a0::8
2026-09-04T03:52:16Z ERR failed to serve tunnel connection error="control stream encountered a failure while serving" connIndex=0 event=0 ip=2606:4700:a0::8
2026-09-04T03:52:16Z ERR Serve tunnel error error="control stream encountered a failure while serving" connIndex=0 event=0 ip=2606:4700:a0::8
2026-09-04T03:52:16Z INF Retrying connection in up to 1m4s connIndex=0 event=0 ip=2606:4700:a0::8
2026-09-04T03:52:42Z INF Tunnel connection curve preferences: [X25519MLKEM768 CurveID(65074) CurveP256] connIndex=0 event=0 ip=2606:4700:a0::8
2026-09-04T03:52:42Z ERR failed to run the datagram handler error="context canceled" connIndex=0 event=0 ip=2606:4700:a0::8
2026-09-04T03:52:42Z ERR failed to serve tunnel connection error="control stream encountered a failure while serving" connIndex=0 event=0 ip=2606:4700:a0::8
2026-09-04T03:52:42Z ERR Serve tunnel error error="control stream encountered a failure while serving" connIndex=0 event=0 ip=2606:4700:a0::8
2026-09-04T03:52:42Z INF Retrying connection in up to 1m4s connIndex=0 event=0 ip=2606:4700:a0::8
2026-09-04T03:52:42Z INF Tunnel connection curve preferences: [X25519MLKEM768 CurveID(65074) CurveP256] connIndex=0 event=0 ip=2606:4700:a0::8
2026-09-04T03:52:42Z ERR failed to run the datagram handler error="context canceled" connIndex=0 event=0 ip=2606:4700:a0::8
2026-09-04T03:52:42Z ERR failed to serve tunnel connection error="control stream encountered a failure while serving" connIndex=0 event=0 ip=2606:4700:a0::8
2026-09-04T03:52:42Z ERR Serve tunnel error error="control stream encountered a failure while serving" connIndex=0 event=0 ip=2606:4700:a0::8
2026-09-04T03:52:42Z INF Retrying connection in up to 1m4s connIndex=0 event=0 ip=2606:4700:a0::8
2026-09-04T03:53:10Z INF Tunnel connection curve preferences: [X25519MLKEM768 CurveID(65074) CurveP256] connIndex=0 event=0 ip=2606:4700:a0::8
2026-09-04T03:53:10Z ERR failed to run the datagram handler error="context canceled" connIndex=0 event=0 ip=2606:4700:a0::8
2026-09-04T03:53:10Z ERR failed to serve tunnel connection error="control stream encountered a failure while serving" connIndex=0 event=0 ip=2606:4700:a0::8
2026-09-04T03:53:10Z ERR Serve tunnel error error="control stream encountered a failure while serving" connIndex=0 event=0 ip=2606:4700:a0::8
2026-09-04T03:53:10Z INF Retrying connection in up to 1m4s connIndex=0 event=0 ip=2606:4700:a0::8
2026-09-04T03:53:22Z INF Tunnel connection curve preferences: [X25519MLKEM768 CurveID(65074) CurveP256] connIndex=0 event=0 ip=2606:4700:a0::8
2026-09-04T03:53:22Z ERR failed to run the datagram handler error="context canceled" connIndex=0 event=0 ip=2606:4700:a0::8
2026-09-04T03:53:22Z ERR failed to serve tunnel connection error="control stream encountered a failure while serving" connIndex=0 event=0 ip=2606:4700:a0::8
2026-09-04T03:53:22Z ERR Serve tunnel error error="control stream encountered a failure while serving" connIndex=0 event=0 ip=2606:4700:a0::8
2026-09-04T03:53:22Z INF Retrying connection in up to 1m4s connIndex=0 event=0 ip=2606:4700:a0::8
2026-09-04T03:53:52Z INF Tunnel connection curve preferences: [X25519MLKEM768 CurveID(65074) CurveP256] connIndex=0 event=0 ip=2606:4700:a0::8
2026-09-04T03:53:52Z ERR failed to run the datagram handler error="context canceled" connIndex=0 event=0 ip=2606:4700:a0::8
2026-09-04T03:53:52Z ERR failed to serve tunnel connection error="control stream encountered a failure while serving" connIndex=0 event=0 ip=2606:4700:a0::8
2026-09-04T03:53:52Z ERR Serve tunnel error error="control stream encountered a failure while serving" connIndex=0 event=0 ip=2606:4700:a0::8
2026-09-04T03:53:52Z INF Retrying connection in up to 1m4s connIndex=0 event=0 ip=2606:4700:a0::8
2026-09-04T03:54:02Z INF Tunnel connection curve preferences: [X25519MLKEM768 CurveID(65074) CurveP256] connIndex=0 event=0 ip=2606:4700:a0::8
2026-09-04T03:54:02Z ERR failed to run the datagram handler error="context canceled" connIndex=0 event=0 ip=2606:4700:a0::8
2026-09-04T03:54:02Z ERR failed to serve tunnel connection error="control stream encountered a failure while serving" connIndex=0 event=0 ip=2606:4700:a0::8
2026-09-04T03:54:02Z ERR Serve tunnel error error="control stream encountered a failure while serving" connIndex=0 event=0 ip=2606:4700:a0::8
2026-09-04T03:54:02Z INF Retrying connection in up to 1m4s connIndex=0 event=0 ip=2606:4700:a0::8
2026-09-04T03:54:13Z INF Tunnel connection curve preferences: [X25519MLKEM768 CurveID(65074) CurveP256] connIndex=0 event=0 ip=2606:4700:a0::8
2026-09-04T03:54:13Z ERR failed to run the datagram handler error="context canceled" connIndex=0 event=0 ip=2606:4700:a0::8
2026-09-04T03:54:13Z ERR failed to serve tunnel connection error="control stream encountered a failure while serving" connIndex=0 event=0 ip=2606:4700:a0::8
2026-09-04T03:54:13Z ERR Serve tunnel error error="control stream encountered a failure while serving" connIndex=0 event=0 ip=2606:4700:a0::8
2026-09-04T03:54:13Z INF Retrying connection in up to 1m4s connIndex=0 event=0 ip=2606:4700:a0::8
2026-09-04T03:54:17Z INF Tunnel connection curve preferences: [X25519MLKEM768 CurveID(65074) CurveP256] connIndex=0 event=0 ip=2606:4700:a0::8
2026-09-04T03:54:17Z ERR failed to run the datagram handler error="context canceled" connIndex=0 event=0 ip=2606:4700:a0::8
2026-09-04T03:54:17Z ERR failed to serve tunnel connection error="control stream encountered a failure while serving" connIndex=0 event=0 ip=2606:4700:a0::8
2026-09-04T03:54:17Z ERR Serve tunnel error error="control stream encountered a failure while serving" connIndex=0 event=0 ip=2606:4700:a0::8
2026-09-04T03:54:17Z INF Retrying connection in up to 1m4s connIndex=0 event=0 ip=2606:4700:a0::8
2026-09-04T03:55:32Z INF Tunnel connection curve preferences: [X25519MLKEM768 CurveID(65074) CurveP256] connIndex=0 event=0 ip=2606:4700:a0::8
2026-09-04T03:55:32Z ERR failed to run the datagram handler error="context canceled" connIndex=0 event=0 ip=2606:4700:a0::8
2026-09-04T03:55:32Z ERR failed to serve tunnel connection error="control stream encountered a failure while serving" connIndex=0 event=0 ip=2606:4700:a0::8
2026-09-04T03:55:32Z ERR Serve tunnel error error="control stream encountered a failure while serving" connIndex=0 event=0 ip=2606:4700:a0::8
2026-09-04T03:55:32Z INF Retrying connection in up to 1m4s connIndex=0 event=0 ip=2606:4700:a0::8
2026-09-04T03:56:01Z INF Tunnel connection curve preferences: [X25519MLKEM768 CurveID(65074) CurveP256] connIndex=0 event=0 ip=2606:4700:a0::8
2026-09-04T03:56:01Z ERR failed to run the datagram handler error="context canceled" connIndex=0 event=0 ip=2606:4700:a0::8
2026-09-04T03:56:01Z ERR failed to serve tunnel connection error="control stream encountered a failure while serving" connIndex=0 event=0 ip=2606:4700:a0::8
2026-09-04T03:56:01Z ERR Serve tunnel error error="control stream encountered a failure while serving" connIndex=0 event=0 ip=2606:4700:a0::8
2026-09-04T03:56:01Z INF Retrying connection in up to 1m4s connIndex=0 event=0 ip=2606:4700:a0::8
2026-09-04T03:56:25Z INF Tunnel connection curve preferences: [X25519MLKEM768 CurveID(65074) CurveP256] connIndex=0 event=0 ip=2606:4700:a0::8
2026-09-04T03:56:25Z ERR failed to run the datagram handler error="context canceled" connIndex=0 event=0 ip=2606:4700:a0::8
2026-09-04T03:56:25Z ERR failed to serve tunnel connection error="control stream encountered a failure while serving" connIndex=0 event=0 ip=2606:4700:a0::8
2026-09-04T03:56:25Z ERR Serve tunnel error error="control stream encountered a failure while serving" connIndex=0 event=0 ip=2606:4700:a0::8
2026-09-04T03:56:25Z INF Retrying connection in up to 1m4s connIndex=0 event=0 ip=2606:4700:a0::8
2026-09-04T03:56:48Z INF Tunnel connection curve preferences: [X25519MLKEM768 CurveID(65074) CurveP256] connIndex=0 event=0 ip=2606:4700:a0::8
2026-09-04T03:56:48Z ERR failed to run the datagram handler error="context canceled" connIndex=0 event=0 ip=2606:4700:a0::8
2026-09-04T03:56:48Z ERR failed to serve tunnel connection error="control stream encountered a failure while serving" connIndex=0 event=0 ip=2606:4700:a0::8
2026-09-04T03:56:48Z ERR Serve tunnel error error="control stream encountered a failure while serving" connIndex=0 event=0 ip=2606:4700:a0::8
2026-09-04T03:56:48Z INF Retrying connection in up to 1m4s connIndex=0 event=0 ip=2606:4700:a0::8
2026-09-04T03:57:00Z INF Tunnel connection curve preferences: [X25519MLKEM768 CurveID(65074) CurveP256] connIndex=0 event=0 ip=2606:4700:a0::8
2026-09-04T03:57:00Z ERR failed to run the datagram handler error="context canceled" connIndex=0 event=0 ip=2606:4700:a0::8
2026-09-04T03:57:00Z ERR failed to serve tunnel connection error="control stream encountered a failure while serving" connIndex=0 event=0 ip=2606:4700:a0::8
2026-09-04T03:57:00Z ERR Serve tunnel error error="control stream encountered a failure while serving" connIndex=0 event=0 ip=2606:4700:a0::8
2026-09-04T03:57:00Z INF Retrying connection in up to 1m4s connIndex=0 event=0 ip=2606:4700:a0::8
2026-09-04T03:57:12Z INF Tunnel connection curve preferences: [X25519MLKEM768 CurveID(65074) CurveP256] connIndex=0 event=0 ip=2606:4700:a0::8
2026-09-04T03:57:12Z ERR failed to run the datagram handler error="context canceled" connIndex=0 event=0 ip=2606:4700:a0::8
2026-09-04T03:57:12Z ERR failed to serve tunnel connection error="control stream encountered a failure while serving" connIndex=0 event=0 ip=2606:4700:a0::8
2026-09-04T03:57:12Z ERR Serve tunnel error error="control stream encountered a failure while serving" connIndex=0 event=0 ip=2606:4700:a0::8
2026-09-04T03:57:12Z INF Retrying connection in up to 1m4s connIndex=0 event=0 ip=2606:4700:a0::8
2026-09-04T03:57:41Z INF Tunnel connection curve preferences: [X25519MLKEM768 CurveID(65074) CurveP256] connIndex=0 event=0 ip=2606:4700:a0::8
2026-09-04T03:57:41Z ERR failed to run the datagram handler error="context canceled" connIndex=0 event=0 ip=2606:4700:a0::8
2026-09-04T03:57:41Z ERR failed to serve tunnel connection error="control stream encountered a failure while serving" connIndex=0 event=0 ip=2606:4700:a0::8
2026-09-04T03:57:41Z ERR Serve tunnel error error="control stream encountered a failure while serving" connIndex=0 event=0 ip=2606:4700:a0::8
2026-09-04T03:57:41Z INF Retrying connection in up to 1m4s connIndex=0 event=0 ip=2606:4700:a0::8
2026-09-04T03:57:52Z INF Tunnel connection curve preferences: [X25519MLKEM768 CurveID(65074) CurveP256] connIndex=0 event=0 ip=2606:4700:a0::8
2026-09-04T03:57:52Z ERR failed to run the datagram handler error="context canceled" connIndex=0 event=0 ip=2606:4700:a0::8
2026-09-04T03:57:52Z ERR failed to serve tunnel connection error="control stream encountered a failure while serving" connIndex=0 event=0 ip=2606:4700:a0::8
2026-09-04T03:57:52Z ERR Serve tunnel error error="control stream encountered a failure while serving" connIndex=0 event=0 ip=2606:4700:a0::8
2026-09-04T03:57:52Z INF Retrying connection in up to 1m4s connIndex=0 event=0 ip=2606:4700:a0::8
2026-09-04T03:58:13Z INF Tunnel connection curve preferences: [X25519MLKEM768 CurveID(65074) CurveP256] connIndex=0 event=0 ip=2606:4700:a0::8
2026-09-04T03:58:13Z ERR failed to run the datagram handler error="context canceled" connIndex=0 event=0 ip=2606:4700:a0::8
2026-09-04T03:58:13Z ERR failed to serve tunnel connection error="control stream encountered a failure while serving" connIndex=0 event=0 ip=2606:4700:a0::8
2026-09-04T03:58:13Z ERR Serve tunnel error error="control stream encountered a failure while serving" connIndex=0 event=0 ip=2606:4700:a0::8
2026-09-04T03:58:13Z INF Retrying connection in up to 1m4s connIndex=0 event=0 ip=2606:4700:a0::8
2026-09-04T03:58:35Z INF Tunnel connection curve preferences: [X25519MLKEM768 CurveID(65074) CurveP256] connIndex=0 event=0 ip=2606:4700:a0::8
2026-09-04T03:58:35Z ERR failed to run the datagram handler error="context canceled" connIndex=0 event=0 ip=2606:4700:a0::8
2026-09-04T03:58:35Z ERR failed to serve tunnel connection error="control stream encountered a failure while serving" connIndex=0 event=0 ip=2606:4700:a0::8
2026-09-04T03:58:35Z ERR Serve tunnel error error="control stream encountered a failure while serving" connIndex=0 event=0 ip=2606:4700:a0::8
2026-09-04T03:58:35Z INF Retrying connection in up to 1m4s connIndex=0 event=0 ip=2606:4700:a0::8
2026-09-04T03:58:59Z INF Tunnel connection curve preferences: [X25519MLKEM768 CurveID(65074) CurveP256] connIndex=0 event=0 ip=2606:4700:a0::8
2026-09-04T03:58:59Z ERR failed to run the datagram handler error="context canceled" connIndex=0 event=0 ip=2606:4700:a0::8
2026-09-04T03:58:59Z ERR failed to serve tunnel connection error="control stream encountered a failure while serving" connIndex=0 event=0 ip=2606:4700:a0::8
2026-09-04T03:58:59Z ERR Serve tunnel error error="control stream encountered a failure while serving" connIndex=0 event=0 ip=2606:4700:a0::8
2026-09-04T03:58:59Z INF Retrying connection in up to 1m4s connIndex=0 event=0 ip=2606:4700:a0::8
2026-09-04T03:59:27Z INF Tunnel connection curve preferences: [X25519MLKEM768 CurveID(65074) CurveP256] connIndex=0 event=0 ip=2606:4700:a0::8
2026-09-04T03:59:27Z ERR failed to run the datagram handler error="context canceled" connIndex=0 event=0 ip=2606:4700:a0::8
2026-09-04T03:59:27Z ERR failed to serve tunnel connection error="control stream encountered a failure while serving" connIndex=0 event=0 ip=2606:4700:a0::8
2026-09-04T03:59:27Z ERR Serve tunnel error error="control stream encountered a failure while serving" connIndex=0 event=0 ip=2606:4700:a0::8
2026-09-04T03:59:27Z INF Retrying connection in up to 1m4s connIndex=0 event=0 ip=2606:4700:a0::8
2026-09-04T03:59:51Z INF Tunnel connection curve preferences: [X25519MLKEM768 CurveID(65074) CurveP256] connIndex=0 event=0 ip=2606:4700:a0::8
2026-09-04T03:59:51Z ERR failed to run the datagram handler error="context canceled" connIndex=0 event=0 ip=2606:4700:a0::8
2026-09-04T03:59:51Z ERR failed to serve tunnel connection error="control stream encountered a failure while serving" connIndex=0 event=0 ip=2606:4700:a0::8
2026-09-04T03:59:51Z ERR Serve tunnel error error="control stream encountered a failure while serving" connIndex=0 event=0 ip=2606:4700:a0::8
2026-09-04T03:59:51Z INF Retrying connection in up to 1m4s connIndex=0 event=0 ip=2606:4700:a0::8
2026-09-04T04:00:03Z INF Tunnel connection curve preferences: [X25519MLKEM768 CurveID(65074) CurveP256] connIndex=0 event=0 ip=2606:4700:a0::8
2026-09-04T04:00:03Z ERR failed to run the datagram handler error="context canceled" connIndex=0 event=0 ip=2606:4700:a0::8
2026-09-04T04:00:03Z ERR failed to serve tunnel connection error="control stream encountered a failure while serving" connIndex=0 event=0 ip=2606:4700:a0::8
2026-09-04T04:00:03Z ERR Serve tunnel error error="control stream encountered a failure while serving" connIndex=0 event=0 ip=2606:4700:a0::8
2026-09-04T04:00:03Z INF Retrying connection in up to 1m4s connIndex=0 event=0 ip=2606:4700:a0::8
2026-09-04T04:00:30Z INF Tunnel connection curve preferences: [X25519MLKEM768 CurveID(65074) CurveP256] connIndex=0 event=0 ip=2606:4700:a0::8
2026-09-04T04:00:30Z ERR failed to run the datagram handler error="context canceled" connIndex=0 event=0 ip=2606:4700:a0::8
2026-09-04T04:00:30Z ERR failed to serve tunnel connection error="control stream encountered a failure while serving" connIndex=0 event=0 ip=2606:4700:a0::8
2026-09-04T04:00:30Z ERR Serve tunnel error error="control stream encountered a failure while serving" connIndex=0 event=0 ip=2606:4700:a0::8
2026-09-04T04:00:30Z INF Retrying connection in up to 1m4s connIndex=0 event=0 ip=2606:4700:a0::8
2026-09-04T04:00:58Z INF Tunnel connection curve preferences: [X25519MLKEM768 CurveID(65074) CurveP256] connIndex=0 event=0 ip=2606:4700:a0::8
2026-09-04T04:00:58Z ERR failed to run the datagram handler error="context canceled" connIndex=0 event=0 ip=2606:4700:a0::8
2026-09-04T04:00:58Z ERR failed to serve tunnel connection error="control stream encountered a failure while serving" connIndex=0 event=0 ip=2606:4700:a0::8
2026-09-04T04:00:58Z ERR Serve tunnel error error="control stream encountered a failure while serving" connIndex=0 event=0 ip=2606:4700:a0::8
2026-09-04T04:00:58Z INF Retrying connection in up to 1m4s connIndex=0 event=0 ip=2606:4700:a0::8
2026-09-04T04:01:29Z INF Tunnel connection curve preferences: [X25519MLKEM768 CurveID(65074) CurveP256] connIndex=0 event=0 ip=2606:4700:a0::8
2026-09-04T04:01:29Z ERR failed to run the datagram handler error="context canceled" connIndex=0 event=0 ip=2606:4700:a0::8
2026-09-04T04:01:29Z ERR failed to serve tunnel connection error="control stream encountered a failure while serving" connIndex=0 event=0 ip=2606:4700:a0::8
2026-09-04T04:01:29Z ERR Serve tunnel error error="control stream encountered a failure while serving" connIndex=0 event=0 ip=2606:4700:a0::8
2026-09-04T04:01:29Z INF Retrying connection in up to 1m4s connIndex=0 event=0 ip=2606:4700:a0::8
2026-09-04T04:01:38Z INF Tunnel connection curve preferences: [X25519MLKEM768 CurveID(65074) CurveP256] connIndex=0 event=0 ip=2606:4700:a0::8
2026-09-04T04:01:38Z ERR failed to run the datagram handler error="context canceled" connIndex=0 event=0 ip=2606:4700:a0::8
2026-09-04T04:01:38Z ERR failed to serve tunnel connection error="control stream encountered a failure while serving" connIndex=0 event=0 ip=2606:4700:a0::8
2026-09-04T04:01:38Z ERR Serve tunnel error error="control stream encountered a failure while serving" connIndex=0 event=0 ip=2606:4700:a0::8
2026-09-04T04:01:38Z INF Retrying connection in up to 1m4s connIndex=0 event=0 ip=2606:4700:a0::8
2026-09-04T04:02:10Z INF Tunnel connection curve preferences: [X25519MLKEM768 CurveID(65074) CurveP256] connIndex=0 event=0 ip=2606:4700:a0::8
2026-09-04T04:02:10Z ERR failed to run the datagram handler error="context canceled" connIndex=0 event=0 ip=2606:4700:a0::8
2026-09-04T04:02:10Z ERR failed to serve tunnel connection error="control stream encountered a failure while serving" connIndex=0 event=0 ip=2606:4700:a0::8
2026-09-04T04:02:10Z ERR Serve tunnel error error="control stream encountered a failure while serving" connIndex=0 event=0 ip=2606:4700:a0::8
2026-09-04T04:02:10Z INF Retrying connection in up to 1m4s connIndex=0 event=0 ip=2606:4700:a0::8
2026-09-04T04:02:39Z INF Tunnel connection curve preferences: [X25519MLKEM768 CurveID(65074) CurveP256] connIndex=0 event=0 ip=2606:4700:a0::8
2026-09-04T04:02:39Z ERR failed to run the datagram handler error="context canceled" connIndex=0 event=0 ip=2606:4700:a0::8
2026-09-04T04:02:39Z ERR failed to serve tunnel connection error="control stream encountered a failure while serving" connIndex=0 event=0 ip=2606:4700:a0::8
2026-09-04T04:02:39Z ERR Serve tunnel error error="control stream encountered a failure while serving" connIndex=0 event=0 ip=2606:4700:a0::8
2026-09-04T04:02:39Z INF Retrying connection in up to 1m4s connIndex=0 event=0 ip=2606:4700:a0::8
2026-09-04T04:03:07Z INF Tunnel connection curve preferences: [X25519MLKEM768 CurveID(65074) CurveP256] connIndex=0 event=0 ip=2606:4700:a0::8
2026-09-04T04:03:07Z ERR failed to run the datagram handler error="context canceled" connIndex=0 event=0 ip=2606:4700:a0::8
2026-09-04T04:03:07Z ERR failed to serve tunnel connection error="control stream encountered a failure while serving" connIndex=0 event=0 ip=2606:4700:a0::8
2026-09-04T04:03:07Z ERR Serve tunnel error error="control stream encountered a failure while serving" connIndex=0 event=0 ip=2606:4700:a0::8
2026-09-04T04:03:07Z INF Retrying connection in up to 1m4s connIndex=0 event=0 ip=2606:4700:a0::8
2026-09-04T04:03:15Z INF Tunnel connection curve preferences: [X25519MLKEM768 CurveID(65074) CurveP256] connIndex=0 event=0 ip=2606:4700:a0::8
2026-09-04T04:03:15Z ERR failed to run the datagram handler error="context canceled" connIndex=0 event=0 ip=2606:4700:a0::8
2026-09-04T04:03:15Z ERR failed to serve tunnel connection error="control stream encountered a failure while serving" connIndex=0 event=0 ip=2606:4700:a0::8
2026-09-04T04:03:15Z ERR Serve tunnel error error="control stream encountered a failure while serving" connIndex=0 event=0 ip=2606:4700:a0::8
2026-09-04T04:03:15Z INF Retrying connection in up to 1m4s connIndex=0 event=0 ip=2606:4700:a0::8
2026-09-04T04:03:22Z INF Tunnel connection curve preferences: [X25519MLKEM768 CurveID(65074) CurveP256] connIndex=0 event=0 ip=2606:4700:a0::8
2026-09-04T04:03:22Z ERR failed to run the datagram handler error="context canceled" connIndex=0 event=0 ip=2606:4700:a0::8
2026-09-04T04:03:22Z ERR failed to serve tunnel connection error="control stream encountered a failure while serving" connIndex=0 event=0 ip=2606:4700:a0::8
2026-09-04T04:03:22Z ERR Serve tunnel error error="control stream encountered a failure while serving" connIndex=0 event=0 ip=2606:4700:a0::8
2026-09-04T04:03:22Z INF Retrying connection in up to 1m4s connIndex=0 event=0 ip=2606:4700:a0::8
2026-09-04T04:03:41Z INF Tunnel connection curve preferences: [X25519MLKEM768 CurveID(65074) CurveP256] connIndex=0 event=0 ip=2606:4700:a0::8
2026-09-04T04:03:41Z ERR failed to run the datagram handler error="context canceled" connIndex=0 event=0 ip=2606:4700:a0::8
2026-09-04T04:03:41Z ERR failed to serve tunnel connection error="control stream encountered a failure while serving" connIndex=0 event=0 ip=2606:4700:a0::8
2026-09-04T04:03:41Z ERR Serve tunnel error error="control stream encountered a failure while serving" connIndex=0 event=0 ip=2606:4700:a0::8
2026-09-04T04:03:41Z INF Retrying connection in up to 1m4s connIndex=0 event=0 ip=2606:4700:a0::8
2026-09-04T04:03:43Z INF Tunnel connection curve preferences: [X25519MLKEM768 CurveID(65074) CurveP256] connIndex=0 event=0 ip=2606:4700:a0::8
2026-09-04T04:03:43Z ERR failed to run the datagram handler error="context canceled" connIndex=0 event=0 ip=2606:4700:a0::8
2026-09-04T04:03:43Z ERR failed to serve tunnel connection error="control stream encountered a failure while serving" connIndex=0 event=0 ip=2606:4700:a0::8
2026-09-04T04:03:43Z ERR Serve tunnel error error="control stream encountered a failure while serving" connIndex=0 event=0 ip=2606:4700:a0::8
2026-09-04T04:03:43Z INF Retrying connection in up to 1m4s connIndex=0 event=0 ip=2606:4700:a0::8
2026-09-04T04:03:43Z INF Tunnel connection curve preferences: [X25519MLKEM768 CurveID(65074) CurveP256] connIndex=0 event=0 ip=2606:4700:a0::8
2026-09-04T04:03:43Z ERR failed to run the datagram handler error="context canceled" connIndex=0 event=0 ip=2606:4700:a0::8
2026-09-04T04:03:43Z ERR failed to serve tunnel connection error="control stream encountered a failure while serving" connIndex=0 event=0 ip=2606:4700:a0::8
2026-09-04T04:03:43Z ERR Serve tunnel error error="control stream encountered a failure while serving" connIndex=0 event=0 ip=2606:4700:a0::8
2026-09-04T04:03:43Z INF Retrying connection in up to 1m4s connIndex=0 event=0 ip=2606:4700:a0::8
2026-09-04T04:04:04Z INF Tunnel connection curve preferences: [X25519MLKEM768 CurveID(65074) CurveP256] connIndex=0 event=0 ip=2606:4700:a0::8
2026-09-04T04:04:04Z ERR failed to run the datagram handler error="context canceled" connIndex=0 event=0 ip=2606:4700:a0::8
2026-09-04T04:04:04Z ERR failed to serve tunnel connection error="control stream encountered a failure while serving" connIndex=0 event=0 ip=2606:4700:a0::8
2026-09-04T04:04:04Z ERR Serve tunnel error error="control stream encountered a failure while serving" connIndex=0 event=0 ip=2606:4700:a0::8
2026-09-04T04:04:04Z INF Retrying connection in up to 1m4s connIndex=0 event=0 ip=2606:4700:a0::8
2026-09-04T04:04:06Z INF Tunnel connection curve preferences: [X25519MLKEM768 CurveID(65074) CurveP256] connIndex=0 event=0 ip=2606:4700:a0::8
2026-09-04T04:04:06Z ERR failed to run the datagram handler error="context canceled" connIndex=0 event=0 ip=2606:4700:a0::8
2026-09-04T04:04:06Z ERR failed to serve tunnel connection error="control stream encountered a failure while serving" connIndex=0 event=0 ip=2606:4700:a0::8
2026-09-04T04:04:06Z ERR Serve tunnel error error="control stream encountered a failure while serving" connIndex=0 event=0 ip=2606:4700:a0::8
2026-09-04T04:04:06Z INF Retrying connection in up to 1m4s connIndex=0 event=0 ip=2606:4700:a0::8
2026-09-04T04:04:12Z INF Tunnel connection curve preferences: [X25519MLKEM768 CurveID(65074) CurveP256] connIndex=0 event=0 ip=2606:4700:a0::8
2026-09-04T04:04:12Z ERR failed to run the datagram handler error="context canceled" connIndex=0 event=0 ip=2606:4700:a0::8
2026-09-04T04:04:12Z ERR failed to serve tunnel connection error="control stream encountered a failure while serving" connIndex=0 event=0 ip=2606:4700:a0::8
2026-09-04T04:04:12Z ERR Serve tunnel error error="control stream encountered a failure while serving" connIndex=0 event=0 ip=2606:4700:a0::8
2026-09-04T04:04:12Z INF Retrying connection in up to 1m4s connIndex=0 event=0 ip=2606:4700:a0::8
2026-09-04T04:04:14Z INF Tunnel connection curve preferences: [X25519MLKEM768 CurveID(65074) CurveP256] connIndex=0 event=0 ip=2606:4700:a0::8
2026-09-04T04:04:14Z ERR failed to run the datagram handler error="context canceled" connIndex=0 event=0 ip=2606:4700:a0::8
2026-09-04T04:04:14Z ERR failed to serve tunnel connection error="control stream encountered a failure while serving" connIndex=0 event=0 ip=2606:4700:a0::8
2026-09-04T04:04:14Z ERR Serve tunnel error error="control stream encountered a failure while serving" connIndex=0 event=0 ip=2606:4700:a0::8
2026-09-04T04:04:14Z INF Retrying connection in up to 1m4s connIndex=0 event=0 ip=2606:4700:a0::8
2026-09-04T04:04:38Z INF Tunnel connection curve preferences: [X25519MLKEM768 CurveID(65074) CurveP256] connIndex=0 event=0 ip=2606:4700:a0::8
2026-09-04T04:04:38Z ERR failed to run the datagram handler error="context canceled" connIndex=0 event=0 ip=2606:4700:a0::8
2026-09-04T04:04:38Z ERR failed to serve tunnel connection error="control stream encountered a failure while serving" connIndex=0 event=0 ip=2606:4700:a0::8
2026-09-04T04:04:38Z ERR Serve tunnel error error="control stream encountered a failure while serving" connIndex=0 event=0 ip=2606:4700:a0::8
2026-09-04T04:04:38Z INF Retrying connection in up to 1m4s connIndex=0 event=0 ip=2606:4700:a0::8
2026-09-04T04:04:44Z INF Tunnel connection curve preferences: [X25519MLKEM768 CurveID(65074) CurveP256] connIndex=0 event=0 ip=2606:4700:a0::8
2026-09-04T04:04:44Z ERR failed to run the datagram handler error="context canceled" connIndex=0 event=0 ip=2606:4700:a0::8
2026-09-04T04:04:44Z ERR failed to serve tunnel connection error="control stream encountered a failure while serving" connIndex=0 event=0 ip=2606:4700:a0::8
2026-09-04T04:04:44Z ERR Serve tunnel error error="control stream encountered a failure while serving" connIndex=0 event=0 ip=2606:4700:a0::8
2026-09-04T04:04:44Z INF Retrying connection in up to 1m4s connIndex=0 event=0 ip=2606:4700:a0::8
2026-09-04T04:04:53Z INF Tunnel connection curve preferences: [X25519MLKEM768 CurveID(65074) CurveP256] connIndex=0 event=0 ip=2606:4700:a0::8
2026-09-04T04:04:53Z ERR failed to run the datagram handler error="context canceled" connIndex=0 event=0 ip=2606:4700:a0::8
2026-09-04T04:04:53Z ERR failed to serve tunnel connection error="control stream encountered a failure while serving" connIndex=0 event=0 ip=2606:4700:a0::8
2026-09-04T04:04:53Z ERR Serve tunnel error error="control stream encountered a failure while serving" connIndex=0 event=0 ip=2606:4700:a0::8
2026-09-04T04:04:53Z INF Retrying connection in up to 1m4s connIndex=0 event=0 ip=2606:4700:a0::8
2026-09-04T04:04:53Z INF Tunnel connection curve preferences: [X25519MLKEM768 CurveID(65074) CurveP256] connIndex=0 event=0 ip=2606:4700:a0::8
2026-09-04T04:04:53Z ERR failed to run the datagram handler error="context canceled" connIndex=0 event=0 ip=2606:4700:a0::8
2026-09-04T04:04:53Z ERR failed to serve tunnel connection error="control stream encountered a failure while serving" connIndex=0 event=0 ip=2606:4700:a0::8
2026-09-04T04:04:53Z ERR Serve tunnel error error="control stream encountered a failure while serving" connIndex=0 event=0 ip=2606:4700:a0::8
2026-09-04T04:04:53Z INF Retrying connection in up to 1m4s connIndex=0 event=0 ip=2606:4700:a0::8
2026-09-04T04:05:01Z INF Tunnel connection curve preferences: [X25519MLKEM768 CurveID(65074) CurveP256] connIndex=0 event=0 ip=2606:4700:a0::8
2026-09-04T04:05:01Z ERR failed to run the datagram handler error="context canceled" connIndex=0 event=0 ip=2606:4700:a0::8
2026-09-04T04:05:01Z ERR failed to serve tunnel connection error="control stream encountered a failure while serving" connIndex=0 event=0 ip=2606:4700:a0::8
2026-09-04T04:05:01Z ERR Serve tunnel error error="control stream encountered a failure while serving" connIndex=0 event=0 ip=2606:4700:a0::8
2026-09-04T04:05:01Z INF Retrying connection in up to 1m4s connIndex=0 event=0 ip=2606:4700:a0::8
2026-09-04T04:05:31Z INF Tunnel connection curve preferences: [X25519MLKEM768 CurveID(65074) CurveP256] connIndex=0 event=0 ip=2606:4700:a0::8
2026-09-04T04:05:31Z ERR failed to run the datagram handler error="context canceled" connIndex=0 event=0 ip=2606:4700:a0::8
2026-09-04T04:05:31Z ERR failed to serve tunnel connection error="control stream encountered a failure while serving" connIndex=0 event=0 ip=2606:4700:a0::8
2026-09-04T04:05:31Z ERR Serve tunnel error error="control stream encountered a failure while serving" connIndex=0 event=0 ip=2606:4700:a0::8
2026-09-04T04:05:31Z INF Retrying connection in up to 1m4s connIndex=0 event=0 ip=2606:4700:a0::8
2026-09-04T04:06:02Z INF Tunnel connection curve preferences: [X25519MLKEM768 CurveID(65074) CurveP256] connIndex=0 event=0 ip=2606:4700:a0::8
2026-09-04T04:06:02Z ERR failed to run the datagram handler error="context canceled" connIndex=0 event=0 ip=2606:4700:a0::8
2026-09-04T04:06:02Z ERR failed to serve tunnel connection error="control stream encountered a failure while serving" connIndex=0 event=0 ip=2606:4700:a0::8
2026-09-04T04:06:02Z ERR Serve tunnel error error="control stream encountered a failure while serving" connIndex=0 event=0 ip=2606:4700:a0::8
2026-09-04T04:06:02Z INF Retrying connection in up to 1m4s connIndex=0 event=0 ip=2606:4700:a0::8
2026-09-04T04:06:27Z INF Tunnel connection curve preferences: [X25519MLKEM768 CurveID(65074) CurveP256] connIndex=0 event=0 ip=2606:4700:a0::8
2026-09-04T04:06:27Z ERR failed to run the datagram handler error="context canceled" connIndex=0 event=0 ip=2606:4700:a0::8
2026-09-04T04:06:27Z ERR failed to serve tunnel connection error="control stream encountered a failure while serving" connIndex=0 event=0 ip=2606:4700:a0::8
2026-09-04T04:06:27Z ERR Serve tunnel error error="control stream encountered a failure while serving" connIndex=0 event=0 ip=2606:4700:a0::8
2026-09-04T04:06:27Z INF Retrying connection in up to 1m4s connIndex=0 event=0 ip=2606:4700:a0::8
2026-09-04T04:06:44Z INF Tunnel connection curve preferences: [X25519MLKEM768 CurveID(65074) CurveP256] connIndex=0 event=0 ip=2606:4700:a0::8
2026-09-04T04:06:44Z ERR failed to run the datagram handler error="context canceled" connIndex=0 event=0 ip=2606:4700:a0::8
2026-09-04T04:06:44Z ERR failed to serve tunnel connection error="control stream encountered a failure while serving" connIndex=0 event=0 ip=2606:4700:a0::8
2026-09-04T04:06:44Z ERR Serve tunnel error error="control stream encountered a failure while serving" connIndex=0 event=0 ip=2606:4700:a0::8
2026-09-04T04:06:44Z INF Retrying connection in up to 1m4s connIndex=0 event=0 ip=2606:4700:a0::8
2026-09-04T04:07:02Z INF Tunnel connection curve preferences: [X25519MLKEM768 CurveID(65074) CurveP256] connIndex=0 event=0 ip=2606:4700:a0::8
2026-09-04T04:07:02Z ERR failed to run the datagram handler error="context canceled" connIndex=0 event=0 ip=2606:4700:a0::8
2026-09-04T04:07:02Z ERR failed to serve tunnel connection error="control stream encountered a failure while serving" connIndex=0 event=0 ip=2606:4700:a0::8
2026-09-04T04:07:02Z ERR Serve tunnel error error="control stream encountered a failure while serving" connIndex=0 event=0 ip=2606:4700:a0::8
2026-09-04T04:07:02Z INF Retrying connection in up to 1m4s connIndex=0 event=0 ip=2606:4700:a0::8
2026-09-04T04:07:31Z INF Tunnel connection curve preferences: [X25519MLKEM768 CurveID(65074) CurveP256] connIndex=0 event=0 ip=2606:4700:a0::8
2026-09-04T04:07:31Z ERR failed to run the datagram handler error="context canceled" connIndex=0 event=0 ip=2606:4700:a0::8
2026-09-04T04:07:31Z ERR failed to serve tunnel connection error="control stream encountered a failure while serving" connIndex=0 event=0 ip=2606:4700:a0::8
2026-09-04T04:07:31Z ERR Serve tunnel error error="control stream encountered a failure while serving" connIndex=0 event=0 ip=2606:4700:a0::8
2026-09-04T04:07:31Z INF Retrying connection in up to 1m4s connIndex=0 event=0 ip=2606:4700:a0::8
2026-09-04T04:07:59Z INF Tunnel connection curve preferences: [X25519MLKEM768 CurveID(65074) CurveP256] connIndex=0 event=0 ip=2606:4700:a0::8
2026-09-04T04:07:59Z ERR failed to run the datagram handler error="context canceled" connIndex=0 event=0 ip=2606:4700:a0::8
2026-09-04T04:07:59Z ERR failed to serve tunnel connection error="control stream encountered a failure while serving" connIndex=0 event=0 ip=2606:4700:a0::8
2026-09-04T04:07:59Z ERR Serve tunnel error error="control stream encountered a failure while serving" connIndex=0 event=0 ip=2606:4700:a0::8
2026-09-04T04:07:59Z INF Retrying connection in up to 1m4s connIndex=0 event=0 ip=2606:4700:a0::8
2026-09-04T04:08:16Z INF Tunnel connection curve preferences: [X25519MLKEM768 CurveID(65074) CurveP256] connIndex=0 event=0 ip=2606:4700:a0::8
2026-09-04T04:08:16Z ERR failed to run the datagram handler error="context canceled" connIndex=0 event=0 ip=2606:4700:a0::8
2026-09-04T04:08:16Z ERR failed to serve tunnel connection error="control stream encountered a failure while serving" connIndex=0 event=0 ip=2606:4700:a0::8
2026-09-04T04:08:16Z ERR Serve tunnel error error="control stream encountered a failure while serving" connIndex=0 event=0 ip=2606:4700:a0::8
2026-09-04T04:08:16Z INF Retrying connection in up to 1m4s connIndex=0 event=0 ip=2606:4700:a0::8
2026-09-04T04:08:33Z INF Tunnel connection curve preferences: [X25519MLKEM768 CurveID(65074) CurveP256] connIndex=0 event=0 ip=2606:4700:a0::8
2026-09-04T04:08:33Z ERR failed to run the datagram handler error="context canceled" connIndex=0 event=0 ip=2606:4700:a0::8
2026-09-04T04:08:33Z ERR failed to serve tunnel connection error="control stream encountered a failure while serving" connIndex=0 event=0 ip=2606:4700:a0::8
2026-09-04T04:08:33Z ERR Serve tunnel error error="control stream encountered a failure while serving" connIndex=0 event=0 ip=2606:4700:a0::8
2026-09-04T04:08:33Z INF Retrying connection in up to 1m4s connIndex=0 event=0 ip=2606:4700:a0::8
2026-09-04T04:09:00Z INF Tunnel connection curve preferences: [X25519MLKEM768 CurveID(65074) CurveP256] connIndex=0 event=0 ip=2606:4700:a0::8
2026-09-04T04:09:00Z ERR failed to run the datagram handler error="context canceled" connIndex=0 event=0 ip=2606:4700:a0::8
2026-09-04T04:09:00Z ERR failed to serve tunnel connection error="control stream encountered a failure while serving" connIndex=0 event=0 ip=2606:4700:a0::8
2026-09-04T04:09:00Z ERR Serve tunnel error error="control stream encountered a failure while serving" connIndex=0 event=0 ip=2606:4700:a0::8
2026-09-04T04:09:00Z INF Retrying connection in up to 1m4s connIndex=0 event=0 ip=2606:4700:a0::8
2026-09-04T04:09:16Z INF Tunnel connection curve preferences: [X25519MLKEM768 CurveID(65074) CurveP256] connIndex=0 event=0 ip=2606:4700:a0::8
2026-09-04T04:09:16Z ERR failed to run the datagram handler error="context canceled" connIndex=0 event=0 ip=2606:4700:a0::8
2026-09-04T04:09:16Z ERR failed to serve tunnel connection error="control stream encountered a failure while serving" connIndex=0 event=0 ip=2606:4700:a0::8
2026-09-04T04:09:16Z ERR Serve tunnel error error="control stream encountered a failure while serving" connIndex=0 event=0 ip=2606:4700:a0::8
2026-09-04T04:09:16Z INF Retrying connection in up to 1m4s connIndex=0 event=0 ip=2606:4700:a0::8
2026-09-04T04:09:23Z INF Tunnel connection curve preferences: [X25519MLKEM768 CurveID(65074) CurveP256] connIndex=0 event=0 ip=2606:4700:a0::8
2026-09-04T04:09:23Z ERR failed to run the datagram handler error="context canceled" connIndex=0 event=0 ip=2606:4700:a0::8
2026-09-04T04:09:23Z ERR failed to serve tunnel connection error="control stream encountered a failure while serving" connIndex=0 event=0 ip=2606:4700:a0::8
2026-09-04T04:09:23Z ERR Serve tunnel error error="control stream encountered a failure while serving" connIndex=0 event=0 ip=2606:4700:a0::8
2026-09-04T04:09:23Z INF Retrying connection in up to 1m4s connIndex=0 event=0 ip=2606:4700:a0::8
2026-09-04T04:09:37Z INF Tunnel connection curve preferences: [X25519MLKEM768 CurveID(65074) CurveP256] connIndex=0 event=0 ip=2606:4700:a0::8
2026-09-04T04:09:37Z ERR failed to run the datagram handler error="context canceled" connIndex=0 event=0 ip=2606:4700:a0::8
2026-09-04T04:09:37Z ERR failed to serve tunnel connection error="control stream encountered a failure while serving" connIndex=0 event=0 ip=2606:4700:a0::8
2026-09-04T04:09:37Z ERR Serve tunnel error error="control stream encountered a failure while serving" connIndex=0 event=0 ip=2606:4700:a0::8
2026-09-04T04:09:37Z INF Retrying connection in up to 1m4s connIndex=0 event=0 ip=2606:4700:a0::8
2026-09-04T04:10:00Z INF Tunnel connection curve preferences: [X25519MLKEM768 CurveID(65074) CurveP256] connIndex=0 event=0 ip=2606:4700:a0::8
2026-09-04T04:10:00Z ERR failed to run the datagram handler error="context canceled" connIndex=0 event=0 ip=2606:4700:a0::8
2026-09-04T04:10:00Z ERR failed to serve tunnel connection error="control stream encountered a failure while serving" connIndex=0 event=0 ip=2606:4700:a0::8
2026-09-04T04:10:00Z ERR Serve tunnel error error="control stream encountered a failure while serving" connIndex=0 event=0 ip=2606:4700:a0::8
2026-09-04T04:10:00Z INF Retrying connection in up to 1m4s connIndex=0 event=0 ip=2606:4700:a0::8
2026-09-04T04:10:30Z INF Tunnel connection curve preferences: [X25519MLKEM768 CurveID(65074) CurveP256] connIndex=0 event=0 ip=2606:4700:a0::8
2026-09-04T04:10:30Z ERR failed to run the datagram handler error="context canceled" connIndex=0 event=0 ip=2606:4700:a0::8
2026-09-04T04:10:30Z ERR failed to serve tunnel connection error="control stream encountered a failure while serving" connIndex=0 event=0 ip=2606:4700:a0::8
2026-09-04T04:10:30Z ERR Serve tunnel error error="control stream encountered a failure while serving" connIndex=0 event=0 ip=2606:4700:a0::8
2026-09-04T04:10:30Z INF Retrying connection in up to 1m4s connIndex=0 event=0 ip=2606:4700:a0::8
2026-09-04T04:10:41Z INF Tunnel connection curve preferences: [X25519MLKEM768 CurveID(65074) CurveP256] connIndex=0 event=0 ip=2606:4700:a0::8
2026-09-04T04:10:42Z ERR failed to run the datagram handler error="context canceled" connIndex=0 event=0 ip=2606:4700:a0::8
2026-09-04T04:10:42Z ERR failed to serve tunnel connection error="control stream encountered a failure while serving" connIndex=0 event=0 ip=2606:4700:a0::8
2026-09-04T04:10:42Z ERR Serve tunnel error error="control stream encountered a failure while serving" connIndex=0 event=0 ip=2606:4700:a0::8
2026-09-04T04:10:42Z INF Retrying connection in up to 1m4s connIndex=0 event=0 ip=2606:4700:a0::8
2026-09-04T04:10:57Z INF Tunnel connection curve preferences: [X25519MLKEM768 CurveID(65074) CurveP256] connIndex=0 event=0 ip=2606:4700:a0::8
2026-09-04T04:10:57Z ERR failed to run the datagram handler error="context canceled" connIndex=0 event=0 ip=2606:4700:a0::8
2026-09-04T04:10:57Z ERR failed to serve tunnel connection error="control stream encountered a failure while serving" connIndex=0 event=0 ip=2606:4700:a0::8
2026-09-04T04:10:57Z ERR Serve tunnel error error="control stream encountered a failure while serving" connIndex=0 event=0 ip=2606:4700:a0::8
2026-09-04T04:10:57Z INF Retrying connection in up to 1m4s connIndex=0 event=0 ip=2606:4700:a0::8
2026-09-04T04:11:07Z INF Tunnel connection curve preferences: [X25519MLKEM768 CurveID(65074) CurveP256] connIndex=0 event=0 ip=2606:4700:a0::8
2026-09-04T04:11:07Z ERR failed to run the datagram handler error="context canceled" connIndex=0 event=0 ip=2606:4700:a0::8
2026-09-04T04:11:07Z ERR failed to serve tunnel connection error="control stream encountered a failure while serving" connIndex=0 event=0 ip=2606:4700:a0::8
2026-09-04T04:11:07Z ERR Serve tunnel error error="control stream encountered a failure while serving" connIndex=0 event=0 ip=2606:4700:a0::8
2026-09-04T04:11:07Z INF Retrying connection in up to 1m4s connIndex=0 event=0 ip=2606:4700:a0::8
2026-09-04T04:11:11Z INF Tunnel connection curve preferences: [X25519MLKEM768 CurveID(65074) CurveP256] connIndex=0 event=0 ip=2606:4700:a0::8
2026-09-04T04:11:12Z ERR failed to run the datagram handler error="context canceled" connIndex=0 event=0 ip=2606:4700:a0::8
2026-09-04T04:11:12Z ERR failed to serve tunnel connection error="control stream encountered a failure while serving" connIndex=0 event=0 ip=2606:4700:a0::8
2026-09-04T04:11:12Z ERR Serve tunnel error error="control stream encountered a failure while serving" connIndex=0 event=0 ip=2606:4700:a0::8
2026-09-04T04:11:12Z INF Retrying connection in up to 1m4s connIndex=0 event=0 ip=2606:4700:a0::8
2026-09-04T04:11:16Z INF Tunnel connection curve preferences: [X25519MLKEM768 CurveID(65074) CurveP256] connIndex=0 event=0 ip=2606:4700:a0::8
2026-09-04T04:11:16Z ERR failed to run the datagram handler error="context canceled" connIndex=0 event=0 ip=2606:4700:a0::8
2026-09-04T04:11:16Z ERR failed to serve tunnel connection error="control stream encountered a failure while serving" connIndex=0 event=0 ip=2606:4700:a0::8
2026-09-04T04:11:16Z ERR Serve tunnel error error="control stream encountered a failure while serving" connIndex=0 event=0 ip=2606:4700:a0::8
2026-09-04T04:11:16Z INF Retrying connection in up to 1m4s connIndex=0 event=0 ip=2606:4700:a0::8
2026-09-04T04:11:21Z INF Tunnel connection curve preferences: [X25519MLKEM768 CurveID(65074) CurveP256] connIndex=0 event=0 ip=2606:4700:a0::8
2026-09-04T04:11:22Z ERR failed to run the datagram handler error="context canceled" connIndex=0 event=0 ip=2606:4700:a0::8
2026-09-04T04:11:22Z ERR failed to serve tunnel connection error="control stream encountered a failure while serving" connIndex=0 event=0 ip=2606:4700:a0::8
2026-09-04T04:11:22Z ERR Serve tunnel error error="control stream encountered a failure while serving" connIndex=0 event=0 ip=2606:4700:a0::8
2026-09-04T04:11:22Z INF Retrying connection in up to 1m4s connIndex=0 event=0 ip=2606:4700:a0::8
2026-09-04T04:11:52Z INF Tunnel connection curve preferences: [X25519MLKEM768 CurveID(65074) CurveP256] connIndex=0 event=0 ip=2606:4700:a0::8
2026-09-04T04:11:52Z ERR failed to run the datagram handler error="context canceled" connIndex=0 event=0 ip=2606:4700:a0::8
2026-09-04T04:11:52Z ERR failed to serve tunnel connection error="control stream encountered a failure while serving" connIndex=0 event=0 ip=2606:4700:a0::8
2026-09-04T04:11:52Z ERR Serve tunnel error error="control stream encountered a failure while serving" connIndex=0 event=0 ip=2606:4700:a0::8
2026-09-04T04:11:52Z INF Retrying connection in up to 1m4s connIndex=0 event=0 ip=2606:4700:a0::8
2026-09-04T04:11:55Z INF Tunnel connection curve preferences: [X25519MLKEM768 CurveID(65074) CurveP256] connIndex=0 event=0 ip=2606:4700:a0::8
2026-09-04T04:11:55Z ERR failed to run the datagram handler error="context canceled" connIndex=0 event=0 ip=2606:4700:a0::8
2026-09-04T04:11:55Z ERR failed to serve tunnel connection error="control stream encountered a failure while serving" connIndex=0 event=0 ip=2606:4700:a0::8
2026-09-04T04:11:55Z ERR Serve tunnel error error="control stream encountered a failure while serving" connIndex=0 event=0 ip=2606:4700:a0::8
2026-09-04T04:11:55Z INF Retrying connection in up to 1m4s connIndex=0 event=0 ip=2606:4700:a0::8
2026-09-04T04:12:26Z INF Tunnel connection curve preferences: [X25519MLKEM768 CurveID(65074) CurveP256] connIndex=0 event=0 ip=2606:4700:a0::8
2026-09-04T04:12:26Z ERR failed to run the datagram handler error="context canceled" connIndex=0 event=0 ip=2606:4700:a0::8
2026-09-04T04:12:26Z ERR failed to serve tunnel connection error="control stream encountered a failure while serving" connIndex=0 event=0 ip=2606:4700:a0::8
2026-09-04T04:12:26Z ERR Serve tunnel error error="control stream encountered a failure while serving" connIndex=0 event=0 ip=2606:4700:a0::8
2026-09-04T04:12:26Z INF Retrying connection in up to 1m4s connIndex=0 event=0 ip=2606:4700:a0::8
2026-09-04T04:12:40Z INF Tunnel connection curve preferences: [X25519MLKEM768 CurveID(65074) CurveP256] connIndex=0 event=0 ip=2606:4700:a0::8
2026-09-04T04:12:40Z ERR failed to run the datagram handler error="context canceled" connIndex=0 event=0 ip=2606:4700:a0::8
2026-09-04T04:12:40Z ERR failed to serve tunnel connection error="control stream encountered a failure while serving" connIndex=0 event=0 ip=2606:4700:a0::8
2026-09-04T04:12:40Z ERR Serve tunnel error error="control stream encountered a failure while serving" connIndex=0 event=0 ip=2606:4700:a0::8
2026-09-04T04:12:40Z INF Retrying connection in up to 1m4s connIndex=0 event=0 ip=2606:4700:a0::8
2026-09-04T04:12:44Z INF Tunnel connection curve preferences: [X25519MLKEM768 CurveID(65074) CurveP256] connIndex=0 event=0 ip=2606:4700:a0::8
2026-09-04T04:12:45Z ERR failed to run the datagram handler error="context canceled" connIndex=0 event=0 ip=2606:4700:a0::8
2026-09-04T04:12:45Z ERR failed to serve tunnel connection error="control stream encountered a failure while serving" connIndex=0 event=0 ip=2606:4700:a0::8
2026-09-04T04:12:45Z ERR Serve tunnel error error="control stream encountered a failure while serving" connIndex=0 event=0 ip=2606:4700:a0::8
2026-09-04T04:12:45Z INF Retrying connection in up to 1m4s connIndex=0 event=0 ip=2606:4700:a0::8
2026-09-04T04:13:12Z INF Tunnel connection curve preferences: [X25519MLKEM768 CurveID(65074) CurveP256] connIndex=0 event=0 ip=2606:4700:a0::8
2026-09-04T04:13:13Z ERR failed to run the datagram handler error="context canceled" connIndex=0 event=0 ip=2606:4700:a0::8
2026-09-04T04:13:13Z ERR failed to serve tunnel connection error="control stream encountered a failure while serving" connIndex=0 event=0 ip=2606:4700:a0::8
2026-09-04T04:13:13Z ERR Serve tunnel error error="control stream encountered a failure while serving" connIndex=0 event=0 ip=2606:4700:a0::8
2026-09-04T04:13:13Z INF Retrying connection in up to 1m4s connIndex=0 event=0 ip=2606:4700:a0::8
2026-09-04T04:13:15Z INF Tunnel connection curve preferences: [X25519MLKEM768 CurveID(65074) CurveP256] connIndex=0 event=0 ip=2606:4700:a0::8
2026-09-04T04:13:15Z ERR failed to run the datagram handler error="context canceled" connIndex=0 event=0 ip=2606:4700:a0::8
2026-09-04T04:13:15Z ERR failed to serve tunnel connection error="control stream encountered a failure while serving" connIndex=0 event=0 ip=2606:4700:a0::8
2026-09-04T04:13:15Z ERR Serve tunnel error error="control stream encountered a failure while serving" connIndex=0 event=0 ip=2606:4700:a0::8
2026-09-04T04:13:15Z INF Retrying connection in up to 1m4s connIndex=0 event=0 ip=2606:4700:a0::8
2026-09-04T04:13:20Z INF Tunnel connection curve preferences: [X25519MLKEM768 CurveID(65074) CurveP256] connIndex=0 event=0 ip=2606:4700:a0::8
2026-09-04T04:13:20Z ERR failed to run the datagram handler error="context canceled" connIndex=0 event=0 ip=2606:4700:a0::8
2026-09-04T04:13:20Z ERR failed to serve tunnel connection error="control stream encountered a failure while serving" connIndex=0 event=0 ip=2606:4700:a0::8
2026-09-04T04:13:20Z ERR Serve tunnel error error="control stream encountered a failure while serving" connIndex=0 event=0 ip=2606:4700:a0::8
2026-09-04T04:13:20Z INF Retrying connection in up to 1m4s connIndex=0 event=0 ip=2606:4700:a0::8
2026-09-04T04:13:37Z INF Tunnel connection curve preferences: [X25519MLKEM768 CurveID(65074) CurveP256] connIndex=0 event=0 ip=2606:4700:a0::8
2026-09-04T04:13:37Z ERR failed to run the datagram handler error="context canceled" connIndex=0 event=0 ip=2606:4700:a0::8
2026-09-04T04:13:37Z ERR failed to serve tunnel connection error="control stream encountered a failure while serving" connIndex=0 event=0 ip=2606:4700:a0::8
2026-09-04T04:13:37Z ERR Serve tunnel error error="control stream encountered a failure while serving" connIndex=0 event=0 ip=2606:4700:a0::8
2026-09-04T04:13:37Z INF Retrying connection in up to 1m4s connIndex=0 event=0 ip=2606:4700:a0::8
2026-09-04T04:13:44Z INF Tunnel connection curve preferences: [X25519MLKEM768 CurveID(65074) CurveP256] connIndex=0 event=0 ip=2606:4700:a0::8
2026-09-04T04:13:44Z ERR failed to run the datagram handler error="context canceled" connIndex=0 event=0 ip=2606:4700:a0::8
2026-09-04T04:13:44Z ERR failed to serve tunnel connection error="control stream encountered a failure while serving" connIndex=0 event=0 ip=2606:4700:a0::8
2026-09-04T04:13:44Z ERR Serve tunnel error error="control stream encountered a failure while serving" connIndex=0 event=0 ip=2606:4700:a0::8
2026-09-04T04:13:44Z INF Retrying connection in up to 1m4s connIndex=0 event=0 ip=2606:4700:a0::8
2026-09-04T04:14:06Z INF Tunnel connection curve preferences: [X25519MLKEM768 CurveID(65074) CurveP256] connIndex=0 event=0 ip=2606:4700:a0::8
2026-09-04T04:14:07Z ERR failed to run the datagram handler error="context canceled" connIndex=0 event=0 ip=2606:4700:a0::8
2026-09-04T04:14:07Z ERR failed to serve tunnel connection error="control stream encountered a failure while serving" connIndex=0 event=0 ip=2606:4700:a0::8
2026-09-04T04:14:07Z ERR Serve tunnel error error="control stream encountered a failure while serving" connIndex=0 event=0 ip=2606:4700:a0::8
2026-09-04T04:14:07Z INF Retrying connection in up to 1m4s connIndex=0 event=0 ip=2606:4700:a0::8
2026-09-04T04:14:09Z INF Tunnel connection curve preferences: [X25519MLKEM768 CurveID(65074) CurveP256] connIndex=0 event=0 ip=2606:4700:a0::8
2026-09-04T04:14:09Z ERR failed to run the datagram handler error="context canceled" connIndex=0 event=0 ip=2606:4700:a0::8
2026-09-04T04:14:09Z ERR failed to serve tunnel connection error="control stream encountered a failure while serving" connIndex=0 event=0 ip=2606:4700:a0::8
2026-09-04T04:14:09Z ERR Serve tunnel error error="control stream encountered a failure while serving" connIndex=0 event=0 ip=2606:4700:a0::8
2026-09-04T04:14:09Z INF Retrying connection in up to 1m4s connIndex=0 event=0 ip=2606:4700:a0::8
2026-09-04T04:14:16Z INF Tunnel connection curve preferences: [X25519MLKEM768 CurveID(65074) CurveP256] connIndex=0 event=0 ip=2606:4700:a0::8
2026-09-04T04:14:16Z ERR failed to run the datagram handler error="context canceled" connIndex=0 event=0 ip=2606:4700:a0::8
2026-09-04T04:14:16Z ERR failed to serve tunnel connection error="control stream encountered a failure while serving" connIndex=0 event=0 ip=2606:4700:a0::8
2026-09-04T04:14:16Z ERR Serve tunnel error error="control stream encountered a failure while serving" connIndex=0 event=0 ip=2606:4700:a0::8
2026-09-04T04:14:16Z INF Retrying connection in up to 1m4s connIndex=0 event=0 ip=2606:4700:a0::8
2026-09-04T04:14:35Z INF Tunnel connection curve preferences: [X25519MLKEM768 CurveID(65074) CurveP256] connIndex=0 event=0 ip=2606:4700:a0::8
2026-09-04T04:14:35Z ERR failed to run the datagram handler error="context canceled" connIndex=0 event=0 ip=2606:4700:a0::8
2026-09-04T04:14:35Z ERR failed to serve tunnel connection error="control stream encountered a failure while serving" connIndex=0 event=0 ip=2606:4700:a0::8
2026-09-04T04:14:35Z ERR Serve tunnel error error="control stream encountered a failure while serving" connIndex=0 event=0 ip=2606:4700:a0::8
2026-09-04T04:14:35Z INF Retrying connection in up to 1m4s connIndex=0 event=0 ip=2606:4700:a0::8
2026-09-04T04:15:05Z INF Tunnel connection curve preferences: [X25519MLKEM768 CurveID(65074) CurveP256] connIndex=0 event=0 ip=2606:4700:a0::8
2026-09-04T04:15:06Z ERR failed to run the datagram handler error="context canceled" connIndex=0 event=0 ip=2606:4700:a0::8
2026-09-04T04:15:06Z ERR failed to serve tunnel connection error="control stream encountered a failure while serving" connIndex=0 event=0 ip=2606:4700:a0::8
2026-09-04T04:15:06Z ERR Serve tunnel error error="control stream encountered a failure while serving" connIndex=0 event=0 ip=2606:4700:a0::8
2026-09-04T04:15:06Z INF Retrying connection in up to 1m4s connIndex=0 event=0 ip=2606:4700:a0::8
2026-09-04T04:15:16Z INF Tunnel connection curve preferences: [X25519MLKEM768 CurveID(65074) CurveP256] connIndex=0 event=0 ip=2606:4700:a0::8
2026-09-04T04:15:17Z ERR failed to run the datagram handler error="context canceled" connIndex=0 event=0 ip=2606:4700:a0::8
2026-09-04T04:15:17Z ERR failed to serve tunnel connection error="control stream encountered a failure while serving" connIndex=0 event=0 ip=2606:4700:a0::8
2026-09-04T04:15:17Z ERR Serve tunnel error error="control stream encountered a failure while serving" connIndex=0 event=0 ip=2606:4700:a0::8
2026-09-04T04:15:17Z INF Retrying connection in up to 1m4s connIndex=0 event=0 ip=2606:4700:a0::8
2026-09-04T04:15:23Z INF Tunnel connection curve preferences: [X25519MLKEM768 CurveID(65074) CurveP256] connIndex=0 event=0 ip=2606:4700:a0::8
2026-09-04T04:15:23Z ERR failed to run the datagram handler error="context canceled" connIndex=0 event=0 ip=2606:4700:a0::8
2026-09-04T04:15:23Z ERR failed to serve tunnel connection error="control stream encountered a failure while serving" connIndex=0 event=0 ip=2606:4700:a0::8
2026-09-04T04:15:23Z ERR Serve tunnel error error="control stream encountered a failure while serving" connIndex=0 event=0 ip=2606:4700:a0::8
2026-09-04T04:15:23Z INF Retrying connection in up to 1m4s connIndex=0 event=0 ip=2606:4700:a0::8
2026-09-04T04:15:42Z INF Tunnel connection curve preferences: [X25519MLKEM768 CurveID(65074) CurveP256] connIndex=0 event=0 ip=2606:4700:a0::8
2026-09-04T04:15:42Z ERR failed to run the datagram handler error="context canceled" connIndex=0 event=0 ip=2606:4700:a0::8
2026-09-04T04:15:42Z ERR failed to serve tunnel connection error="control stream encountered a failure while serving" connIndex=0 event=0 ip=2606:4700:a0::8
2026-09-04T04:15:42Z ERR Serve tunnel error error="control stream encountered a failure while serving" connIndex=0 event=0 ip=2606:4700:a0::8
2026-09-04T04:15:42Z INF Retrying connection in up to 1m4s connIndex=0 event=0 ip=2606:4700:a0::8
2026-09-04T04:16:10Z INF Tunnel connection curve preferences: [X25519MLKEM768 CurveID(65074) CurveP256] connIndex=0 event=0 ip=2606:4700:a0::8
2026-09-04T04:16:10Z ERR failed to run the datagram handler error="context canceled" connIndex=0 event=0 ip=2606:4700:a0::8
2026-09-04T04:16:10Z ERR failed to serve tunnel connection error="control stream encountered a failure while serving" connIndex=0 event=0 ip=2606:4700:a0::8
2026-09-04T04:16:10Z ERR Serve tunnel error error="control stream encountered a failure while serving" connIndex=0 event=0 ip=2606:4700:a0::8
2026-09-04T04:16:10Z INF Retrying connection in up to 1m4s connIndex=0 event=0 ip=2606:4700:a0::8
2026-09-04T04:16:17Z INF Tunnel connection curve preferences: [X25519MLKEM768 CurveID(65074) CurveP256] connIndex=0 event=0 ip=2606:4700:a0::8
2026-09-04T04:16:17Z ERR failed to run the datagram handler error="context canceled" connIndex=0 event=0 ip=2606:4700:a0::8
2026-09-04T04:16:17Z ERR failed to serve tunnel connection error="control stream encountered a failure while serving" connIndex=0 event=0 ip=2606:4700:a0::8
2026-09-04T04:16:17Z ERR Serve tunnel error error="control stream encountered a failure while serving" connIndex=0 event=0 ip=2606:4700:a0::8
2026-09-04T04:16:17Z INF Retrying connection in up to 1m4s connIndex=0 event=0 ip=2606:4700:a0::8
2026-09-04T04:16:26Z INF Tunnel connection curve preferences: [X25519MLKEM768 CurveID(65074) CurveP256] connIndex=0 event=0 ip=2606:4700:a0::8
2026-09-04T04:16:27Z ERR failed to run the datagram handler error="context canceled" connIndex=0 event=0 ip=2606:4700:a0::8
2026-09-04T04:16:27Z ERR failed to serve tunnel connection error="control stream encountered a failure while serving" connIndex=0 event=0 ip=2606:4700:a0::8
2026-09-04T04:16:27Z ERR Serve tunnel error error="control stream encountered a failure while serving" connIndex=0 event=0 ip=2606:4700:a0::8
2026-09-04T04:16:27Z INF Retrying connection in up to 1m4s connIndex=0 event=0 ip=2606:4700:a0::8
2026-09-04T04:16:38Z INF Tunnel connection curve preferences: [X25519MLKEM768 CurveID(65074) CurveP256] connIndex=0 event=0 ip=2606:4700:a0::8
2026-09-04T04:16:38Z ERR failed to run the datagram handler error="context canceled" connIndex=0 event=0 ip=2606:4700:a0::8
2026-09-04T04:16:38Z ERR failed to serve tunnel connection error="control stream encountered a failure while serving" connIndex=0 event=0 ip=2606:4700:a0::8
2026-09-04T04:16:38Z ERR Serve tunnel error error="control stream encountered a failure while serving" connIndex=0 event=0 ip=2606:4700:a0::8
2026-09-04T04:16:38Z INF Retrying connection in up to 1m4s connIndex=0 event=0 ip=2606:4700:a0::8
2026-09-04T04:17:09Z INF Tunnel connection curve preferences: [X25519MLKEM768 CurveID(65074) CurveP256] connIndex=0 event=0 ip=2606:4700:a0::8
2026-09-04T04:17:09Z ERR failed to run the datagram handler error="context canceled" connIndex=0 event=0 ip=2606:4700:a0::8
2026-09-04T04:17:09Z ERR failed to serve tunnel connection error="control stream encountered a failure while serving" connIndex=0 event=0 ip=2606:4700:a0::8
2026-09-04T04:17:09Z ERR Serve tunnel error error="control stream encountered a failure while serving" connIndex=0 event=0 ip=2606:4700:a0::8
2026-09-04T04:17:09Z INF Retrying connection in up to 1m4s connIndex=0 event=0 ip=2606:4700:a0::8
2026-09-04T04:17:22Z INF Tunnel connection curve preferences: [X25519MLKEM768 CurveID(65074) CurveP256] connIndex=0 event=0 ip=2606:4700:a0::8
2026-09-04T04:17:22Z ERR failed to run the datagram handler error="context canceled" connIndex=0 event=0 ip=2606:4700:a0::8
2026-09-04T04:17:22Z ERR failed to serve tunnel connection error="control stream encountered a failure while serving" connIndex=0 event=0 ip=2606:4700:a0::8
2026-09-04T04:17:22Z ERR Serve tunnel error error="control stream encountered a failure while serving" connIndex=0 event=0 ip=2606:4700:a0::8
2026-09-04T04:17:22Z INF Retrying connection in up to 1m4s connIndex=0 event=0 ip=2606:4700:a0::8
2026-09-04T04:17:29Z INF Tunnel connection curve preferences: [X25519MLKEM768 CurveID(65074) CurveP256] connIndex=0 event=0 ip=2606:4700:a0::8
2026-09-04T04:17:30Z ERR failed to run the datagram handler error="context canceled" connIndex=0 event=0 ip=2606:4700:a0::8
2026-09-04T04:17:30Z ERR failed to serve tunnel connection error="control stream encountered a failure while serving" connIndex=0 event=0 ip=2606:4700:a0::8
2026-09-04T04:17:30Z ERR Serve tunnel error error="control stream encountered a failure while serving" connIndex=0 event=0 ip=2606:4700:a0::8
2026-09-04T04:17:30Z INF Retrying connection in up to 1m4s connIndex=0 event=0 ip=2606:4700:a0::8
2026-09-04T04:17:54Z INF Tunnel connection curve preferences: [X25519MLKEM768 CurveID(65074) CurveP256] connIndex=0 event=0 ip=2606:4700:a0::8
2026-09-04T04:17:54Z ERR failed to run the datagram handler error="context canceled" connIndex=0 event=0 ip=2606:4700:a0::8
2026-09-04T04:17:54Z ERR failed to serve tunnel connection error="control stream encountered a failure while serving" connIndex=0 event=0 ip=2606:4700:a0::8
2026-09-04T04:17:54Z ERR Serve tunnel error error="control stream encountered a failure while serving" connIndex=0 event=0 ip=2606:4700:a0::8
2026-09-04T04:17:54Z INF Retrying connection in up to 1m4s connIndex=0 event=0 ip=2606:4700:a0::8
2026-09-04T04:17:55Z INF Tunnel connection curve preferences: [X25519MLKEM768 CurveID(65074) CurveP256] connIndex=0 event=0 ip=2606:4700:a0::8
2026-09-04T04:17:55Z ERR failed to run the datagram handler error="context canceled" connIndex=0 event=0 ip=2606:4700:a0::8
2026-09-04T04:17:55Z ERR failed to serve tunnel connection error="control stream encountered a failure while serving" connIndex=0 event=0 ip=2606:4700:a0::8
2026-09-04T04:17:55Z ERR Serve tunnel error error="control stream encountered a failure while serving" connIndex=0 event=0 ip=2606:4700:a0::8
2026-09-04T04:17:55Z INF Retrying connection in up to 1m4s connIndex=0 event=0 ip=2606:4700:a0::8
2026-09-04T04:18:25Z INF Tunnel connection curve preferences: [X25519MLKEM768 CurveID(65074) CurveP256] connIndex=0 event=0 ip=2606:4700:a0::8
2026-09-04T04:18:25Z ERR failed to run the datagram handler error="context canceled" connIndex=0 event=0 ip=2606:4700:a0::8
2026-09-04T04:18:25Z ERR failed to serve tunnel connection error="control stream encountered a failure while serving" connIndex=0 event=0 ip=2606:4700:a0::8
2026-09-04T04:18:25Z ERR Serve tunnel error error="control stream encountered a failure while serving" connIndex=0 event=0 ip=2606:4700:a0::8
2026-09-04T04:18:25Z INF Retrying connection in up to 1m4s connIndex=0 event=0 ip=2606:4700:a0::8
2026-09-04T04:18:50Z INF Tunnel connection curve preferences: [X25519MLKEM768 CurveID(65074) CurveP256] connIndex=0 event=0 ip=2606:4700:a0::8
2026-09-04T04:18:50Z ERR failed to run the datagram handler error="context canceled" connIndex=0 event=0 ip=2606:4700:a0::8
2026-09-04T04:18:50Z ERR failed to serve tunnel connection error="control stream encountered a failure while serving" connIndex=0 event=0 ip=2606:4700:a0::8
2026-09-04T04:18:50Z ERR Serve tunnel error error="control stream encountered a failure while serving" connIndex=0 event=0 ip=2606:4700:a0::8
2026-09-04T04:18:50Z INF Retrying connection in up to 1m4s connIndex=0 event=0 ip=2606:4700:a0::8
2026-09-04T04:19:21Z INF Tunnel connection curve preferences: [X25519MLKEM768 CurveID(65074) CurveP256] connIndex=0 event=0 ip=2606:4700:a0::8
2026-09-04T04:19:21Z ERR failed to run the datagram handler error="context canceled" connIndex=0 event=0 ip=2606:4700:a0::8
2026-09-04T04:19:21Z ERR failed to serve tunnel connection error="control stream encountered a failure while serving" connIndex=0 event=0 ip=2606:4700:a0::8
2026-09-04T04:19:21Z ERR Serve tunnel error error="control stream encountered a failure while serving" connIndex=0 event=0 ip=2606:4700:a0::8
2026-09-04T04:19:21Z INF Retrying connection in up to 1m4s connIndex=0 event=0 ip=2606:4700:a0::8
2026-09-04T04:19:30Z INF Tunnel connection curve preferences: [X25519MLKEM768 CurveID(65074) CurveP256] connIndex=0 event=0 ip=2606:4700:a0::8
2026-09-04T04:19:30Z ERR failed to run the datagram handler error="context canceled" connIndex=0 event=0 ip=2606:4700:a0::8
2026-09-04T04:19:30Z ERR failed to serve tunnel connection error="control stream encountered a failure while serving" connIndex=0 event=0 ip=2606:4700:a0::8
2026-09-04T04:19:30Z ERR Serve tunnel error error="control stream encountered a failure while serving" connIndex=0 event=0 ip=2606:4700:a0::8
2026-09-04T04:19:30Z INF Retrying connection in up to 1m4s connIndex=0 event=0 ip=2606:4700:a0::8
2026-09-04T04:19:59Z INF Tunnel connection curve preferences: [X25519MLKEM768 CurveID(65074) CurveP256] connIndex=0 event=0 ip=2606:4700:a0::8
2026-09-04T04:19:59Z ERR failed to run the datagram handler error="context canceled" connIndex=0 event=0 ip=2606:4700:a0::8
2026-09-04T04:19:59Z ERR failed to serve tunnel connection error="control stream encountered a failure while serving" connIndex=0 event=0 ip=2606:4700:a0::8
2026-09-04T04:19:59Z ERR Serve tunnel error error="control stream encountered a failure while serving" connIndex=0 event=0 ip=2606:4700:a0::8
2026-09-04T04:19:59Z INF Retrying connection in up to 1m4s connIndex=0 event=0 ip=2606:4700:a0::8
2026-09-04T04:20:03Z INF Tunnel connection curve preferences: [X25519MLKEM768 CurveID(65074) CurveP256] connIndex=0 event=0 ip=2606:4700:a0::8
2026-09-04T04:20:03Z ERR failed to run the datagram handler error="context canceled" connIndex=0 event=0 ip=2606:4700:a0::8
2026-09-04T04:20:03Z ERR failed to serve tunnel connection error="control stream encountered a failure while serving" connIndex=0 event=0 ip=2606:4700:a0::8
2026-09-04T04:20:03Z ERR Serve tunnel error error="control stream encountered a failure while serving" connIndex=0 event=0 ip=2606:4700:a0::8
2026-09-04T04:20:03Z INF Retrying connection in up to 1m4s connIndex=0 event=0 ip=2606:4700:a0::8
2026-09-04T04:20:07Z INF Tunnel connection curve preferences: [X25519MLKEM768 CurveID(65074) CurveP256] connIndex=0 event=0 ip=2606:4700:a0::8
2026-09-04T04:20:07Z ERR failed to run the datagram handler error="context canceled" connIndex=0 event=0 ip=2606:4700:a0::8
2026-09-04T04:20:07Z ERR failed to serve tunnel connection error="control stream encountered a failure while serving" connIndex=0 event=0 ip=2606:4700:a0::8
2026-09-04T04:20:07Z ERR Serve tunnel error error="control stream encountered a failure while serving" connIndex=0 event=0 ip=2606:4700:a0::8
2026-09-04T04:20:07Z INF Retrying connection in up to 1m4s connIndex=0 event=0 ip=2606:4700:a0::8
2026-09-04T04:20:36Z INF Tunnel connection curve preferences: [X25519MLKEM768 CurveID(65074) CurveP256] connIndex=0 event=0 ip=2606:4700:a0::8
2026-09-04T04:20:36Z ERR failed to run the datagram handler error="context canceled" connIndex=0 event=0 ip=2606:4700:a0::8
2026-09-04T04:20:36Z ERR failed to serve tunnel connection error="control stream encountered a failure while serving" connIndex=0 event=0 ip=2606:4700:a0::8
2026-09-04T04:20:36Z ERR Serve tunnel error error="control stream encountered a failure while serving" connIndex=0 event=0 ip=2606:4700:a0::8
2026-09-04T04:20:36Z INF Retrying connection in up to 1m4s connIndex=0 event=0 ip=2606:4700:a0::8
2026-09-04T04:20:48Z INF Tunnel connection curve preferences: [X25519MLKEM768 CurveID(65074) CurveP256] connIndex=0 event=0 ip=2606:4700:a0::8
2026-09-04T04:20:48Z ERR failed to run the datagram handler error="context canceled" connIndex=0 event=0 ip=2606:4700:a0::8
2026-09-04T04:20:48Z ERR failed to serve tunnel connection error="control stream encountered a failure while serving" connIndex=0 event=0 ip=2606:4700:a0::8
2026-09-04T04:20:48Z ERR Serve tunnel error error="control stream encountered a failure while serving" connIndex=0 event=0 ip=2606:4700:a0::8
2026-09-04T04:20:48Z INF Retrying connection in up to 1m4s connIndex=0 event=0 ip=2606:4700:a0::8
2026-09-04T04:20:54Z INF Tunnel connection curve preferences: [X25519MLKEM768 CurveID(65074) CurveP256] connIndex=0 event=0 ip=2606:4700:a0::8
2026-09-04T04:20:54Z ERR failed to run the datagram handler error="context canceled" connIndex=0 event=0 ip=2606:4700:a0::8
2026-09-04T04:20:54Z ERR failed to serve tunnel connection error="control stream encountered a failure while serving" connIndex=0 event=0 ip=2606:4700:a0::8
2026-09-04T04:20:54Z ERR Serve tunnel error error="control stream encountered a failure while serving" connIndex=0 event=0 ip=2606:4700:a0::8
2026-09-04T04:20:54Z INF Retrying connection in up to 1m4s connIndex=0 event=0 ip=2606:4700:a0::8
2026-09-04T04:21:04Z INF Tunnel connection curve preferences: [X25519MLKEM768 CurveID(65074) CurveP256] connIndex=0 event=0 ip=2606:4700:a0::8
2026-09-04T04:21:04Z ERR failed to run the datagram handler error="context canceled" connIndex=0 event=0 ip=2606:4700:a0::8
2026-09-04T04:21:04Z ERR failed to serve tunnel connection error="control stream encountered a failure while serving" connIndex=0 event=0 ip=2606:4700:a0::8
2026-09-04T04:21:04Z ERR Serve tunnel error error="control stream encountered a failure while serving" connIndex=0 event=0 ip=2606:4700:a0::8
2026-09-04T04:21:04Z INF Retrying connection in up to 1m4s connIndex=0 event=0 ip=2606:4700:a0::8
2026-09-04T04:21:16Z INF Tunnel connection curve preferences: [X25519MLKEM768 CurveID(65074) CurveP256] connIndex=0 event=0 ip=2606:4700:a0::8
2026-09-04T04:21:16Z ERR failed to run the datagram handler error="context canceled" connIndex=0 event=0 ip=2606:4700:a0::8
2026-09-04T04:21:16Z ERR failed to serve tunnel connection error="control stream encountered a failure while serving" connIndex=0 event=0 ip=2606:4700:a0::8
2026-09-04T04:21:16Z ERR Serve tunnel error error="control stream encountered a failure while serving" connIndex=0 event=0 ip=2606:4700:a0::8
2026-09-04T04:21:16Z INF Retrying connection in up to 1m4s connIndex=0 event=0 ip=2606:4700:a0::8
2026-09-04T04:21:21Z INF Tunnel connection curve preferences: [X25519MLKEM768 CurveID(65074) CurveP256] connIndex=0 event=0 ip=2606:4700:a0::8
2026-09-04T04:21:21Z ERR failed to run the datagram handler error="context canceled" connIndex=0 event=0 ip=2606:4700:a0::8
2026-09-04T04:21:21Z ERR failed to serve tunnel connection error="control stream encountered a failure while serving" connIndex=0 event=0 ip=2606:4700:a0::8
2026-09-04T04:21:21Z ERR Serve tunnel error error="control stream encountered a failure while serving" connIndex=0 event=0 ip=2606:4700:a0::8
2026-09-04T04:21:21Z INF Retrying connection in up to 1m4s connIndex=0 event=0 ip=2606:4700:a0::8
2026-09-04T04:21:52Z INF Tunnel connection curve preferences: [X25519MLKEM768 CurveID(65074) CurveP256] connIndex=0 event=0 ip=2606:4700:a0::8
2026-09-04T04:21:52Z ERR failed to run the datagram handler error="context canceled" connIndex=0 event=0 ip=2606:4700:a0::8
2026-09-04T04:21:52Z ERR failed to serve tunnel connection error="control stream encountered a failure while serving" connIndex=0 event=0 ip=2606:4700:a0::8
2026-09-04T04:21:52Z ERR Serve tunnel error error="control stream encountered a failure while serving" connIndex=0 event=0 ip=2606:4700:a0::8
2026-09-04T04:21:52Z INF Retrying connection in up to 1m4s connIndex=0 event=0 ip=2606:4700:a0::8
2026-09-04T04:22:13Z INF Tunnel connection curve preferences: [X25519MLKEM768 CurveID(65074) CurveP256] connIndex=0 event=0 ip=2606:4700:a0::8
2026-09-04T04:22:13Z ERR failed to run the datagram handler error="context canceled" connIndex=0 event=0 ip=2606:4700:a0::8
2026-09-04T04:22:13Z ERR failed to serve tunnel connection error="control stream encountered a failure while serving" connIndex=0 event=0 ip=2606:4700:a0::8
2026-09-04T04:22:13Z ERR Serve tunnel error error="control stream encountered a failure while serving" connIndex=0 event=0 ip=2606:4700:a0::8
2026-09-04T04:22:13Z INF Retrying connection in up to 1m4s connIndex=0 event=0 ip=2606:4700:a0::8
2026-09-04T04:22:21Z INF Tunnel connection curve preferences: [X25519MLKEM768 CurveID(65074) CurveP256] connIndex=0 event=0 ip=2606:4700:a0::8
2026-09-04T04:22:21Z ERR failed to run the datagram handler error="context canceled" connIndex=0 event=0 ip=2606:4700:a0::8
2026-09-04T04:22:21Z ERR failed to serve tunnel connection error="control stream encountered a failure while serving" connIndex=0 event=0 ip=2606:4700:a0::8
2026-09-04T04:22:21Z ERR Serve tunnel error error="control stream encountered a failure while serving" connIndex=0 event=0 ip=2606:4700:a0::8
2026-09-04T04:22:21Z INF Retrying connection in up to 1m4s connIndex=0 event=0 ip=2606:4700:a0::8
2026-09-04T04:22:38Z INF Tunnel connection curve preferences: [X25519MLKEM768 CurveID(65074) CurveP256] connIndex=0 event=0 ip=2606:4700:a0::8
2026-09-04T04:22:38Z ERR failed to run the datagram handler error="context canceled" connIndex=0 event=0 ip=2606:4700:a0::8
2026-09-04T04:22:38Z ERR failed to serve tunnel connection error="control stream encountered a failure while serving" connIndex=0 event=0 ip=2606:4700:a0::8
2026-09-04T04:22:38Z ERR Serve tunnel error error="control stream encountered a failure while serving" connIndex=0 event=0 ip=2606:4700:a0::8
2026-09-04T04:22:38Z INF Retrying connection in up to 1m4s connIndex=0 event=0 ip=2606:4700:a0::8
2026-09-04T04:23:09Z INF Tunnel connection curve preferences: [X25519MLKEM768 CurveID(65074) CurveP256] connIndex=0 event=0 ip=2606:4700:a0::8
2026-09-04T04:23:09Z ERR failed to run the datagram handler error="context canceled" connIndex=0 event=0 ip=2606:4700:a0::8
2026-09-04T04:23:09Z ERR failed to serve tunnel connection error="control stream encountered a failure while serving" connIndex=0 event=0 ip=2606:4700:a0::8
2026-09-04T04:23:09Z ERR Serve tunnel error error="control stream encountered a failure while serving" connIndex=0 event=0 ip=2606:4700:a0::8
2026-09-04T04:23:09Z INF Retrying connection in up to 1m4s connIndex=0 event=0 ip=2606:4700:a0::8
2026-09-04T04:23:27Z INF Tunnel connection curve preferences: [X25519MLKEM768 CurveID(65074) CurveP256] connIndex=0 event=0 ip=2606:4700:a0::8
2026-09-04T04:23:27Z ERR failed to run the datagram handler error="context canceled" connIndex=0 event=0 ip=2606:4700:a0::8
2026-09-04T04:23:27Z ERR failed to serve tunnel connection error="control stream encountered a failure while serving" connIndex=0 event=0 ip=2606:4700:a0::8
2026-09-04T04:23:27Z ERR Serve tunnel error error="control stream encountered a failure while serving" connIndex=0 event=0 ip=2606:4700:a0::8
2026-09-04T04:23:27Z INF Retrying connection in up to 1m4s connIndex=0 event=0 ip=2606:4700:a0::8
2026-09-04T04:23:42Z INF Tunnel connection curve preferences: [X25519MLKEM768 CurveID(65074) CurveP256] connIndex=0 event=0 ip=2606:4700:a0::8
2026-09-04T04:23:42Z ERR failed to run the datagram handler error="context canceled" connIndex=0 event=0 ip=2606:4700:a0::8
2026-09-04T04:23:42Z ERR failed to serve tunnel connection error="control stream encountered a failure while serving" connIndex=0 event=0 ip=2606:4700:a0::8
2026-09-04T04:23:42Z ERR Serve tunnel error error="control stream encountered a failure while serving" connIndex=0 event=0 ip=2606:4700:a0::8
2026-09-04T04:23:42Z INF Retrying connection in up to 1m4s connIndex=0 event=0 ip=2606:4700:a0::8
2026-09-04T04:23:48Z INF Tunnel connection curve preferences: [X25519MLKEM768 CurveID(65074) CurveP256] connIndex=0 event=0 ip=2606:4700:a0::8
2026-09-04T04:23:48Z ERR failed to run the datagram handler error="context canceled" connIndex=0 event=0 ip=2606:4700:a0::8
2026-09-04T04:23:48Z ERR failed to serve tunnel connection error="control stream encountered a failure while serving" connIndex=0 event=0 ip=2606:4700:a0::8
2026-09-04T04:23:48Z ERR Serve tunnel error error="control stream encountered a failure while serving" connIndex=0 event=0 ip=2606:4700:a0::8
2026-09-04T04:23:48Z INF Retrying connection in up to 1m4s connIndex=0 event=0 ip=2606:4700:a0::8
2026-09-04T04:24:11Z INF Tunnel connection curve preferences: [X25519MLKEM768 CurveID(65074) CurveP256] connIndex=0 event=0 ip=2606:4700:a0::8
2026-09-04T04:24:11Z ERR failed to run the datagram handler error="context canceled" connIndex=0 event=0 ip=2606:4700:a0::8
2026-09-04T04:24:11Z ERR failed to serve tunnel connection error="control stream encountered a failure while serving" connIndex=0 event=0 ip=2606:4700:a0::8
2026-09-04T04:24:11Z ERR Serve tunnel error error="control stream encountered a failure while serving" connIndex=0 event=0 ip=2606:4700:a0::8
2026-09-04T04:24:11Z INF Retrying connection in up to 1m4s connIndex=0 event=0 ip=2606:4700:a0::8
2026-09-04T04:24:35Z INF Tunnel connection curve preferences: [X25519MLKEM768 CurveID(65074) CurveP256] connIndex=0 event=0 ip=2606:4700:a0::8
2026-09-04T04:24:35Z ERR failed to run the datagram handler error="context canceled" connIndex=0 event=0 ip=2606:4700:a0::8
2026-09-04T04:24:35Z ERR failed to serve tunnel connection error="control stream encountered a failure while serving" connIndex=0 event=0 ip=2606:4700:a0::8
2026-09-04T04:24:35Z ERR Serve tunnel error error="control stream encountered a failure while serving" connIndex=0 event=0 ip=2606:4700:a0::8
2026-09-04T04:24:35Z INF Retrying connection in up to 1m4s connIndex=0 event=0 ip=2606:4700:a0::8
2026-09-04T04:24:37Z INF Tunnel connection curve preferences: [X25519MLKEM768 CurveID(65074) CurveP256] connIndex=0 event=0 ip=2606:4700:a0::8
2026-09-04T04:24:37Z ERR failed to run the datagram handler error="context canceled" connIndex=0 event=0 ip=2606:4700:a0::8
2026-09-04T04:24:37Z ERR failed to serve tunnel connection error="control stream encountered a failure while serving" connIndex=0 event=0 ip=2606:4700:a0::8
2026-09-04T04:24:37Z ERR Serve tunnel error error="control stream encountered a failure while serving" connIndex=0 event=0 ip=2606:4700:a0::8
2026-09-04T04:24:37Z INF Retrying connection in up to 1m4s connIndex=0 event=0 ip=2606:4700:a0::8
2026-09-04T04:24:51Z INF Tunnel connection curve preferences: [X25519MLKEM768 CurveID(65074) CurveP256] connIndex=0 event=0 ip=2606:4700:a0::8
2026-09-04T04:24:51Z ERR failed to run the datagram handler error="context canceled" connIndex=0 event=0 ip=2606:4700:a0::8
2026-09-04T04:24:51Z ERR failed to serve tunnel connection error="control stream encountered a failure while serving" connIndex=0 event=0 ip=2606:4700:a0::8
2026-09-04T04:24:51Z ERR Serve tunnel error error="control stream encountered a failure while serving" connIndex=0 event=0 ip=2606:4700:a0::8
2026-09-04T04:24:51Z INF Retrying connection in up to 1m4s connIndex=0 event=0 ip=2606:4700:a0::8
2026-09-04T04:25:18Z INF Tunnel connection curve preferences: [X25519MLKEM768 CurveID(65074) CurveP256] connIndex=0 event=0 ip=2606:4700:a0::8
2026-09-04T04:25:18Z ERR failed to run the datagram handler error="context canceled" connIndex=0 event=0 ip=2606:4700:a0::8
2026-09-04T04:25:18Z ERR failed to serve tunnel connection error="control stream encountered a failure while serving" connIndex=0 event=0 ip=2606:4700:a0::8
2026-09-04T04:25:18Z ERR Serve tunnel error error="control stream encountered a failure while serving" connIndex=0 event=0 ip=2606:4700:a0::8
2026-09-04T04:25:18Z INF Retrying connection in up to 1m4s connIndex=0 event=0 ip=2606:4700:a0::8
2026-09-04T04:25:36Z INF Tunnel connection curve preferences: [X25519MLKEM768 CurveID(65074) CurveP256] connIndex=0 event=0 ip=2606:4700:a0::8
2026-09-04T04:25:36Z ERR failed to run the datagram handler error="context canceled" connIndex=0 event=0 ip=2606:4700:a0::8
2026-09-04T04:25:36Z ERR failed to serve tunnel connection error="control stream encountered a failure while serving" connIndex=0 event=0 ip=2606:4700:a0::8
2026-09-04T04:25:36Z ERR Serve tunnel error error="control stream encountered a failure while serving" connIndex=0 event=0 ip=2606:4700:a0::8
2026-09-04T04:25:36Z INF Retrying connection in up to 1m4s connIndex=0 event=0 ip=2606:4700:a0::8
2026-09-04T04:26:04Z INF Tunnel connection curve preferences: [X25519MLKEM768 CurveID(65074) CurveP256] connIndex=0 event=0 ip=2606:4700:a0::8
2026-09-04T04:26:04Z ERR failed to run the datagram handler error="context canceled" connIndex=0 event=0 ip=2606:4700:a0::8
2026-09-04T04:26:04Z ERR failed to serve tunnel connection error="control stream encountered a failure while serving" connIndex=0 event=0 ip=2606:4700:a0::8
2026-09-04T04:26:04Z ERR Serve tunnel error error="control stream encountered a failure while serving" connIndex=0 event=0 ip=2606:4700:a0::8
2026-09-04T04:26:04Z INF Retrying connection in up to 1m4s connIndex=0 event=0 ip=2606:4700:a0::8
2026-09-04T04:26:07Z INF Tunnel connection curve preferences: [X25519MLKEM768 CurveID(65074) CurveP256] connIndex=0 event=0 ip=2606:4700:a0::8
2026-09-04T04:26:07Z ERR failed to run the datagram handler error="context canceled" connIndex=0 event=0 ip=2606:4700:a0::8
2026-09-04T04:26:07Z ERR failed to serve tunnel connection error="control stream encountered a failure while serving" connIndex=0 event=0 ip=2606:4700:a0::8
2026-09-04T04:26:07Z ERR Serve tunnel error error="control stream encountered a failure while serving" connIndex=0 event=0 ip=2606:4700:a0::8
2026-09-04T04:26:07Z INF Retrying connection in up to 1m4s connIndex=0 event=0 ip=2606:4700:a0::8
2026-09-04T04:26:11Z INF Tunnel connection curve preferences: [X25519MLKEM768 CurveID(65074) CurveP256] connIndex=0 event=0 ip=2606:4700:a0::8
2026-09-04T04:26:11Z ERR failed to run the datagram handler error="context canceled" connIndex=0 event=0 ip=2606:4700:a0::8
2026-09-04T04:26:11Z ERR failed to serve tunnel connection error="control stream encountered a failure while serving" connIndex=0 event=0 ip=2606:4700:a0::8
2026-09-04T04:26:11Z ERR Serve tunnel error error="control stream encountered a failure while serving" connIndex=0 event=0 ip=2606:4700:a0::8
2026-09-04T04:26:11Z INF Retrying connection in up to 1m4s connIndex=0 event=0 ip=2606:4700:a0::8
2026-09-04T04:26:28Z INF Tunnel connection curve preferences: [X25519MLKEM768 CurveID(65074) CurveP256] connIndex=0 event=0 ip=2606:4700:a0::8
2026-09-04T04:26:28Z ERR failed to run the datagram handler error="context canceled" connIndex=0 event=0 ip=2606:4700:a0::8
2026-09-04T04:26:28Z ERR failed to serve tunnel connection error="control stream encountered a failure while serving" connIndex=0 event=0 ip=2606:4700:a0::8
2026-09-04T04:26:28Z ERR Serve tunnel error error="control stream encountered a failure while serving" connIndex=0 event=0 ip=2606:4700:a0::8
2026-09-04T04:26:28Z INF Retrying connection in up to 1m4s connIndex=0 event=0 ip=2606:4700:a0::8
2026-09-04T04:26:57Z INF Tunnel connection curve preferences: [X25519MLKEM768 CurveID(65074) CurveP256] connIndex=0 event=0 ip=2606:4700:a0::8
2026-09-04T04:26:57Z ERR failed to run the datagram handler error="context canceled" connIndex=0 event=0 ip=2606:4700:a0::8
2026-09-04T04:26:57Z ERR failed to serve tunnel connection error="control stream encountered a failure while serving" connIndex=0 event=0 ip=2606:4700:a0::8
2026-09-04T04:26:57Z ERR Serve tunnel error error="control stream encountered a failure while serving" connIndex=0 event=0 ip=2606:4700:a0::8
2026-09-04T04:26:57Z INF Retrying connection in up to 1m4s connIndex=0 event=0 ip=2606:4700:a0::8
2026-09-04T04:27:26Z INF Tunnel connection curve preferences: [X25519MLKEM768 CurveID(65074) CurveP256] connIndex=0 event=0 ip=2606:4700:a0::8
2026-09-04T04:27:26Z ERR failed to run the datagram handler error="context canceled" connIndex=0 event=0 ip=2606:4700:a0::8
2026-09-04T04:27:26Z ERR failed to serve tunnel connection error="control stream encountered a failure while serving" connIndex=0 event=0 ip=2606:4700:a0::8
2026-09-04T04:27:26Z ERR Serve tunnel error error="control stream encountered a failure while serving" connIndex=0 event=0 ip=2606:4700:a0::8
2026-09-04T04:27:26Z INF Retrying connection in up to 1m4s connIndex=0 event=0 ip=2606:4700:a0::8
2026-09-04T04:27:46Z INF Tunnel connection curve preferences: [X25519MLKEM768 CurveID(65074) CurveP256] connIndex=0 event=0 ip=2606:4700:a0::8
2026-09-04T04:27:46Z ERR failed to run the datagram handler error="context canceled" connIndex=0 event=0 ip=2606:4700:a0::8
2026-09-04T04:27:46Z ERR failed to serve tunnel connection error="control stream encountered a failure while serving" connIndex=0 event=0 ip=2606:4700:a0::8
2026-09-04T04:27:46Z ERR Serve tunnel error error="control stream encountered a failure while serving" connIndex=0 event=0 ip=2606:4700:a0::8
2026-09-04T04:27:46Z INF Retrying connection in up to 1m4s connIndex=0 event=0 ip=2606:4700:a0::8
2026-09-04T04:27:53Z INF Tunnel connection curve preferences: [X25519MLKEM768 CurveID(65074) CurveP256] connIndex=0 event=0 ip=2606:4700:a0::8
2026-09-04T04:27:53Z ERR failed to run the datagram handler error="context canceled" connIndex=0 event=0 ip=2606:4700:a0::8
2026-09-04T04:27:53Z ERR failed to serve tunnel connection error="control stream encountered a failure while serving" connIndex=0 event=0 ip=2606:4700:a0::8
2026-09-04T04:27:53Z ERR Serve tunnel error error="control stream encountered a failure while serving" connIndex=0 event=0 ip=2606:4700:a0::8
2026-09-04T04:27:53Z INF Retrying connection in up to 1m4s connIndex=0 event=0 ip=2606:4700:a0::8
2026-09-04T04:28:05Z INF Tunnel connection curve preferences: [X25519MLKEM768 CurveID(65074) CurveP256] connIndex=0 event=0 ip=2606:4700:a0::8
2026-09-04T04:28:05Z ERR failed to run the datagram handler error="context canceled" connIndex=0 event=0 ip=2606:4700:a0::8
2026-09-04T04:28:05Z ERR failed to serve tunnel connection error="control stream encountered a failure while serving" connIndex=0 event=0 ip=2606:4700:a0::8
2026-09-04T04:28:05Z ERR Serve tunnel error error="control stream encountered a failure while serving" connIndex=0 event=0 ip=2606:4700:a0::8
2026-09-04T04:28:05Z INF Retrying connection in up to 1m4s connIndex=0 event=0 ip=2606:4700:a0::8
2026-09-04T04:32:57Z INF Tunnel connection curve preferences: [X25519MLKEM768 CurveID(65074) CurveP256] connIndex=0 event=0 ip=2606:4700:a0::8
2026-09-04T04:32:57Z ERR failed to run the datagram handler error="context canceled" connIndex=0 event=0 ip=2606:4700:a0::8
2026-09-04T04:32:57Z ERR failed to serve tunnel connection error="control stream encountered a failure while serving" connIndex=0 event=0 ip=2606:4700:a0::8
2026-09-04T04:32:57Z ERR Serve tunnel error error="control stream encountered a failure while serving" connIndex=0 event=0 ip=2606:4700:a0::8
2026-09-04T04:32:57Z INF Retrying connection in up to 1m4s connIndex=0 event=0 ip=2606:4700:a0::8
2026-09-04T04:33:02Z INF Tunnel connection curve preferences: [X25519MLKEM768 CurveID(65074) CurveP256] connIndex=0 event=0 ip=2606:4700:a0::8
2026-09-04T04:33:02Z ERR failed to run the datagram handler error="context canceled" connIndex=0 event=0 ip=2606:4700:a0::8
2026-09-04T04:33:02Z ERR failed to serve tunnel connection error="control stream encountered a failure while serving" connIndex=0 event=0 ip=2606:4700:a0::8
2026-09-04T04:33:02Z ERR Serve tunnel error error="control stream encountered a failure while serving" connIndex=0 event=0 ip=2606:4700:a0::8
2026-09-04T04:33:02Z INF Retrying connection in up to 1m4s connIndex=0 event=0 ip=2606:4700:a0::8
2026-09-04T04:33:03Z INF Tunnel connection curve preferences: [X25519MLKEM768 CurveID(65074) CurveP256] connIndex=0 event=0 ip=2606:4700:a0::8
2026-09-04T04:33:03Z ERR failed to run the datagram handler error="context canceled" connIndex=0 event=0 ip=2606:4700:a0::8
2026-09-04T04:33:03Z ERR failed to serve tunnel connection error="control stream encountered a failure while serving" connIndex=0 event=0 ip=2606:4700:a0::8
2026-09-04T04:33:03Z ERR Serve tunnel error error="control stream encountered a failure while serving" connIndex=0 event=0 ip=2606:4700:a0::8
2026-09-04T04:33:03Z INF Retrying connection in up to 1m4s connIndex=0 event=0 ip=2606:4700:a0::8
2026-09-04T04:33:19Z INF Tunnel connection curve preferences: [X25519MLKEM768 CurveID(65074) CurveP256] connIndex=0 event=0 ip=2606:4700:a0::8
2026-09-04T04:33:19Z ERR failed to run the datagram handler error="context canceled" connIndex=0 event=0 ip=2606:4700:a0::8
2026-09-04T04:33:19Z ERR failed to serve tunnel connection error="control stream encountered a failure while serving" connIndex=0 event=0 ip=2606:4700:a0::8
2026-09-04T04:33:19Z ERR Serve tunnel error error="control stream encountered a failure while serving" connIndex=0 event=0 ip=2606:4700:a0::8
2026-09-04T04:33:19Z INF Retrying connection in up to 1m4s connIndex=0 event=0 ip=2606:4700:a0::8
2026-09-04T04:33:35Z INF Tunnel connection curve preferences: [X25519MLKEM768 CurveID(65074) CurveP256] connIndex=0 event=0 ip=2606:4700:a0::8
2026-09-04T04:33:35Z ERR failed to run the datagram handler error="context canceled" connIndex=0 event=0 ip=2606:4700:a0::8
2026-09-04T04:33:35Z ERR failed to serve tunnel connection error="control stream encountered a failure while serving" connIndex=0 event=0 ip=2606:4700:a0::8
2026-09-04T04:33:35Z ERR Serve tunnel error error="control stream encountered a failure while serving" connIndex=0 event=0 ip=2606:4700:a0::8
2026-09-04T04:33:35Z INF Retrying connection in up to 1m4s connIndex=0 event=0 ip=2606:4700:a0::8
2026-09-04T04:33:45Z INF Tunnel connection curve preferences: [X25519MLKEM768 CurveID(65074) CurveP256] connIndex=0 event=0 ip=2606:4700:a0::8
2026-09-04T04:33:45Z ERR failed to run the datagram handler error="context canceled" connIndex=0 event=0 ip=2606:4700:a0::8
2026-09-04T04:33:45Z ERR failed to serve tunnel connection error="control stream encountered a failure while serving" connIndex=0 event=0 ip=2606:4700:a0::8
2026-09-04T04:33:45Z ERR Serve tunnel error error="control stream encountered a failure while serving" connIndex=0 event=0 ip=2606:4700:a0::8
2026-09-04T04:33:45Z INF Retrying connection in up to 1m4s connIndex=0 event=0 ip=2606:4700:a0::8
2026-09-04T04:34:00Z INF Tunnel connection curve preferences: [X25519MLKEM768 CurveID(65074) CurveP256] connIndex=0 event=0 ip=2606:4700:a0::8
2026-09-04T04:34:00Z ERR failed to run the datagram handler error="context canceled" connIndex=0 event=0 ip=2606:4700:a0::8
2026-09-04T04:34:00Z ERR failed to serve tunnel connection error="control stream encountered a failure while serving" connIndex=0 event=0 ip=2606:4700:a0::8
2026-09-04T04:34:00Z ERR Serve tunnel error error="control stream encountered a failure while serving" connIndex=0 event=0 ip=2606:4700:a0::8
2026-09-04T04:34:00Z INF Retrying connection in up to 1m4s connIndex=0 event=0 ip=2606:4700:a0::8
2026-09-04T04:34:26Z INF Tunnel connection curve preferences: [X25519MLKEM768 CurveID(65074) CurveP256] connIndex=0 event=0 ip=2606:4700:a0::8
2026-09-04T04:34:26Z ERR failed to run the datagram handler error="context canceled" connIndex=0 event=0 ip=2606:4700:a0::8
2026-09-04T04:34:26Z ERR failed to serve tunnel connection error="control stream encountered a failure while serving" connIndex=0 event=0 ip=2606:4700:a0::8
2026-09-04T04:34:26Z ERR Serve tunnel error error="control stream encountered a failure while serving" connIndex=0 event=0 ip=2606:4700:a0::8
2026-09-04T04:34:26Z INF Retrying connection in up to 1m4s connIndex=0 event=0 ip=2606:4700:a0::8
2026-09-04T04:34:31Z INF Tunnel connection curve preferences: [X25519MLKEM768 CurveID(65074) CurveP256] connIndex=0 event=0 ip=2606:4700:a0::8
2026-09-04T04:34:31Z ERR failed to run the datagram handler error="context canceled" connIndex=0 event=0 ip=2606:4700:a0::8
2026-09-04T04:34:31Z ERR failed to serve tunnel connection error="control stream encountered a failure while serving" connIndex=0 event=0 ip=2606:4700:a0::8
2026-09-04T04:34:31Z ERR Serve tunnel error error="control stream encountered a failure while serving" connIndex=0 event=0 ip=2606:4700:a0::8
2026-09-04T04:34:31Z INF Retrying connection in up to 1m4s connIndex=0 event=0 ip=2606:4700:a0::8
2026-09-04T04:34:43Z INF Tunnel connection curve preferences: [X25519MLKEM768 CurveID(65074) CurveP256] connIndex=0 event=0 ip=2606:4700:a0::8
2026-09-04T04:34:43Z ERR failed to run the datagram handler error="context canceled" connIndex=0 event=0 ip=2606:4700:a0::8
2026-09-04T04:34:43Z ERR failed to serve tunnel connection error="control stream encountered a failure while serving" connIndex=0 event=0 ip=2606:4700:a0::8
2026-09-04T04:34:43Z ERR Serve tunnel error error="control stream encountered a failure while serving" connIndex=0 event=0 ip=2606:4700:a0::8
2026-09-04T04:34:43Z INF Retrying connection in up to 1m4s connIndex=0 event=0 ip=2606:4700:a0::8
2026-09-04T04:34:58Z INF Tunnel connection curve preferences: [X25519MLKEM768 CurveID(65074) CurveP256] connIndex=0 event=0 ip=2606:4700:a0::8
2026-09-04T04:34:58Z ERR failed to run the datagram handler error="context canceled" connIndex=0 event=0 ip=2606:4700:a0::8
2026-09-04T04:34:58Z ERR failed to serve tunnel connection error="control stream encountered a failure while serving" connIndex=0 event=0 ip=2606:4700:a0::8
2026-09-04T04:34:58Z ERR Serve tunnel error error="control stream encountered a failure while serving" connIndex=0 event=0 ip=2606:4700:a0::8
2026-09-04T04:34:58Z INF Retrying connection in up to 1m4s connIndex=0 event=0 ip=2606:4700:a0::8
2026-09-04T04:35:19Z INF Tunnel connection curve preferences: [X25519MLKEM768 CurveID(65074) CurveP256] connIndex=0 event=0 ip=2606:4700:a0::8
2026-09-04T04:35:19Z ERR failed to run the datagram handler error="context canceled" connIndex=0 event=0 ip=2606:4700:a0::8
2026-09-04T04:35:19Z ERR failed to serve tunnel connection error="control stream encountered a failure while serving" connIndex=0 event=0 ip=2606:4700:a0::8
2026-09-04T04:35:19Z ERR Serve tunnel error error="control stream encountered a failure while serving" connIndex=0 event=0 ip=2606:4700:a0::8
2026-09-04T04:35:19Z INF Retrying connection in up to 1m4s connIndex=0 event=0 ip=2606:4700:a0::8
2026-09-04T04:35:27Z INF Tunnel connection curve preferences: [X25519MLKEM768 CurveID(65074) CurveP256] connIndex=0 event=0 ip=2606:4700:a0::8
2026-09-04T04:35:27Z ERR failed to run the datagram handler error="context canceled" connIndex=0 event=0 ip=2606:4700:a0::8
2026-09-04T04:35:27Z ERR failed to serve tunnel connection error="control stream encountered a failure while serving" connIndex=0 event=0 ip=2606:4700:a0::8
2026-09-04T04:35:27Z ERR Serve tunnel error error="control stream encountered a failure while serving" connIndex=0 event=0 ip=2606:4700:a0::8
2026-09-04T04:35:27Z INF Retrying connection in up to 1m4s connIndex=0 event=0 ip=2606:4700:a0::8
2026-09-04T04:35:35Z INF Tunnel connection curve preferences: [X25519MLKEM768 CurveID(65074) CurveP256] connIndex=0 event=0 ip=2606:4700:a0::8
2026-09-04T04:35:35Z ERR failed to run the datagram handler error="context canceled" connIndex=0 event=0 ip=2606:4700:a0::8
2026-09-04T04:35:35Z ERR failed to serve tunnel connection error="control stream encountered a failure while serving" connIndex=0 event=0 ip=2606:4700:a0::8
2026-09-04T04:35:35Z ERR Serve tunnel error error="control stream encountered a failure while serving" connIndex=0 event=0 ip=2606:4700:a0::8
2026-09-04T04:35:35Z INF Retrying connection in up to 1m4s connIndex=0 event=0 ip=2606:4700:a0::8
2026-09-04T04:35:49Z INF Tunnel connection curve preferences: [X25519MLKEM768 CurveID(65074) CurveP256] connIndex=0 event=0 ip=2606:4700:a0::8
2026-09-04T04:35:49Z ERR failed to run the datagram handler error="context canceled" connIndex=0 event=0 ip=2606:4700:a0::8
2026-09-04T04:35:49Z ERR failed to serve tunnel connection error="control stream encountered a failure while serving" connIndex=0 event=0 ip=2606:4700:a0::8
2026-09-04T04:35:49Z ERR Serve tunnel error error="control stream encountered a failure while serving" connIndex=0 event=0 ip=2606:4700:a0::8
2026-09-04T04:35:49Z INF Retrying connection in up to 1m4s connIndex=0 event=0 ip=2606:4700:a0::8
2026-09-04T04:36:14Z INF Tunnel connection curve preferences: [X25519MLKEM768 CurveID(65074) CurveP256] connIndex=0 event=0 ip=2606:4700:a0::8
2026-09-04T04:36:15Z ERR failed to run the datagram handler error="context canceled" connIndex=0 event=0 ip=2606:4700:a0::8
2026-09-04T04:36:15Z ERR failed to serve tunnel connection error="control stream encountered a failure while serving" connIndex=0 event=0 ip=2606:4700:a0::8
2026-09-04T04:36:15Z ERR Serve tunnel error error="control stream encountered a failure while serving" connIndex=0 event=0 ip=2606:4700:a0::8
2026-09-04T04:36:15Z INF Retrying connection in up to 1m4s connIndex=0 event=0 ip=2606:4700:a0::8
2026-09-04T04:36:15Z INF Tunnel connection curve preferences: [X25519MLKEM768 CurveID(65074) CurveP256] connIndex=0 event=0 ip=2606:4700:a0::8
2026-09-04T04:36:16Z ERR failed to run the datagram handler error="context canceled" connIndex=0 event=0 ip=2606:4700:a0::8
2026-09-04T04:36:16Z ERR failed to serve tunnel connection error="control stream encountered a failure while serving" connIndex=0 event=0 ip=2606:4700:a0::8
2026-09-04T04:36:16Z ERR Serve tunnel error error="control stream encountered a failure while serving" connIndex=0 event=0 ip=2606:4700:a0::8
2026-09-04T04:36:16Z INF Retrying connection in up to 1m4s connIndex=0 event=0 ip=2606:4700:a0::8
2026-09-04T04:36:18Z INF Tunnel connection curve preferences: [X25519MLKEM768 CurveID(65074) CurveP256] connIndex=0 event=0 ip=2606:4700:a0::8
2026-09-04T04:36:18Z ERR failed to run the datagram handler error="context canceled" connIndex=0 event=0 ip=2606:4700:a0::8
2026-09-04T04:36:18Z ERR failed to serve tunnel connection error="control stream encountered a failure while serving" connIndex=0 event=0 ip=2606:4700:a0::8
2026-09-04T04:36:18Z ERR Serve tunnel error error="control stream encountered a failure while serving" connIndex=0 event=0 ip=2606:4700:a0::8
2026-09-04T04:36:18Z INF Retrying connection in up to 1m4s connIndex=0 event=0 ip=2606:4700:a0::8
2026-09-04T04:36:24Z INF Tunnel connection curve preferences: [X25519MLKEM768 CurveID(65074) CurveP256] connIndex=0 event=0 ip=2606:4700:a0::8
2026-09-04T04:36:24Z ERR failed to run the datagram handler error="context canceled" connIndex=0 event=0 ip=2606:4700:a0::8
2026-09-04T04:36:24Z ERR failed to serve tunnel connection error="control stream encountered a failure while serving" connIndex=0 event=0 ip=2606:4700:a0::8
2026-09-04T04:36:24Z ERR Serve tunnel error error="control stream encountered a failure while serving" connIndex=0 event=0 ip=2606:4700:a0::8
2026-09-04T04:36:24Z INF Retrying connection in up to 1m4s connIndex=0 event=0 ip=2606:4700:a0::8
2026-09-04T04:36:39Z INF Tunnel connection curve preferences: [X25519MLKEM768 CurveID(65074) CurveP256] connIndex=0 event=0 ip=2606:4700:a0::8
2026-09-04T04:36:39Z ERR failed to run the datagram handler error="context canceled" connIndex=0 event=0 ip=2606:4700:a0::8
2026-09-04T04:36:39Z ERR failed to serve tunnel connection error="control stream encountered a failure while serving" connIndex=0 event=0 ip=2606:4700:a0::8
2026-09-04T04:36:39Z ERR Serve tunnel error error="control stream encountered a failure while serving" connIndex=0 event=0 ip=2606:4700:a0::8
2026-09-04T04:36:39Z INF Retrying connection in up to 1m4s connIndex=0 event=0 ip=2606:4700:a0::8
2026-09-04T04:37:03Z INF Tunnel connection curve preferences: [X25519MLKEM768 CurveID(65074) CurveP256] connIndex=0 event=0 ip=2606:4700:a0::8
2026-09-04T04:37:03Z ERR failed to run the datagram handler error="context canceled" connIndex=0 event=0 ip=2606:4700:a0::8
2026-09-04T04:37:03Z ERR failed to serve tunnel connection error="control stream encountered a failure while serving" connIndex=0 event=0 ip=2606:4700:a0::8
2026-09-04T04:37:03Z ERR Serve tunnel error error="control stream encountered a failure while serving" connIndex=0 event=0 ip=2606:4700:a0::8
2026-09-04T04:37:03Z INF Retrying connection in up to 1m4s connIndex=0 event=0 ip=2606:4700:a0::8
2026-09-04T04:37:21Z INF Tunnel connection curve preferences: [X25519MLKEM768 CurveID(65074) CurveP256] connIndex=0 event=0 ip=2606:4700:a0::8
2026-09-04T04:37:21Z ERR failed to run the datagram handler error="context canceled" connIndex=0 event=0 ip=2606:4700:a0::8
2026-09-04T04:37:21Z ERR failed to serve tunnel connection error="control stream encountered a failure while serving" connIndex=0 event=0 ip=2606:4700:a0::8
2026-09-04T04:37:21Z ERR Serve tunnel error error="control stream encountered a failure while serving" connIndex=0 event=0 ip=2606:4700:a0::8
2026-09-04T04:37:21Z INF Retrying connection in up to 1m4s connIndex=0 event=0 ip=2606:4700:a0::8
2026-09-04T04:37:37Z INF Tunnel connection curve preferences: [X25519MLKEM768 CurveID(65074) CurveP256] connIndex=0 event=0 ip=2606:4700:a0::8
2026-09-04T04:37:37Z ERR failed to run the datagram handler error="context canceled" connIndex=0 event=0 ip=2606:4700:a0::8
2026-09-04T04:37:37Z ERR failed to serve tunnel connection error="control stream encountered a failure while serving" connIndex=0 event=0 ip=2606:4700:a0::8
2026-09-04T04:37:37Z ERR Serve tunnel error error="control stream encountered a failure while serving" connIndex=0 event=0 ip=2606:4700:a0::8
2026-09-04T04:37:37Z INF Retrying connection in up to 1m4s connIndex=0 event=0 ip=2606:4700:a0::8
2026-09-04T04:37:40Z INF Tunnel connection curve preferences: [X25519MLKEM768 CurveID(65074) CurveP256] connIndex=0 event=0 ip=2606:4700:a0::8
2026-09-04T04:37:40Z ERR failed to run the datagram handler error="context canceled" connIndex=0 event=0 ip=2606:4700:a0::8
2026-09-04T04:37:40Z ERR failed to serve tunnel connection error="control stream encountered a failure while serving" connIndex=0 event=0 ip=2606:4700:a0::8
2026-09-04T04:37:40Z ERR Serve tunnel error error="control stream encountered a failure while serving" connIndex=0 event=0 ip=2606:4700:a0::8
2026-09-04T04:37:40Z INF Retrying connection in up to 1m4s connIndex=0 event=0 ip=2606:4700:a0::8
2026-09-04T04:37:47Z INF Tunnel connection curve preferences: [X25519MLKEM768 CurveID(65074) CurveP256] connIndex=0 event=0 ip=2606:4700:a0::8
2026-09-04T04:37:47Z ERR failed to run the datagram handler error="context canceled" connIndex=0 event=0 ip=2606:4700:a0::8
2026-09-04T04:37:47Z ERR failed to serve tunnel connection error="control stream encountered a failure while serving" connIndex=0 event=0 ip=2606:4700:a0::8
2026-09-04T04:37:47Z ERR Serve tunnel error error="control stream encountered a failure while serving" connIndex=0 event=0 ip=2606:4700:a0::8
2026-09-04T04:37:47Z INF Retrying connection in up to 1m4s connIndex=0 event=0 ip=2606:4700:a0::8
2026-09-04T04:37:57Z INF Tunnel connection curve preferences: [X25519MLKEM768 CurveID(65074) CurveP256] connIndex=0 event=0 ip=2606:4700:a0::8
2026-09-04T04:37:58Z ERR failed to run the datagram handler error="context canceled" connIndex=0 event=0 ip=2606:4700:a0::8
2026-09-04T04:37:58Z ERR failed to serve tunnel connection error="control stream encountered a failure while serving" connIndex=0 event=0 ip=2606:4700:a0::8
2026-09-04T04:37:58Z ERR Serve tunnel error error="control stream encountered a failure while serving" connIndex=0 event=0 ip=2606:4700:a0::8
2026-09-04T04:37:58Z INF Retrying connection in up to 1m4s connIndex=0 event=0 ip=2606:4700:a0::8
2026-09-04T04:38:06Z INF Tunnel connection curve preferences: [X25519MLKEM768 CurveID(65074) CurveP256] connIndex=0 event=0 ip=2606:4700:a0::8
2026-09-04T04:38:06Z ERR failed to run the datagram handler error="context canceled" connIndex=0 event=0 ip=2606:4700:a0::8
2026-09-04T04:38:06Z ERR failed to serve tunnel connection error="control stream encountered a failure while serving" connIndex=0 event=0 ip=2606:4700:a0::8
2026-09-04T04:38:06Z ERR Serve tunnel error error="control stream encountered a failure while serving" connIndex=0 event=0 ip=2606:4700:a0::8
2026-09-04T04:38:06Z INF Retrying connection in up to 1m4s connIndex=0 event=0 ip=2606:4700:a0::8
2026-09-04T04:38:10Z INF Tunnel connection curve preferences: [X25519MLKEM768 CurveID(65074) CurveP256] connIndex=0 event=0 ip=2606:4700:a0::8
2026-09-04T04:38:10Z ERR failed to run the datagram handler error="context canceled" connIndex=0 event=0 ip=2606:4700:a0::8
2026-09-04T04:38:10Z ERR failed to serve tunnel connection error="control stream encountered a failure while serving" connIndex=0 event=0 ip=2606:4700:a0::8
2026-09-04T04:38:10Z ERR Serve tunnel error error="control stream encountered a failure while serving" connIndex=0 event=0 ip=2606:4700:a0::8
2026-09-04T04:38:10Z INF Retrying connection in up to 1m4s connIndex=0 event=0 ip=2606:4700:a0::8
2026-09-04T04:38:14Z INF Tunnel connection curve preferences: [X25519MLKEM768 CurveID(65074) CurveP256] connIndex=0 event=0 ip=2606:4700:a0::8
2026-09-04T04:38:14Z ERR failed to run the datagram handler error="context canceled" connIndex=0 event=0 ip=2606:4700:a0::8
2026-09-04T04:38:14Z ERR failed to serve tunnel connection error="control stream encountered a failure while serving" connIndex=0 event=0 ip=2606:4700:a0::8
2026-09-04T04:38:14Z ERR Serve tunnel error error="control stream encountered a failure while serving" connIndex=0 event=0 ip=2606:4700:a0::8
2026-09-04T04:38:14Z INF Retrying connection in up to 1m4s connIndex=0 event=0 ip=2606:4700:a0::8
2026-09-04T04:38:22Z INF Tunnel connection curve preferences: [X25519MLKEM768 CurveID(65074) CurveP256] connIndex=0 event=0 ip=2606:4700:a0::8
2026-09-04T04:38:22Z ERR failed to run the datagram handler error="context canceled" connIndex=0 event=0 ip=2606:4700:a0::8
2026-09-04T04:38:22Z ERR failed to serve tunnel connection error="control stream encountered a failure while serving" connIndex=0 event=0 ip=2606:4700:a0::8
2026-09-04T04:38:22Z ERR Serve tunnel error error="control stream encountered a failure while serving" connIndex=0 event=0 ip=2606:4700:a0::8
2026-09-04T04:38:22Z INF Retrying connection in up to 1m4s connIndex=0 event=0 ip=2606:4700:a0::8
2026-09-04T04:38:33Z INF Tunnel connection curve preferences: [X25519MLKEM768 CurveID(65074) CurveP256] connIndex=0 event=0 ip=2606:4700:a0::8
2026-09-04T04:38:33Z ERR failed to run the datagram handler error="context canceled" connIndex=0 event=0 ip=2606:4700:a0::8
2026-09-04T04:38:33Z ERR failed to serve tunnel connection error="control stream encountered a failure while serving" connIndex=0 event=0 ip=2606:4700:a0::8
2026-09-04T04:38:33Z ERR Serve tunnel error error="control stream encountered a failure while serving" connIndex=0 event=0 ip=2606:4700:a0::8
2026-09-04T04:38:33Z INF Retrying connection in up to 1m4s connIndex=0 event=0 ip=2606:4700:a0::8
2026-09-04T04:38:37Z INF Tunnel connection curve preferences: [X25519MLKEM768 CurveID(65074) CurveP256] connIndex=0 event=0 ip=2606:4700:a0::8
2026-09-04T04:38:37Z ERR failed to run the datagram handler error="context canceled" connIndex=0 event=0 ip=2606:4700:a0::8
2026-09-04T04:38:37Z ERR failed to serve tunnel connection error="control stream encountered a failure while serving" connIndex=0 event=0 ip=2606:4700:a0::8
2026-09-04T04:38:37Z ERR Serve tunnel error error="control stream encountered a failure while serving" connIndex=0 event=0 ip=2606:4700:a0::8
2026-09-04T04:38:37Z INF Retrying connection in up to 1m4s connIndex=0 event=0 ip=2606:4700:a0::8
2026-09-04T04:38:55Z INF Tunnel connection curve preferences: [X25519MLKEM768 CurveID(65074) CurveP256] connIndex=0 event=0 ip=2606:4700:a0::8
2026-09-04T04:38:55Z ERR failed to run the datagram handler error="context canceled" connIndex=0 event=0 ip=2606:4700:a0::8
2026-09-04T04:38:55Z ERR failed to serve tunnel connection error="control stream encountered a failure while serving" connIndex=0 event=0 ip=2606:4700:a0::8
2026-09-04T04:38:55Z ERR Serve tunnel error error="control stream encountered a failure while serving" connIndex=0 event=0 ip=2606:4700:a0::8
2026-09-04T04:38:55Z INF Retrying connection in up to 1m4s connIndex=0 event=0 ip=2606:4700:a0::8
2026-09-04T04:39:04Z INF Tunnel connection curve preferences: [X25519MLKEM768 CurveID(65074) CurveP256] connIndex=0 event=0 ip=2606:4700:a0::8
2026-09-04T04:39:04Z ERR failed to run the datagram handler error="context canceled" connIndex=0 event=0 ip=2606:4700:a0::8
2026-09-04T04:39:04Z ERR failed to serve tunnel connection error="control stream encountered a failure while serving" connIndex=0 event=0 ip=2606:4700:a0::8
2026-09-04T04:39:04Z ERR Serve tunnel error error="control stream encountered a failure while serving" connIndex=0 event=0 ip=2606:4700:a0::8
2026-09-04T04:39:04Z INF Retrying connection in up to 1m4s connIndex=0 event=0 ip=2606:4700:a0::8
2026-09-04T04:39:30Z INF Tunnel connection curve preferences: [X25519MLKEM768 CurveID(65074) CurveP256] connIndex=0 event=0 ip=2606:4700:a0::8
2026-09-04T04:39:30Z ERR failed to run the datagram handler error="context canceled" connIndex=0 event=0 ip=2606:4700:a0::8
2026-09-04T04:39:30Z ERR failed to serve tunnel connection error="control stream encountered a failure while serving" connIndex=0 event=0 ip=2606:4700:a0::8
2026-09-04T04:39:30Z ERR Serve tunnel error error="control stream encountered a failure while serving" connIndex=0 event=0 ip=2606:4700:a0::8
2026-09-04T04:39:30Z INF Retrying connection in up to 1m4s connIndex=0 event=0 ip=2606:4700:a0::8
2026-09-04T04:39:51Z INF Tunnel connection curve preferences: [X25519MLKEM768 CurveID(65074) CurveP256] connIndex=0 event=0 ip=2606:4700:a0::8
2026-09-04T04:39:51Z ERR failed to run the datagram handler error="context canceled" connIndex=0 event=0 ip=2606:4700:a0::8
2026-09-04T04:39:51Z ERR failed to serve tunnel connection error="control stream encountered a failure while serving" connIndex=0 event=0 ip=2606:4700:a0::8
2026-09-04T04:39:51Z ERR Serve tunnel error error="control stream encountered a failure while serving" connIndex=0 event=0 ip=2606:4700:a0::8
2026-09-04T04:39:51Z INF Retrying connection in up to 1m4s connIndex=0 event=0 ip=2606:4700:a0::8
2026-09-04T04:40:00Z INF Tunnel connection curve preferences: [X25519MLKEM768 CurveID(65074) CurveP256] connIndex=0 event=0 ip=2606:4700:a0::8
2026-09-04T04:40:00Z ERR failed to run the datagram handler error="context canceled" connIndex=0 event=0 ip=2606:4700:a0::8
2026-09-04T04:40:00Z ERR failed to serve tunnel connection error="control stream encountered a failure while serving" connIndex=0 event=0 ip=2606:4700:a0::8
2026-09-04T04:40:00Z ERR Serve tunnel error error="control stream encountered a failure while serving" connIndex=0 event=0 ip=2606:4700:a0::8
2026-09-04T04:40:00Z INF Retrying connection in up to 1m4s connIndex=0 event=0 ip=2606:4700:a0::8
2026-09-04T04:40:09Z INF Tunnel connection curve preferences: [X25519MLKEM768 CurveID(65074) CurveP256] connIndex=0 event=0 ip=2606:4700:a0::8
2026-09-04T04:40:09Z ERR failed to run the datagram handler error="context canceled" connIndex=0 event=0 ip=2606:4700:a0::8
2026-09-04T04:40:09Z ERR failed to serve tunnel connection error="control stream encountered a failure while serving" connIndex=0 event=0 ip=2606:4700:a0::8
2026-09-04T04:40:09Z ERR Serve tunnel error error="control stream encountered a failure while serving" connIndex=0 event=0 ip=2606:4700:a0::8
2026-09-04T04:40:09Z INF Retrying connection in up to 1m4s connIndex=0 event=0 ip=2606:4700:a0::8
2026-09-04T04:40:38Z INF Tunnel connection curve preferences: [X25519MLKEM768 CurveID(65074) CurveP256] connIndex=0 event=0 ip=2606:4700:a0::8
2026-09-04T04:40:38Z ERR failed to run the datagram handler error="context canceled" connIndex=0 event=0 ip=2606:4700:a0::8
2026-09-04T04:40:38Z ERR failed to serve tunnel connection error="control stream encountered a failure while serving" connIndex=0 event=0 ip=2606:4700:a0::8
2026-09-04T04:40:38Z ERR Serve tunnel error error="control stream encountered a failure while serving" connIndex=0 event=0 ip=2606:4700:a0::8
2026-09-04T04:40:38Z INF Retrying connection in up to 1m4s connIndex=0 event=0 ip=2606:4700:a0::8
2026-09-04T04:40:57Z INF Tunnel connection curve preferences: [X25519MLKEM768 CurveID(65074) CurveP256] connIndex=0 event=0 ip=2606:4700:a0::8
2026-09-04T04:40:57Z ERR failed to run the datagram handler error="context canceled" connIndex=0 event=0 ip=2606:4700:a0::8
2026-09-04T04:40:57Z ERR failed to serve tunnel connection error="control stream encountered a failure while serving" connIndex=0 event=0 ip=2606:4700:a0::8
2026-09-04T04:40:57Z ERR Serve tunnel error error="control stream encountered a failure while serving" connIndex=0 event=0 ip=2606:4700:a0::8
2026-09-04T04:40:57Z INF Retrying connection in up to 1m4s connIndex=0 event=0 ip=2606:4700:a0::8
2026-09-04T04:40:58Z INF Tunnel connection curve preferences: [X25519MLKEM768 CurveID(65074) CurveP256] connIndex=0 event=0 ip=2606:4700:a0::8
2026-09-04T04:40:59Z ERR failed to run the datagram handler error="context canceled" connIndex=0 event=0 ip=2606:4700:a0::8
2026-09-04T04:40:59Z ERR failed to serve tunnel connection error="control stream encountered a failure while serving" connIndex=0 event=0 ip=2606:4700:a0::8
2026-09-04T04:40:59Z ERR Serve tunnel error error="control stream encountered a failure while serving" connIndex=0 event=0 ip=2606:4700:a0::8
2026-09-04T04:40:59Z INF Retrying connection in up to 1m4s connIndex=0 event=0 ip=2606:4700:a0::8
2026-09-04T04:40:59Z INF Tunnel connection curve preferences: [X25519MLKEM768 CurveID(65074) CurveP256] connIndex=0 event=0 ip=2606:4700:a0::8
2026-09-04T04:40:59Z ERR failed to run the datagram handler error="context canceled" connIndex=0 event=0 ip=2606:4700:a0::8
2026-09-04T04:40:59Z ERR failed to serve tunnel connection error="control stream encountered a failure while serving" connIndex=0 event=0 ip=2606:4700:a0::8
2026-09-04T04:40:59Z ERR Serve tunnel error error="control stream encountered a failure while serving" connIndex=0 event=0 ip=2606:4700:a0::8
2026-09-04T04:40:59Z INF Retrying connection in up to 1m4s connIndex=0 event=0 ip=2606:4700:a0::8
2026-09-04T04:41:25Z INF Tunnel connection curve preferences: [X25519MLKEM768 CurveID(65074) CurveP256] connIndex=0 event=0 ip=2606:4700:a0::8
2026-09-04T04:41:25Z ERR failed to run the datagram handler error="context canceled" connIndex=0 event=0 ip=2606:4700:a0::8
2026-09-04T04:41:25Z ERR failed to serve tunnel connection error="control stream encountered a failure while serving" connIndex=0 event=0 ip=2606:4700:a0::8
2026-09-04T04:41:25Z ERR Serve tunnel error error="control stream encountered a failure while serving" connIndex=0 event=0 ip=2606:4700:a0::8
2026-09-04T04:41:25Z INF Retrying connection in up to 1m4s connIndex=0 event=0 ip=2606:4700:a0::8
2026-09-04T04:41:34Z INF Tunnel connection curve preferences: [X25519MLKEM768 CurveID(65074) CurveP256] connIndex=0 event=0 ip=2606:4700:a0::8
2026-09-04T04:41:34Z ERR failed to run the datagram handler error="context canceled" connIndex=0 event=0 ip=2606:4700:a0::8
2026-09-04T04:41:34Z ERR failed to serve tunnel connection error="control stream encountered a failure while serving" connIndex=0 event=0 ip=2606:4700:a0::8
2026-09-04T04:41:34Z ERR Serve tunnel error error="control stream encountered a failure while serving" connIndex=0 event=0 ip=2606:4700:a0::8
2026-09-04T04:41:34Z INF Retrying connection in up to 1m4s connIndex=0 event=0 ip=2606:4700:a0::8
2026-09-04T04:42:06Z INF Tunnel connection curve preferences: [X25519MLKEM768 CurveID(65074) CurveP256] connIndex=0 event=0 ip=2606:4700:a0::8
2026-09-04T04:42:06Z ERR failed to run the datagram handler error="context canceled" connIndex=0 event=0 ip=2606:4700:a0::8
2026-09-04T04:42:06Z ERR failed to serve tunnel connection error="control stream encountered a failure while serving" connIndex=0 event=0 ip=2606:4700:a0::8
2026-09-04T04:42:06Z ERR Serve tunnel error error="control stream encountered a failure while serving" connIndex=0 event=0 ip=2606:4700:a0::8
2026-09-04T04:42:06Z INF Retrying connection in up to 1m4s connIndex=0 event=0 ip=2606:4700:a0::8
2026-09-04T04:42:36Z INF Tunnel connection curve preferences: [X25519MLKEM768 CurveID(65074) CurveP256] connIndex=0 event=0 ip=2606:4700:a0::8
2026-09-04T04:42:36Z ERR failed to run the datagram handler error="context canceled" connIndex=0 event=0 ip=2606:4700:a0::8
2026-09-04T04:42:36Z ERR failed to serve tunnel connection error="control stream encountered a failure while serving" connIndex=0 event=0 ip=2606:4700:a0::8
2026-09-04T04:42:36Z ERR Serve tunnel error error="control stream encountered a failure while serving" connIndex=0 event=0 ip=2606:4700:a0::8
2026-09-04T04:42:36Z INF Retrying connection in up to 1m4s connIndex=0 event=0 ip=2606:4700:a0::8
2026-09-04T04:42:57Z INF Tunnel connection curve preferences: [X25519MLKEM768 CurveID(65074) CurveP256] connIndex=0 event=0 ip=2606:4700:a0::8
2026-09-04T04:42:57Z ERR failed to run the datagram handler error="context canceled" connIndex=0 event=0 ip=2606:4700:a0::8
2026-09-04T04:42:57Z ERR failed to serve tunnel connection error="control stream encountered a failure while serving" connIndex=0 event=0 ip=2606:4700:a0::8
2026-09-04T04:42:57Z ERR Serve tunnel error error="control stream encountered a failure while serving" connIndex=0 event=0 ip=2606:4700:a0::8
2026-09-04T04:42:57Z INF Retrying connection in up to 1m4s connIndex=0 event=0 ip=2606:4700:a0::8
2026-09-04T04:43:11Z INF Tunnel connection curve preferences: [X25519MLKEM768 CurveID(65074) CurveP256] connIndex=0 event=0 ip=2606:4700:a0::8
2026-09-04T04:43:11Z ERR failed to run the datagram handler error="context canceled" connIndex=0 event=0 ip=2606:4700:a0::8
2026-09-04T04:43:11Z ERR failed to serve tunnel connection error="control stream encountered a failure while serving" connIndex=0 event=0 ip=2606:4700:a0::8
2026-09-04T04:43:11Z ERR Serve tunnel error error="control stream encountered a failure while serving" connIndex=0 event=0 ip=2606:4700:a0::8
2026-09-04T04:43:11Z INF Retrying connection in up to 1m4s connIndex=0 event=0 ip=2606:4700:a0::8
2026-09-04T04:43:42Z INF Tunnel connection curve preferences: [X25519MLKEM768 CurveID(65074) CurveP256] connIndex=0 event=0 ip=2606:4700:a0::8
2026-09-04T04:43:42Z ERR failed to run the datagram handler error="context canceled" connIndex=0 event=0 ip=2606:4700:a0::8
2026-09-04T04:43:42Z ERR failed to serve tunnel connection error="control stream encountered a failure while serving" connIndex=0 event=0 ip=2606:4700:a0::8
2026-09-04T04:43:42Z ERR Serve tunnel error error="control stream encountered a failure while serving" connIndex=0 event=0 ip=2606:4700:a0::8
2026-09-04T04:43:42Z INF Retrying connection in up to 1m4s connIndex=0 event=0 ip=2606:4700:a0::8
2026-09-04T04:44:02Z INF Tunnel connection curve preferences: [X25519MLKEM768 CurveID(65074) CurveP256] connIndex=0 event=0 ip=2606:4700:a0::8
2026-09-04T04:44:02Z ERR failed to run the datagram handler error="context canceled" connIndex=0 event=0 ip=2606:4700:a0::8
2026-09-04T04:44:02Z ERR failed to serve tunnel connection error="control stream encountered a failure while serving" connIndex=0 event=0 ip=2606:4700:a0::8
2026-09-04T04:44:02Z ERR Serve tunnel error error="control stream encountered a failure while serving" connIndex=0 event=0 ip=2606:4700:a0::8
2026-09-04T04:44:02Z INF Retrying connection in up to 1m4s connIndex=0 event=0 ip=2606:4700:a0::8
2026-09-04T04:44:07Z INF Tunnel connection curve preferences: [X25519MLKEM768 CurveID(65074) CurveP256] connIndex=0 event=0 ip=2606:4700:a0::8
2026-09-04T04:44:07Z ERR failed to run the datagram handler error="context canceled" connIndex=0 event=0 ip=2606:4700:a0::8
2026-09-04T04:44:07Z ERR failed to serve tunnel connection error="control stream encountered a failure while serving" connIndex=0 event=0 ip=2606:4700:a0::8
2026-09-04T04:44:07Z ERR Serve tunnel error error="control stream encountered a failure while serving" connIndex=0 event=0 ip=2606:4700:a0::8
2026-09-04T04:44:07Z INF Retrying connection in up to 1m4s connIndex=0 event=0 ip=2606:4700:a0::8
2026-09-04T04:44:34Z INF Tunnel connection curve preferences: [X25519MLKEM768 CurveID(65074) CurveP256] connIndex=0 event=0 ip=2606:4700:a0::8
2026-09-04T04:44:34Z ERR failed to run the datagram handler error="context canceled" connIndex=0 event=0 ip=2606:4700:a0::8
2026-09-04T04:44:34Z ERR failed to serve tunnel connection error="control stream encountered a failure while serving" connIndex=0 event=0 ip=2606:4700:a0::8
2026-09-04T04:44:34Z ERR Serve tunnel error error="control stream encountered a failure while serving" connIndex=0 event=0 ip=2606:4700:a0::8
2026-09-04T04:44:34Z INF Retrying connection in up to 1m4s connIndex=0 event=0 ip=2606:4700:a0::8
2026-09-04T04:44:34Z INF Tunnel connection curve preferences: [X25519MLKEM768 CurveID(65074) CurveP256] connIndex=0 event=0 ip=2606:4700:a0::8
2026-09-04T04:44:34Z ERR failed to run the datagram handler error="context canceled" connIndex=0 event=0 ip=2606:4700:a0::8
2026-09-04T04:44:34Z ERR failed to serve tunnel connection error="control stream encountered a failure while serving" connIndex=0 event=0 ip=2606:4700:a0::8
2026-09-04T04:44:34Z ERR Serve tunnel error error="control stream encountered a failure while serving" connIndex=0 event=0 ip=2606:4700:a0::8
2026-09-04T04:44:34Z INF Retrying connection in up to 1m4s connIndex=0 event=0 ip=2606:4700:a0::8
2026-09-04T04:44:48Z INF Tunnel connection curve preferences: [X25519MLKEM768 CurveID(65074) CurveP256] connIndex=0 event=0 ip=2606:4700:a0::8
2026-09-04T04:44:48Z ERR failed to run the datagram handler error="context canceled" connIndex=0 event=0 ip=2606:4700:a0::8
2026-09-04T04:44:48Z ERR failed to serve tunnel connection error="control stream encountered a failure while serving" connIndex=0 event=0 ip=2606:4700:a0::8
2026-09-04T04:44:48Z ERR Serve tunnel error error="control stream encountered a failure while serving" connIndex=0 event=0 ip=2606:4700:a0::8
2026-09-04T04:44:48Z INF Retrying connection in up to 1m4s connIndex=0 event=0 ip=2606:4700:a0::8
2026-09-04T04:44:58Z INF Tunnel connection curve preferences: [X25519MLKEM768 CurveID(65074) CurveP256] connIndex=0 event=0 ip=2606:4700:a0::8
2026-09-04T04:44:58Z ERR failed to run the datagram handler error="context canceled" connIndex=0 event=0 ip=2606:4700:a0::8
2026-09-04T04:44:58Z ERR failed to serve tunnel connection error="control stream encountered a failure while serving" connIndex=0 event=0 ip=2606:4700:a0::8
2026-09-04T04:44:58Z ERR Serve tunnel error error="control stream encountered a failure while serving" connIndex=0 event=0 ip=2606:4700:a0::8
2026-09-04T04:44:58Z INF Retrying connection in up to 1m4s connIndex=0 event=0 ip=2606:4700:a0::8
2026-09-04T04:45:19Z INF Tunnel connection curve preferences: [X25519MLKEM768 CurveID(65074) CurveP256] connIndex=0 event=0 ip=2606:4700:a0::8
2026-09-04T04:45:19Z ERR failed to run the datagram handler error="context canceled" connIndex=0 event=0 ip=2606:4700:a0::8
2026-09-04T04:45:19Z ERR failed to serve tunnel connection error="control stream encountered a failure while serving" connIndex=0 event=0 ip=2606:4700:a0::8
2026-09-04T04:45:19Z ERR Serve tunnel error error="control stream encountered a failure while serving" connIndex=0 event=0 ip=2606:4700:a0::8
2026-09-04T04:45:19Z INF Retrying connection in up to 1m4s connIndex=0 event=0 ip=2606:4700:a0::8
2026-09-04T04:45:33Z INF Tunnel connection curve preferences: [X25519MLKEM768 CurveID(65074) CurveP256] connIndex=0 event=0 ip=2606:4700:a0::8
2026-09-04T04:45:33Z ERR failed to run the datagram handler error="context canceled" connIndex=0 event=0 ip=2606:4700:a0::8
2026-09-04T04:45:33Z ERR failed to serve tunnel connection error="control stream encountered a failure while serving" connIndex=0 event=0 ip=2606:4700:a0::8
2026-09-04T04:45:33Z ERR Serve tunnel error error="control stream encountered a failure while serving" connIndex=0 event=0 ip=2606:4700:a0::8
2026-09-04T04:45:33Z INF Retrying connection in up to 1m4s connIndex=0 event=0 ip=2606:4700:a0::8
2026-09-04T04:45:51Z INF Tunnel connection curve preferences: [X25519MLKEM768 CurveID(65074) CurveP256] connIndex=0 event=0 ip=2606:4700:a0::8
2026-09-04T04:45:51Z ERR failed to run the datagram handler error="context canceled" connIndex=0 event=0 ip=2606:4700:a0::8
2026-09-04T04:45:51Z ERR failed to serve tunnel connection error="control stream encountered a failure while serving" connIndex=0 event=0 ip=2606:4700:a0::8
2026-09-04T04:45:51Z ERR Serve tunnel error error="control stream encountered a failure while serving" connIndex=0 event=0 ip=2606:4700:a0::8
2026-09-04T04:45:51Z INF Retrying connection in up to 1m4s connIndex=0 event=0 ip=2606:4700:a0::8
2026-09-04T04:46:03Z INF Tunnel connection curve preferences: [X25519MLKEM768 CurveID(65074) CurveP256] connIndex=0 event=0 ip=2606:4700:a0::8
2026-09-04T04:46:04Z ERR failed to run the datagram handler error="context canceled" connIndex=0 event=0 ip=2606:4700:a0::8
2026-09-04T04:46:04Z ERR failed to serve tunnel connection error="control stream encountered a failure while serving" connIndex=0 event=0 ip=2606:4700:a0::8
2026-09-04T04:46:04Z ERR Serve tunnel error error="control stream encountered a failure while serving" connIndex=0 event=0 ip=2606:4700:a0::8
2026-09-04T04:46:04Z INF Retrying connection in up to 1m4s connIndex=0 event=0 ip=2606:4700:a0::8
2026-09-04T04:46:28Z INF Tunnel connection curve preferences: [X25519MLKEM768 CurveID(65074) CurveP256] connIndex=0 event=0 ip=2606:4700:a0::8
2026-09-04T04:46:28Z ERR failed to run the datagram handler error="context canceled" connIndex=0 event=0 ip=2606:4700:a0::8
2026-09-04T04:46:28Z ERR failed to serve tunnel connection error="control stream encountered a failure while serving" connIndex=0 event=0 ip=2606:4700:a0::8
2026-09-04T04:46:28Z ERR Serve tunnel error error="control stream encountered a failure while serving" connIndex=0 event=0 ip=2606:4700:a0::8
2026-09-04T04:46:28Z INF Retrying connection in up to 1m4s connIndex=0 event=0 ip=2606:4700:a0::8
2026-09-04T04:46:39Z INF Tunnel connection curve preferences: [X25519MLKEM768 CurveID(65074) CurveP256] connIndex=0 event=0 ip=2606:4700:a0::8
2026-09-04T04:46:39Z ERR failed to run the datagram handler error="context canceled" connIndex=0 event=0 ip=2606:4700:a0::8
2026-09-04T04:46:39Z ERR failed to serve tunnel connection error="control stream encountered a failure while serving" connIndex=0 event=0 ip=2606:4700:a0::8
2026-09-04T04:46:39Z ERR Serve tunnel error error="control stream encountered a failure while serving" connIndex=0 event=0 ip=2606:4700:a0::8
2026-09-04T04:46:39Z INF Retrying connection in up to 1m4s connIndex=0 event=0 ip=2606:4700:a0::8
2026-09-04T04:46:44Z INF Tunnel connection curve preferences: [X25519MLKEM768 CurveID(65074) CurveP256] connIndex=0 event=0 ip=2606:4700:a0::8
2026-09-04T04:46:44Z ERR failed to run the datagram handler error="context canceled" connIndex=0 event=0 ip=2606:4700:a0::8
2026-09-04T04:46:44Z ERR failed to serve tunnel connection error="control stream encountered a failure while serving" connIndex=0 event=0 ip=2606:4700:a0::8
2026-09-04T04:46:44Z ERR Serve tunnel error error="control stream encountered a failure while serving" connIndex=0 event=0 ip=2606:4700:a0::8
2026-09-04T04:46:44Z INF Retrying connection in up to 1m4s connIndex=0 event=0 ip=2606:4700:a0::8
2026-09-04T04:46:58Z INF Tunnel connection curve preferences: [X25519MLKEM768 CurveID(65074) CurveP256] connIndex=0 event=0 ip=2606:4700:a0::8
2026-09-04T04:46:58Z ERR failed to run the datagram handler error="context canceled" connIndex=0 event=0 ip=2606:4700:a0::8
2026-09-04T04:46:58Z ERR failed to serve tunnel connection error="control stream encountered a failure while serving" connIndex=0 event=0 ip=2606:4700:a0::8
2026-09-04T04:46:58Z ERR Serve tunnel error error="control stream encountered a failure while serving" connIndex=0 event=0 ip=2606:4700:a0::8
2026-09-04T04:46:58Z INF Retrying connection in up to 1m4s connIndex=0 event=0 ip=2606:4700:a0::8
2026-09-04T04:47:01Z INF Tunnel connection curve preferences: [X25519MLKEM768 CurveID(65074) CurveP256] connIndex=0 event=0 ip=2606:4700:a0::8
2026-09-04T04:47:01Z ERR failed to run the datagram handler error="context canceled" connIndex=0 event=0 ip=2606:4700:a0::8
2026-09-04T04:47:01Z ERR failed to serve tunnel connection error="control stream encountered a failure while serving" connIndex=0 event=0 ip=2606:4700:a0::8
2026-09-04T04:47:01Z ERR Serve tunnel error error="control stream encountered a failure while serving" connIndex=0 event=0 ip=2606:4700:a0::8
2026-09-04T04:47:01Z INF Retrying connection in up to 1m4s connIndex=0 event=0 ip=2606:4700:a0::8
2026-09-04T04:47:23Z INF Tunnel connection curve preferences: [X25519MLKEM768 CurveID(65074) CurveP256] connIndex=0 event=0 ip=2606:4700:a0::8
2026-09-04T04:47:23Z ERR failed to run the datagram handler error="context canceled" connIndex=0 event=0 ip=2606:4700:a0::8
2026-09-04T04:47:23Z ERR failed to serve tunnel connection error="control stream encountered a failure while serving" connIndex=0 event=0 ip=2606:4700:a0::8
2026-09-04T04:47:23Z ERR Serve tunnel error error="control stream encountered a failure while serving" connIndex=0 event=0 ip=2606:4700:a0::8
2026-09-04T04:47:23Z INF Retrying connection in up to 1m4s connIndex=0 event=0 ip=2606:4700:a0::8
2026-09-04T04:47:43Z INF Tunnel connection curve preferences: [X25519MLKEM768 CurveID(65074) CurveP256] connIndex=0 event=0 ip=2606:4700:a0::8
2026-09-04T04:47:43Z ERR failed to run the datagram handler error="context canceled" connIndex=0 event=0 ip=2606:4700:a0::8
2026-09-04T04:47:43Z ERR failed to serve tunnel connection error="control stream encountered a failure while serving" connIndex=0 event=0 ip=2606:4700:a0::8
2026-09-04T04:47:43Z ERR Serve tunnel error error="control stream encountered a failure while serving" connIndex=0 event=0 ip=2606:4700:a0::8
2026-09-04T04:47:43Z INF Retrying connection in up to 1m4s connIndex=0 event=0 ip=2606:4700:a0::8
2026-09-04T04:47:52Z INF Tunnel connection curve preferences: [X25519MLKEM768 CurveID(65074) CurveP256] connIndex=0 event=0 ip=2606:4700:a0::8
2026-09-04T04:47:52Z ERR failed to run the datagram handler error="context canceled" connIndex=0 event=0 ip=2606:4700:a0::8
2026-09-04T04:47:52Z ERR failed to serve tunnel connection error="control stream encountered a failure while serving" connIndex=0 event=0 ip=2606:4700:a0::8
2026-09-04T04:47:52Z ERR Serve tunnel error error="control stream encountered a failure while serving" connIndex=0 event=0 ip=2606:4700:a0::8
2026-09-04T04:47:52Z INF Retrying connection in up to 1m4s connIndex=0 event=0 ip=2606:4700:a0::8
2026-09-04T04:47:58Z INF Tunnel connection curve preferences: [X25519MLKEM768 CurveID(65074) CurveP256] connIndex=0 event=0 ip=2606:4700:a0::8
2026-09-04T04:47:58Z ERR failed to run the datagram handler error="context canceled" connIndex=0 event=0 ip=2606:4700:a0::8
2026-09-04T04:47:58Z ERR failed to serve tunnel connection error="control stream encountered a failure while serving" connIndex=0 event=0 ip=2606:4700:a0::8
2026-09-04T04:47:58Z ERR Serve tunnel error error="control stream encountered a failure while serving" connIndex=0 event=0 ip=2606:4700:a0::8
2026-09-04T04:47:58Z INF Retrying connection in up to 1m4s connIndex=0 event=0 ip=2606:4700:a0::8
2026-09-04T04:48:18Z INF Tunnel connection curve preferences: [X25519MLKEM768 CurveID(65074) CurveP256] connIndex=0 event=0 ip=2606:4700:a0::8
2026-09-04T04:48:18Z ERR failed to run the datagram handler error="context canceled" connIndex=0 event=0 ip=2606:4700:a0::8
2026-09-04T04:48:18Z ERR failed to serve tunnel connection error="control stream encountered a failure while serving" connIndex=0 event=0 ip=2606:4700:a0::8
2026-09-04T04:48:18Z ERR Serve tunnel error error="control stream encountered a failure while serving" connIndex=0 event=0 ip=2606:4700:a0::8
2026-09-04T04:48:18Z INF Retrying connection in up to 1m4s connIndex=0 event=0 ip=2606:4700:a0::8
2026-09-04T04:48:29Z INF Tunnel connection curve preferences: [X25519MLKEM768 CurveID(65074) CurveP256] connIndex=0 event=0 ip=2606:4700:a0::8
2026-09-04T04:48:29Z ERR failed to run the datagram handler error="context canceled" connIndex=0 event=0 ip=2606:4700:a0::8
2026-09-04T04:48:29Z ERR failed to serve tunnel connection error="control stream encountered a failure while serving" connIndex=0 event=0 ip=2606:4700:a0::8
2026-09-04T04:48:29Z ERR Serve tunnel error error="control stream encountered a failure while serving" connIndex=0 event=0 ip=2606:4700:a0::8
2026-09-04T04:48:29Z INF Retrying connection in up to 1m4s connIndex=0 event=0 ip=2606:4700:a0::8
2026-09-04T04:48:47Z INF Tunnel connection curve preferences: [X25519MLKEM768 CurveID(65074) CurveP256] connIndex=0 event=0 ip=2606:4700:a0::8
2026-09-04T04:48:47Z ERR failed to run the datagram handler error="context canceled" connIndex=0 event=0 ip=2606:4700:a0::8
2026-09-04T04:48:47Z ERR failed to serve tunnel connection error="control stream encountered a failure while serving" connIndex=0 event=0 ip=2606:4700:a0::8
2026-09-04T04:48:47Z ERR Serve tunnel error error="control stream encountered a failure while serving" connIndex=0 event=0 ip=2606:4700:a0::8
2026-09-04T04:48:47Z INF Retrying connection in up to 1m4s connIndex=0 event=0 ip=2606:4700:a0::8
2026-09-04T04:49:15Z INF Tunnel connection curve preferences: [X25519MLKEM768 CurveID(65074) CurveP256] connIndex=0 event=0 ip=2606:4700:a0::8
2026-09-04T04:49:15Z ERR failed to run the datagram handler error="context canceled" connIndex=0 event=0 ip=2606:4700:a0::8
2026-09-04T04:49:15Z ERR failed to serve tunnel connection error="control stream encountered a failure while serving" connIndex=0 event=0 ip=2606:4700:a0::8
2026-09-04T04:49:15Z ERR Serve tunnel error error="control stream encountered a failure while serving" connIndex=0 event=0 ip=2606:4700:a0::8
2026-09-04T04:49:15Z INF Retrying connection in up to 1m4s connIndex=0 event=0 ip=2606:4700:a0::8
2026-09-04T04:49:32Z INF Tunnel connection curve preferences: [X25519MLKEM768 CurveID(65074) CurveP256] connIndex=0 event=0 ip=2606:4700:a0::8
2026-09-04T04:49:32Z ERR failed to run the datagram handler error="context canceled" connIndex=0 event=0 ip=2606:4700:a0::8
2026-09-04T04:49:32Z ERR failed to serve tunnel connection error="control stream encountered a failure while serving" connIndex=0 event=0 ip=2606:4700:a0::8
2026-09-04T04:49:32Z ERR Serve tunnel error error="control stream encountered a failure while serving" connIndex=0 event=0 ip=2606:4700:a0::8
2026-09-04T04:49:32Z INF Retrying connection in up to 1m4s connIndex=0 event=0 ip=2606:4700:a0::8
2026-09-04T04:49:39Z INF Tunnel connection curve preferences: [X25519MLKEM768 CurveID(65074) CurveP256] connIndex=0 event=0 ip=2606:4700:a0::8
2026-09-04T04:49:39Z ERR failed to run the datagram handler error="context canceled" connIndex=0 event=0 ip=2606:4700:a0::8
2026-09-04T04:49:39Z ERR failed to serve tunnel connection error="control stream encountered a failure while serving" connIndex=0 event=0 ip=2606:4700:a0::8
2026-09-04T04:49:39Z ERR Serve tunnel error error="control stream encountered a failure while serving" connIndex=0 event=0 ip=2606:4700:a0::8
2026-09-04T04:49:39Z INF Retrying connection in up to 1m4s connIndex=0 event=0 ip=2606:4700:a0::8
2026-09-04T04:50:02Z INF Tunnel connection curve preferences: [X25519MLKEM768 CurveID(65074) CurveP256] connIndex=0 event=0 ip=2606:4700:a0::8
2026-09-04T04:50:02Z ERR failed to run the datagram handler error="context canceled" connIndex=0 event=0 ip=2606:4700:a0::8
2026-09-04T04:50:02Z ERR failed to serve tunnel connection error="control stream encountered a failure while serving" connIndex=0 event=0 ip=2606:4700:a0::8
2026-09-04T04:50:02Z ERR Serve tunnel error error="control stream encountered a failure while serving" connIndex=0 event=0 ip=2606:4700:a0::8
2026-09-04T04:50:02Z INF Retrying connection in up to 1m4s connIndex=0 event=0 ip=2606:4700:a0::8
2026-09-04T04:50:16Z INF Tunnel connection curve preferences: [X25519MLKEM768 CurveID(65074) CurveP256] connIndex=0 event=0 ip=2606:4700:a0::8
2026-09-04T04:50:16Z ERR failed to run the datagram handler error="context canceled" connIndex=0 event=0 ip=2606:4700:a0::8
2026-09-04T04:50:16Z ERR failed to serve tunnel connection error="control stream encountered a failure while serving" connIndex=0 event=0 ip=2606:4700:a0::8
2026-09-04T04:50:16Z ERR Serve tunnel error error="control stream encountered a failure while serving" connIndex=0 event=0 ip=2606:4700:a0::8
2026-09-04T04:50:16Z INF Retrying connection in up to 1m4s connIndex=0 event=0 ip=2606:4700:a0::8
2026-09-04T04:50:27Z INF Tunnel connection curve preferences: [X25519MLKEM768 CurveID(65074) CurveP256] connIndex=0 event=0 ip=2606:4700:a0::8
2026-09-04T04:50:27Z ERR failed to run the datagram handler error="context canceled" connIndex=0 event=0 ip=2606:4700:a0::8
2026-09-04T04:50:27Z ERR failed to serve tunnel connection error="control stream encountered a failure while serving" connIndex=0 event=0 ip=2606:4700:a0::8
2026-09-04T04:50:27Z ERR Serve tunnel error error="control stream encountered a failure while serving" connIndex=0 event=0 ip=2606:4700:a0::8
2026-09-04T04:50:27Z INF Retrying connection in up to 1m4s connIndex=0 event=0 ip=2606:4700:a0::8
2026-09-04T04:50:43Z INF Tunnel connection curve preferences: [X25519MLKEM768 CurveID(65074) CurveP256] connIndex=0 event=0 ip=2606:4700:a0::8
2026-09-04T04:50:43Z ERR failed to run the datagram handler error="context canceled" connIndex=0 event=0 ip=2606:4700:a0::8
2026-09-04T04:50:43Z ERR failed to serve tunnel connection error="control stream encountered a failure while serving" connIndex=0 event=0 ip=2606:4700:a0::8
2026-09-04T04:50:43Z ERR Serve tunnel error error="control stream encountered a failure while serving" connIndex=0 event=0 ip=2606:4700:a0::8
2026-09-04T04:50:43Z INF Retrying connection in up to 1m4s connIndex=0 event=0 ip=2606:4700:a0::8
2026-09-04T04:50:43Z INF Tunnel connection curve preferences: [X25519MLKEM768 CurveID(65074) CurveP256] connIndex=0 event=0 ip=2606:4700:a0::8
2026-09-04T04:50:43Z ERR failed to run the datagram handler error="context canceled" connIndex=0 event=0 ip=2606:4700:a0::8
2026-09-04T04:50:43Z ERR failed to serve tunnel connection error="control stream encountered a failure while serving" connIndex=0 event=0 ip=2606:4700:a0::8
2026-09-04T04:50:43Z ERR Serve tunnel error error="control stream encountered a failure while serving" connIndex=0 event=0 ip=2606:4700:a0::8
2026-09-04T04:50:43Z INF Retrying connection in up to 1m4s connIndex=0 event=0 ip=2606:4700:a0::8
2026-09-04T04:50:44Z INF Tunnel connection curve preferences: [X25519MLKEM768 CurveID(65074) CurveP256] connIndex=0 event=0 ip=2606:4700:a0::8
2026-09-04T04:50:44Z ERR failed to run the datagram handler error="context canceled" connIndex=0 event=0 ip=2606:4700:a0::8
2026-09-04T04:50:44Z ERR failed to serve tunnel connection error="control stream encountered a failure while serving" connIndex=0 event=0 ip=2606:4700:a0::8
2026-09-04T04:50:44Z ERR Serve tunnel error error="control stream encountered a failure while serving" connIndex=0 event=0 ip=2606:4700:a0::8
2026-09-04T04:50:44Z INF Retrying connection in up to 1m4s connIndex=0 event=0 ip=2606:4700:a0::8
2026-09-04T04:51:04Z INF Tunnel connection curve preferences: [X25519MLKEM768 CurveID(65074) CurveP256] connIndex=0 event=0 ip=2606:4700:a0::8
2026-09-04T04:51:05Z ERR failed to run the datagram handler error="context canceled" connIndex=0 event=0 ip=2606:4700:a0::8
2026-09-04T04:51:05Z ERR failed to serve tunnel connection error="control stream encountered a failure while serving" connIndex=0 event=0 ip=2606:4700:a0::8
2026-09-04T04:51:05Z ERR Serve tunnel error error="control stream encountered a failure while serving" connIndex=0 event=0 ip=2606:4700:a0::8
2026-09-04T04:51:05Z INF Retrying connection in up to 1m4s connIndex=0 event=0 ip=2606:4700:a0::8
2026-09-04T04:51:19Z INF Tunnel connection curve preferences: [X25519MLKEM768 CurveID(65074) CurveP256] connIndex=0 event=0 ip=2606:4700:a0::8
2026-09-04T04:51:19Z ERR failed to run the datagram handler error="context canceled" connIndex=0 event=0 ip=2606:4700:a0::8
2026-09-04T04:51:19Z ERR failed to serve tunnel connection error="control stream encountered a failure while serving" connIndex=0 event=0 ip=2606:4700:a0::8
2026-09-04T04:51:19Z ERR Serve tunnel error error="control stream encountered a failure while serving" connIndex=0 event=0 ip=2606:4700:a0::8
2026-09-04T04:51:19Z INF Retrying connection in up to 1m4s connIndex=0 event=0 ip=2606:4700:a0::8
2026-09-04T04:51:21Z INF Tunnel connection curve preferences: [X25519MLKEM768 CurveID(65074) CurveP256] connIndex=0 event=0 ip=2606:4700:a0::8
2026-09-04T04:51:21Z ERR failed to run the datagram handler error="context canceled" connIndex=0 event=0 ip=2606:4700:a0::8
2026-09-04T04:51:21Z ERR failed to serve tunnel connection error="control stream encountered a failure while serving" connIndex=0 event=0 ip=2606:4700:a0::8
2026-09-04T04:51:21Z ERR Serve tunnel error error="control stream encountered a failure while serving" connIndex=0 event=0 ip=2606:4700:a0::8
2026-09-04T04:51:21Z INF Retrying connection in up to 1m4s connIndex=0 event=0 ip=2606:4700:a0::8
2026-09-04T04:51:41Z INF Tunnel connection curve preferences: [X25519MLKEM768 CurveID(65074) CurveP256] connIndex=0 event=0 ip=2606:4700:a0::8
2026-09-04T04:51:41Z ERR failed to run the datagram handler error="context canceled" connIndex=0 event=0 ip=2606:4700:a0::8
2026-09-04T04:51:41Z ERR failed to serve tunnel connection error="control stream encountered a failure while serving" connIndex=0 event=0 ip=2606:4700:a0::8
2026-09-04T04:51:41Z ERR Serve tunnel error error="control stream encountered a failure while serving" connIndex=0 event=0 ip=2606:4700:a0::8
2026-09-04T04:51:41Z INF Retrying connection in up to 1m4s connIndex=0 event=0 ip=2606:4700:a0::8
2026-09-04T04:51:44Z INF Tunnel connection curve preferences: [X25519MLKEM768 CurveID(65074) CurveP256] connIndex=0 event=0 ip=2606:4700:a0::8
2026-09-04T04:51:44Z ERR failed to run the datagram handler error="context canceled" connIndex=0 event=0 ip=2606:4700:a0::8
2026-09-04T04:51:44Z ERR failed to serve tunnel connection error="control stream encountered a failure while serving" connIndex=0 event=0 ip=2606:4700:a0::8
2026-09-04T04:51:44Z ERR Serve tunnel error error="control stream encountered a failure while serving" connIndex=0 event=0 ip=2606:4700:a0::8
2026-09-04T04:51:44Z INF Retrying connection in up to 1m4s connIndex=0 event=0 ip=2606:4700:a0::8
2026-09-04T04:52:04Z INF Tunnel connection curve preferences: [X25519MLKEM768 CurveID(65074) CurveP256] connIndex=0 event=0 ip=2606:4700:a0::8
2026-09-04T04:52:05Z ERR failed to run the datagram handler error="context canceled" connIndex=0 event=0 ip=2606:4700:a0::8
2026-09-04T04:52:05Z ERR failed to serve tunnel connection error="control stream encountered a failure while serving" connIndex=0 event=0 ip=2606:4700:a0::8
2026-09-04T04:52:05Z ERR Serve tunnel error error="control stream encountered a failure while serving" connIndex=0 event=0 ip=2606:4700:a0::8
2026-09-04T04:52:05Z INF Retrying connection in up to 1m4s connIndex=0 event=0 ip=2606:4700:a0::8
2026-09-04T04:52:36Z INF Tunnel connection curve preferences: [X25519MLKEM768 CurveID(65074) CurveP256] connIndex=0 event=0 ip=2606:4700:a0::8
2026-09-04T04:52:36Z ERR failed to run the datagram handler error="context canceled" connIndex=0 event=0 ip=2606:4700:a0::8
2026-09-04T04:52:36Z ERR failed to serve tunnel connection error="control stream encountered a failure while serving" connIndex=0 event=0 ip=2606:4700:a0::8
2026-09-04T04:52:36Z ERR Serve tunnel error error="control stream encountered a failure while serving" connIndex=0 event=0 ip=2606:4700:a0::8
2026-09-04T04:52:36Z INF Retrying connection in up to 1m4s connIndex=0 event=0 ip=2606:4700:a0::8
2026-09-04T04:52:42Z INF Tunnel connection curve preferences: [X25519MLKEM768 CurveID(65074) CurveP256] connIndex=0 event=0 ip=2606:4700:a0::8
2026-09-04T04:52:42Z ERR failed to run the datagram handler error="context canceled" connIndex=0 event=0 ip=2606:4700:a0::8
2026-09-04T04:52:42Z ERR failed to serve tunnel connection error="control stream encountered a failure while serving" connIndex=0 event=0 ip=2606:4700:a0::8
2026-09-04T04:52:42Z ERR Serve tunnel error error="control stream encountered a failure while serving" connIndex=0 event=0 ip=2606:4700:a0::8
2026-09-04T04:52:42Z INF Retrying connection in up to 1m4s connIndex=0 event=0 ip=2606:4700:a0::8
2026-09-04T04:52:56Z INF Tunnel connection curve preferences: [X25519MLKEM768 CurveID(65074) CurveP256] connIndex=0 event=0 ip=2606:4700:a0::8
2026-09-04T04:52:57Z ERR failed to run the datagram handler error="context canceled" connIndex=0 event=0 ip=2606:4700:a0::8
2026-09-04T04:52:57Z ERR failed to serve tunnel connection error="control stream encountered a failure while serving" connIndex=0 event=0 ip=2606:4700:a0::8
2026-09-04T04:52:57Z ERR Serve tunnel error error="control stream encountered a failure while serving" connIndex=0 event=0 ip=2606:4700:a0::8
2026-09-04T04:52:57Z INF Retrying connection in up to 1m4s connIndex=0 event=0 ip=2606:4700:a0::8
2026-09-04T04:53:06Z INF Tunnel connection curve preferences: [X25519MLKEM768 CurveID(65074) CurveP256] connIndex=0 event=0 ip=2606:4700:a0::8
2026-09-04T04:53:07Z ERR failed to run the datagram handler error="context canceled" connIndex=0 event=0 ip=2606:4700:a0::8
2026-09-04T04:53:07Z ERR failed to serve tunnel connection error="control stream encountered a failure while serving" connIndex=0 event=0 ip=2606:4700:a0::8
2026-09-04T04:53:07Z ERR Serve tunnel error error="control stream encountered a failure while serving" connIndex=0 event=0 ip=2606:4700:a0::8
2026-09-04T04:53:07Z INF Retrying connection in up to 1m4s connIndex=0 event=0 ip=2606:4700:a0::8
2026-09-04T04:53:36Z INF Tunnel connection curve preferences: [X25519MLKEM768 CurveID(65074) CurveP256] connIndex=0 event=0 ip=2606:4700:a0::8
2026-09-04T04:53:36Z ERR failed to run the datagram handler error="context canceled" connIndex=0 event=0 ip=2606:4700:a0::8
2026-09-04T04:53:36Z ERR failed to serve tunnel connection error="control stream encountered a failure while serving" connIndex=0 event=0 ip=2606:4700:a0::8
2026-09-04T04:53:36Z ERR Serve tunnel error error="control stream encountered a failure while serving" connIndex=0 event=0 ip=2606:4700:a0::8
2026-09-04T04:53:36Z INF Retrying connection in up to 1m4s connIndex=0 event=0 ip=2606:4700:a0::8
2026-09-04T04:53:57Z INF Tunnel connection curve preferences: [X25519MLKEM768 CurveID(65074) CurveP256] connIndex=0 event=0 ip=2606:4700:a0::8
2026-09-04T04:53:57Z ERR failed to run the datagram handler error="context canceled" connIndex=0 event=0 ip=2606:4700:a0::8
2026-09-04T04:53:57Z ERR failed to serve tunnel connection error="control stream encountered a failure while serving" connIndex=0 event=0 ip=2606:4700:a0::8
2026-09-04T04:53:57Z ERR Serve tunnel error error="control stream encountered a failure while serving" connIndex=0 event=0 ip=2606:4700:a0::8
2026-09-04T04:53:57Z INF Retrying connection in up to 1m4s connIndex=0 event=0 ip=2606:4700:a0::8
2026-09-04T04:54:20Z INF Tunnel connection curve preferences: [X25519MLKEM768 CurveID(65074) CurveP256] connIndex=0 event=0 ip=2606:4700:a0::8
2026-09-04T04:54:20Z ERR failed to run the datagram handler error="context canceled" connIndex=0 event=0 ip=2606:4700:a0::8
2026-09-04T04:54:20Z ERR failed to serve tunnel connection error="control stream encountered a failure while serving" connIndex=0 event=0 ip=2606:4700:a0::8
2026-09-04T04:54:20Z ERR Serve tunnel error error="control stream encountered a failure while serving" connIndex=0 event=0 ip=2606:4700:a0::8
2026-09-04T04:54:20Z INF Retrying connection in up to 1m4s connIndex=0 event=0 ip=2606:4700:a0::8
2026-09-04T04:54:32Z INF Tunnel connection curve preferences: [X25519MLKEM768 CurveID(65074) CurveP256] connIndex=0 event=0 ip=2606:4700:a0::8
2026-09-04T04:54:32Z ERR failed to run the datagram handler error="context canceled" connIndex=0 event=0 ip=2606:4700:a0::8
2026-09-04T04:54:32Z ERR failed to serve tunnel connection error="control stream encountered a failure while serving" connIndex=0 event=0 ip=2606:4700:a0::8
2026-09-04T04:54:32Z ERR Serve tunnel error error="control stream encountered a failure while serving" connIndex=0 event=0 ip=2606:4700:a0::8
2026-09-04T04:54:32Z INF Retrying connection in up to 1m4s connIndex=0 event=0 ip=2606:4700:a0::8
2026-09-04T04:54:44Z INF Tunnel connection curve preferences: [X25519MLKEM768 CurveID(65074) CurveP256] connIndex=0 event=0 ip=2606:4700:a0::8
2026-09-04T04:54:44Z ERR failed to run the datagram handler error="context canceled" connIndex=0 event=0 ip=2606:4700:a0::8
2026-09-04T04:54:44Z ERR failed to serve tunnel connection error="control stream encountered a failure while serving" connIndex=0 event=0 ip=2606:4700:a0::8
2026-09-04T04:54:44Z ERR Serve tunnel error error="control stream encountered a failure while serving" connIndex=0 event=0 ip=2606:4700:a0::8
2026-09-04T04:54:44Z INF Retrying connection in up to 1m4s connIndex=0 event=0 ip=2606:4700:a0::8
2026-09-04T04:55:07Z INF Tunnel connection curve preferences: [X25519MLKEM768 CurveID(65074) CurveP256] connIndex=0 event=0 ip=2606:4700:a0::8
2026-09-04T04:55:07Z ERR failed to run the datagram handler error="context canceled" connIndex=0 event=0 ip=2606:4700:a0::8
2026-09-04T04:55:07Z ERR failed to serve tunnel connection error="control stream encountered a failure while serving" connIndex=0 event=0 ip=2606:4700:a0::8
2026-09-04T04:55:07Z ERR Serve tunnel error error="control stream encountered a failure while serving" connIndex=0 event=0 ip=2606:4700:a0::8
2026-09-04T04:55:07Z INF Retrying connection in up to 1m4s connIndex=0 event=0 ip=2606:4700:a0::8
2026-09-04T04:55:23Z INF Tunnel connection curve preferences: [X25519MLKEM768 CurveID(65074) CurveP256] connIndex=0 event=0 ip=2606:4700:a0::8
2026-09-04T04:55:23Z ERR failed to run the datagram handler error="context canceled" connIndex=0 event=0 ip=2606:4700:a0::8
2026-09-04T04:55:23Z ERR failed to serve tunnel connection error="control stream encountered a failure while serving" connIndex=0 event=0 ip=2606:4700:a0::8
2026-09-04T04:55:23Z ERR Serve tunnel error error="control stream encountered a failure while serving" connIndex=0 event=0 ip=2606:4700:a0::8
2026-09-04T04:55:23Z INF Retrying connection in up to 1m4s connIndex=0 event=0 ip=2606:4700:a0::8
2026-09-04T04:55:25Z INF Tunnel connection curve preferences: [X25519MLKEM768 CurveID(65074) CurveP256] connIndex=0 event=0 ip=2606:4700:a0::8
2026-09-04T04:55:25Z ERR failed to run the datagram handler error="context canceled" connIndex=0 event=0 ip=2606:4700:a0::8
2026-09-04T04:55:25Z ERR failed to serve tunnel connection error="control stream encountered a failure while serving" connIndex=0 event=0 ip=2606:4700:a0::8
2026-09-04T04:55:25Z ERR Serve tunnel error error="control stream encountered a failure while serving" connIndex=0 event=0 ip=2606:4700:a0::8
2026-09-04T04:55:25Z INF Retrying connection in up to 1m4s connIndex=0 event=0 ip=2606:4700:a0::8
2026-09-04T04:55:36Z INF Tunnel connection curve preferences: [X25519MLKEM768 CurveID(65074) CurveP256] connIndex=0 event=0 ip=2606:4700:a0::8
2026-09-04T04:55:36Z ERR failed to run the datagram handler error="context canceled" connIndex=0 event=0 ip=2606:4700:a0::8
2026-09-04T04:55:36Z ERR failed to serve tunnel connection error="control stream encountered a failure while serving" connIndex=0 event=0 ip=2606:4700:a0::8
2026-09-04T04:55:36Z ERR Serve tunnel error error="control stream encountered a failure while serving" connIndex=0 event=0 ip=2606:4700:a0::8
2026-09-04T04:55:36Z INF Retrying connection in up to 1m4s connIndex=0 event=0 ip=2606:4700:a0::8
2026-09-04T04:55:44Z INF Tunnel connection curve preferences: [X25519MLKEM768 CurveID(65074) CurveP256] connIndex=0 event=0 ip=2606:4700:a0::8
2026-09-04T04:55:44Z ERR failed to run the datagram handler error="context canceled" connIndex=0 event=0 ip=2606:4700:a0::8
2026-09-04T04:55:44Z ERR failed to serve tunnel connection error="control stream encountered a failure while serving" connIndex=0 event=0 ip=2606:4700:a0::8
2026-09-04T04:55:44Z ERR Serve tunnel error error="control stream encountered a failure while serving" connIndex=0 event=0 ip=2606:4700:a0::8
2026-09-04T04:55:44Z INF Retrying connection in up to 1m4s connIndex=0 event=0 ip=2606:4700:a0::8
2026-09-04T04:55:51Z INF Tunnel connection curve preferences: [X25519MLKEM768 CurveID(65074) CurveP256] connIndex=0 event=0 ip=2606:4700:a0::8
2026-09-04T04:55:51Z ERR failed to run the datagram handler error="context canceled" connIndex=0 event=0 ip=2606:4700:a0::8
2026-09-04T04:55:51Z ERR failed to serve tunnel connection error="control stream encountered a failure while serving" connIndex=0 event=0 ip=2606:4700:a0::8
2026-09-04T04:55:51Z ERR Serve tunnel error error="control stream encountered a failure while serving" connIndex=0 event=0 ip=2606:4700:a0::8
2026-09-04T04:55:51Z INF Retrying connection in up to 1m4s connIndex=0 event=0 ip=2606:4700:a0::8
2026-09-04T04:55:57Z INF Tunnel connection curve preferences: [X25519MLKEM768 CurveID(65074) CurveP256] connIndex=0 event=0 ip=2606:4700:a0::8
2026-09-04T04:55:57Z ERR failed to run the datagram handler error="context canceled" connIndex=0 event=0 ip=2606:4700:a0::8
2026-09-04T04:55:57Z ERR failed to serve tunnel connection error="control stream encountered a failure while serving" connIndex=0 event=0 ip=2606:4700:a0::8
2026-09-04T04:55:57Z ERR Serve tunnel error error="control stream encountered a failure while serving" connIndex=0 event=0 ip=2606:4700:a0::8
2026-09-04T04:55:57Z INF Retrying connection in up to 1m4s connIndex=0 event=0 ip=2606:4700:a0::8
2026-09-04T04:56:15Z INF Tunnel connection curve preferences: [X25519MLKEM768 CurveID(65074) CurveP256] connIndex=0 event=0 ip=2606:4700:a0::8
2026-09-04T04:56:16Z ERR failed to run the datagram handler error="context canceled" connIndex=0 event=0 ip=2606:4700:a0::8
2026-09-04T04:56:16Z ERR failed to serve tunnel connection error="control stream encountered a failure while serving" connIndex=0 event=0 ip=2606:4700:a0::8
2026-09-04T04:56:16Z ERR Serve tunnel error error="control stream encountered a failure while serving" connIndex=0 event=0 ip=2606:4700:a0::8
2026-09-04T04:56:16Z INF Retrying connection in up to 1m4s connIndex=0 event=0 ip=2606:4700:a0::8
2026-09-04T04:56:47Z INF Tunnel connection curve preferences: [X25519MLKEM768 CurveID(65074) CurveP256] connIndex=0 event=0 ip=2606:4700:a0::8
2026-09-04T04:56:48Z ERR failed to run the datagram handler error="context canceled" connIndex=0 event=0 ip=2606:4700:a0::8
2026-09-04T04:56:48Z ERR failed to serve tunnel connection error="control stream encountered a failure while serving" connIndex=0 event=0 ip=2606:4700:a0::8
2026-09-04T04:56:48Z ERR Serve tunnel error error="control stream encountered a failure while serving" connIndex=0 event=0 ip=2606:4700:a0::8
2026-09-04T04:56:48Z INF Retrying connection in up to 1m4s connIndex=0 event=0 ip=2606:4700:a0::8
2026-09-04T04:56:59Z INF Tunnel connection curve preferences: [X25519MLKEM768 CurveID(65074) CurveP256] connIndex=0 event=0 ip=2606:4700:a0::8
2026-09-04T04:56:59Z ERR failed to run the datagram handler error="context canceled" connIndex=0 event=0 ip=2606:4700:a0::8
2026-09-04T04:56:59Z ERR failed to serve tunnel connection error="control stream encountered a failure while serving" connIndex=0 event=0 ip=2606:4700:a0::8
2026-09-04T04:56:59Z ERR Serve tunnel error error="control stream encountered a failure while serving" connIndex=0 event=0 ip=2606:4700:a0::8
2026-09-04T04:56:59Z INF Retrying connection in up to 1m4s connIndex=0 event=0 ip=2606:4700:a0::8
2026-09-04T04:56:59Z INF Tunnel connection curve preferences: [X25519MLKEM768 CurveID(65074) CurveP256] connIndex=0 event=0 ip=2606:4700:a0::8
2026-09-04T04:56:59Z ERR failed to run the datagram handler error="context canceled" connIndex=0 event=0 ip=2606:4700:a0::8
2026-09-04T04:56:59Z ERR failed to serve tunnel connection error="control stream encountered a failure while serving" connIndex=0 event=0 ip=2606:4700:a0::8
2026-09-04T04:56:59Z ERR Serve tunnel error error="control stream encountered a failure while serving" connIndex=0 event=0 ip=2606:4700:a0::8
2026-09-04T04:56:59Z INF Retrying connection in up to 1m4s connIndex=0 event=0 ip=2606:4700:a0::8
2026-09-04T04:57:05Z INF Tunnel connection curve preferences: [X25519MLKEM768 CurveID(65074) CurveP256] connIndex=0 event=0 ip=2606:4700:a0::8
2026-09-04T04:57:05Z ERR failed to run the datagram handler error="context canceled" connIndex=0 event=0 ip=2606:4700:a0::8
2026-09-04T04:57:05Z ERR failed to serve tunnel connection error="control stream encountered a failure while serving" connIndex=0 event=0 ip=2606:4700:a0::8
2026-09-04T04:57:05Z ERR Serve tunnel error error="control stream encountered a failure while serving" connIndex=0 event=0 ip=2606:4700:a0::8
2026-09-04T04:57:05Z INF Retrying connection in up to 1m4s connIndex=0 event=0 ip=2606:4700:a0::8
2026-09-04T04:57:27Z INF Tunnel connection curve preferences: [X25519MLKEM768 CurveID(65074) CurveP256] connIndex=0 event=0 ip=2606:4700:a0::8
2026-09-04T04:57:27Z ERR failed to run the datagram handler error="context canceled" connIndex=0 event=0 ip=2606:4700:a0::8
2026-09-04T04:57:27Z ERR failed to serve tunnel connection error="control stream encountered a failure while serving" connIndex=0 event=0 ip=2606:4700:a0::8
2026-09-04T04:57:27Z ERR Serve tunnel error error="control stream encountered a failure while serving" connIndex=0 event=0 ip=2606:4700:a0::8
2026-09-04T04:57:27Z INF Retrying connection in up to 1m4s connIndex=0 event=0 ip=2606:4700:a0::8
2026-09-04T04:57:40Z INF Tunnel connection curve preferences: [X25519MLKEM768 CurveID(65074) CurveP256] connIndex=0 event=0 ip=2606:4700:a0::8
2026-09-04T04:57:40Z ERR failed to run the datagram handler error="context canceled" connIndex=0 event=0 ip=2606:4700:a0::8
2026-09-04T04:57:40Z ERR failed to serve tunnel connection error="control stream encountered a failure while serving" connIndex=0 event=0 ip=2606:4700:a0::8
2026-09-04T04:57:40Z ERR Serve tunnel error error="control stream encountered a failure while serving" connIndex=0 event=0 ip=2606:4700:a0::8
2026-09-04T04:57:40Z INF Retrying connection in up to 1m4s connIndex=0 event=0 ip=2606:4700:a0::8
2026-09-04T04:57:50Z INF Tunnel connection curve preferences: [X25519MLKEM768 CurveID(65074) CurveP256] connIndex=0 event=0 ip=2606:4700:a0::8
2026-09-04T04:57:50Z ERR failed to run the datagram handler error="context canceled" connIndex=0 event=0 ip=2606:4700:a0::8
2026-09-04T04:57:50Z ERR failed to serve tunnel connection error="control stream encountered a failure while serving" connIndex=0 event=0 ip=2606:4700:a0::8
2026-09-04T04:57:50Z ERR Serve tunnel error error="control stream encountered a failure while serving" connIndex=0 event=0 ip=2606:4700:a0::8
2026-09-04T04:57:50Z INF Retrying connection in up to 1m4s connIndex=0 event=0 ip=2606:4700:a0::8
2026-09-04T04:58:13Z INF Tunnel connection curve preferences: [X25519MLKEM768 CurveID(65074) CurveP256] connIndex=0 event=0 ip=2606:4700:a0::8
2026-09-04T04:58:13Z ERR failed to run the datagram handler error="context canceled" connIndex=0 event=0 ip=2606:4700:a0::8
2026-09-04T04:58:13Z ERR failed to serve tunnel connection error="control stream encountered a failure while serving" connIndex=0 event=0 ip=2606:4700:a0::8
2026-09-04T04:58:13Z ERR Serve tunnel error error="control stream encountered a failure while serving" connIndex=0 event=0 ip=2606:4700:a0::8
2026-09-04T04:58:13Z INF Retrying connection in up to 1m4s connIndex=0 event=0 ip=2606:4700:a0::8
2026-09-04T04:58:18Z INF Tunnel connection curve preferences: [X25519MLKEM768 CurveID(65074) CurveP256] connIndex=0 event=0 ip=2606:4700:a0::8
2026-09-04T04:58:18Z ERR failed to run the datagram handler error="context canceled" connIndex=0 event=0 ip=2606:4700:a0::8
2026-09-04T04:58:18Z ERR failed to serve tunnel connection error="control stream encountered a failure while serving" connIndex=0 event=0 ip=2606:4700:a0::8
2026-09-04T04:58:18Z ERR Serve tunnel error error="control stream encountered a failure while serving" connIndex=0 event=0 ip=2606:4700:a0::8
2026-09-04T04:58:18Z INF Retrying connection in up to 1m4s connIndex=0 event=0 ip=2606:4700:a0::8
2026-09-04T04:58:19Z INF Tunnel connection curve preferences: [X25519MLKEM768 CurveID(65074) CurveP256] connIndex=0 event=0 ip=2606:4700:a0::8
2026-09-04T04:58:20Z ERR failed to run the datagram handler error="context canceled" connIndex=0 event=0 ip=2606:4700:a0::8
2026-09-04T04:58:20Z ERR failed to serve tunnel connection error="control stream encountered a failure while serving" connIndex=0 event=0 ip=2606:4700:a0::8
2026-09-04T04:58:20Z ERR Serve tunnel error error="control stream encountered a failure while serving" connIndex=0 event=0 ip=2606:4700:a0::8
2026-09-04T04:58:20Z INF Retrying connection in up to 1m4s connIndex=0 event=0 ip=2606:4700:a0::8
2026-09-04T04:58:37Z INF Tunnel connection curve preferences: [X25519MLKEM768 CurveID(65074) CurveP256] connIndex=0 event=0 ip=2606:4700:a0::8
2026-09-04T04:58:37Z ERR failed to run the datagram handler error="context canceled" connIndex=0 event=0 ip=2606:4700:a0::8
2026-09-04T04:58:37Z ERR failed to serve tunnel connection error="control stream encountered a failure while serving" connIndex=0 event=0 ip=2606:4700:a0::8
2026-09-04T04:58:37Z ERR Serve tunnel error error="control stream encountered a failure while serving" connIndex=0 event=0 ip=2606:4700:a0::8
2026-09-04T04:58:37Z INF Retrying connection in up to 1m4s connIndex=0 event=0 ip=2606:4700:a0::8
2026-09-04T04:59:01Z INF Tunnel connection curve preferences: [X25519MLKEM768 CurveID(65074) CurveP256] connIndex=0 event=0 ip=2606:4700:a0::8
2026-09-04T04:59:01Z ERR failed to run the datagram handler error="context canceled" connIndex=0 event=0 ip=2606:4700:a0::8
2026-09-04T04:59:01Z ERR failed to serve tunnel connection error="control stream encountered a failure while serving" connIndex=0 event=0 ip=2606:4700:a0::8
2026-09-04T04:59:01Z ERR Serve tunnel error error="control stream encountered a failure while serving" connIndex=0 event=0 ip=2606:4700:a0::8
2026-09-04T04:59:01Z INF Retrying connection in up to 1m4s connIndex=0 event=0 ip=2606:4700:a0::8
2026-09-04T04:59:16Z INF Tunnel connection curve preferences: [X25519MLKEM768 CurveID(65074) CurveP256] connIndex=0 event=0 ip=2606:4700:a0::8
2026-09-04T04:59:16Z ERR failed to run the datagram handler error="context canceled" connIndex=0 event=0 ip=2606:4700:a0::8
2026-09-04T04:59:16Z ERR failed to serve tunnel connection error="control stream encountered a failure while serving" connIndex=0 event=0 ip=2606:4700:a0::8
2026-09-04T04:59:16Z ERR Serve tunnel error error="control stream encountered a failure while serving" connIndex=0 event=0 ip=2606:4700:a0::8
2026-09-04T04:59:16Z INF Retrying connection in up to 1m4s connIndex=0 event=0 ip=2606:4700:a0::8
2026-09-04T04:59:28Z INF Tunnel connection curve preferences: [X25519MLKEM768 CurveID(65074) CurveP256] connIndex=0 event=0 ip=2606:4700:a0::8
2026-09-04T04:59:28Z ERR failed to run the datagram handler error="context canceled" connIndex=0 event=0 ip=2606:4700:a0::8
2026-09-04T04:59:28Z ERR failed to serve tunnel connection error="control stream encountered a failure while serving" connIndex=0 event=0 ip=2606:4700:a0::8
2026-09-04T04:59:28Z ERR Serve tunnel error error="control stream encountered a failure while serving" connIndex=0 event=0 ip=2606:4700:a0::8
2026-09-04T04:59:28Z INF Retrying connection in up to 1m4s connIndex=0 event=0 ip=2606:4700:a0::8
2026-09-04T04:59:40Z INF Tunnel connection curve preferences: [X25519MLKEM768 CurveID(65074) CurveP256] connIndex=0 event=0 ip=2606:4700:a0::8
2026-09-04T04:59:40Z ERR failed to run the datagram handler error="context canceled" connIndex=0 event=0 ip=2606:4700:a0::8
2026-09-04T04:59:40Z ERR failed to serve tunnel connection error="control stream encountered a failure while serving" connIndex=0 event=0 ip=2606:4700:a0::8
2026-09-04T04:59:40Z ERR Serve tunnel error error="control stream encountered a failure while serving" connIndex=0 event=0 ip=2606:4700:a0::8
2026-09-04T04:59:40Z INF Retrying connection in up to 1m4s connIndex=0 event=0 ip=2606:4700:a0::8
2026-09-04T04:59:56Z INF Tunnel connection curve preferences: [X25519MLKEM768 CurveID(65074) CurveP256] connIndex=0 event=0 ip=2606:4700:a0::8
2026-09-04T04:59:56Z ERR failed to run the datagram handler error="context canceled" connIndex=0 event=0 ip=2606:4700:a0::8
2026-09-04T04:59:56Z ERR failed to serve tunnel connection error="control stream encountered a failure while serving" connIndex=0 event=0 ip=2606:4700:a0::8
2026-09-04T04:59:56Z ERR Serve tunnel error error="control stream encountered a failure while serving" connIndex=0 event=0 ip=2606:4700:a0::8
2026-09-04T04:59:56Z INF Retrying connection in up to 1m4s connIndex=0 event=0 ip=2606:4700:a0::8
2026-09-04T05:00:02Z INF Tunnel connection curve preferences: [X25519MLKEM768 CurveID(65074) CurveP256] connIndex=0 event=0 ip=2606:4700:a0::8
2026-09-04T05:00:02Z ERR failed to run the datagram handler error="context canceled" connIndex=0 event=0 ip=2606:4700:a0::8
2026-09-04T05:00:02Z ERR failed to serve tunnel connection error="control stream encountered a failure while serving" connIndex=0 event=0 ip=2606:4700:a0::8
2026-09-04T05:00:02Z ERR Serve tunnel error error="control stream encountered a failure while serving" connIndex=0 event=0 ip=2606:4700:a0::8
2026-09-04T05:00:02Z INF Retrying connection in up to 1m4s connIndex=0 event=0 ip=2606:4700:a0::8
2026-09-04T05:00:10Z INF Tunnel connection curve preferences: [X25519MLKEM768 CurveID(65074) CurveP256] connIndex=0 event=0 ip=2606:4700:a0::8
2026-09-04T05:00:10Z ERR failed to run the datagram handler error="context canceled" connIndex=0 event=0 ip=2606:4700:a0::8
2026-09-04T05:00:10Z ERR failed to serve tunnel connection error="control stream encountered a failure while serving" connIndex=0 event=0 ip=2606:4700:a0::8
2026-09-04T05:00:10Z ERR Serve tunnel error error="control stream encountered a failure while serving" connIndex=0 event=0 ip=2606:4700:a0::8
2026-09-04T05:00:10Z INF Retrying connection in up to 1m4s connIndex=0 event=0 ip=2606:4700:a0::8
2026-09-04T05:00:24Z INF Tunnel connection curve preferences: [X25519MLKEM768 CurveID(65074) CurveP256] connIndex=0 event=0 ip=2606:4700:a0::8
2026-09-04T05:00:24Z ERR failed to run the datagram handler error="context canceled" connIndex=0 event=0 ip=2606:4700:a0::8
2026-09-04T05:00:24Z ERR failed to serve tunnel connection error="control stream encountered a failure while serving" connIndex=0 event=0 ip=2606:4700:a0::8
2026-09-04T05:00:24Z ERR Serve tunnel error error="control stream encountered a failure while serving" connIndex=0 event=0 ip=2606:4700:a0::8
2026-09-04T05:00:24Z INF Retrying connection in up to 1m4s connIndex=0 event=0 ip=2606:4700:a0::8
2026-09-04T05:00:41Z INF Tunnel connection curve preferences: [X25519MLKEM768 CurveID(65074) CurveP256] connIndex=0 event=0 ip=2606:4700:a0::8
2026-09-04T05:00:41Z ERR failed to run the datagram handler error="context canceled" connIndex=0 event=0 ip=2606:4700:a0::8
2026-09-04T05:00:41Z ERR failed to serve tunnel connection error="control stream encountered a failure while serving" connIndex=0 event=0 ip=2606:4700:a0::8
2026-09-04T05:00:41Z ERR Serve tunnel error error="control stream encountered a failure while serving" connIndex=0 event=0 ip=2606:4700:a0::8
2026-09-04T05:00:41Z INF Retrying connection in up to 1m4s connIndex=0 event=0 ip=2606:4700:a0::8
2026-09-04T05:00:55Z INF Tunnel connection curve preferences: [X25519MLKEM768 CurveID(65074) CurveP256] connIndex=0 event=0 ip=2606:4700:a0::8
2026-09-04T05:00:55Z ERR failed to run the datagram handler error="context canceled" connIndex=0 event=0 ip=2606:4700:a0::8
2026-09-04T05:00:55Z ERR failed to serve tunnel connection error="control stream encountered a failure while serving" connIndex=0 event=0 ip=2606:4700:a0::8
2026-09-04T05:00:55Z ERR Serve tunnel error error="control stream encountered a failure while serving" connIndex=0 event=0 ip=2606:4700:a0::8
2026-09-04T05:00:55Z INF Retrying connection in up to 1m4s connIndex=0 event=0 ip=2606:4700:a0::8
2026-09-04T05:01:03Z INF Tunnel connection curve preferences: [X25519MLKEM768 CurveID(65074) CurveP256] connIndex=0 event=0 ip=2606:4700:a0::8
2026-09-04T05:01:03Z ERR failed to run the datagram handler error="context canceled" connIndex=0 event=0 ip=2606:4700:a0::8
2026-09-04T05:01:03Z ERR failed to serve tunnel connection error="control stream encountered a failure while serving" connIndex=0 event=0 ip=2606:4700:a0::8
2026-09-04T05:01:03Z ERR Serve tunnel error error="control stream encountered a failure while serving" connIndex=0 event=0 ip=2606:4700:a0::8
2026-09-04T05:01:03Z INF Retrying connection in up to 1m4s connIndex=0 event=0 ip=2606:4700:a0::8
2026-09-04T05:01:16Z INF Tunnel connection curve preferences: [X25519MLKEM768 CurveID(65074) CurveP256] connIndex=0 event=0 ip=2606:4700:a0::8
2026-09-04T05:01:16Z ERR failed to run the datagram handler error="context canceled" connIndex=0 event=0 ip=2606:4700:a0::8
2026-09-04T05:01:16Z ERR failed to serve tunnel connection error="control stream encountered a failure while serving" connIndex=0 event=0 ip=2606:4700:a0::8
2026-09-04T05:01:16Z ERR Serve tunnel error error="control stream encountered a failure while serving" connIndex=0 event=0 ip=2606:4700:a0::8
2026-09-04T05:01:16Z INF Retrying connection in up to 1m4s connIndex=0 event=0 ip=2606:4700:a0::8
2026-09-04T05:01:19Z INF Tunnel connection curve preferences: [X25519MLKEM768 CurveID(65074) CurveP256] connIndex=0 event=0 ip=2606:4700:a0::8
2026-09-04T05:01:19Z ERR failed to run the datagram handler error="context canceled" connIndex=0 event=0 ip=2606:4700:a0::8
2026-09-04T05:01:19Z ERR failed to serve tunnel connection error="control stream encountered a failure while serving" connIndex=0 event=0 ip=2606:4700:a0::8
2026-09-04T05:01:19Z ERR Serve tunnel error error="control stream encountered a failure while serving" connIndex=0 event=0 ip=2606:4700:a0::8
2026-09-04T05:01:19Z INF Retrying connection in up to 1m4s connIndex=0 event=0 ip=2606:4700:a0::8
2026-09-04T05:01:25Z INF Tunnel connection curve preferences: [X25519MLKEM768 CurveID(65074) CurveP256] connIndex=0 event=0 ip=2606:4700:a0::8
2026-09-04T05:01:25Z ERR failed to run the datagram handler error="context canceled" connIndex=0 event=0 ip=2606:4700:a0::8
2026-09-04T05:01:25Z ERR failed to serve tunnel connection error="control stream encountered a failure while serving" connIndex=0 event=0 ip=2606:4700:a0::8
2026-09-04T05:01:25Z ERR Serve tunnel error error="control stream encountered a failure while serving" connIndex=0 event=0 ip=2606:4700:a0::8
2026-09-04T05:01:25Z INF Retrying connection in up to 1m4s connIndex=0 event=0 ip=2606:4700:a0::8
2026-09-04T05:01:36Z INF Tunnel connection curve preferences: [X25519MLKEM768 CurveID(65074) CurveP256] connIndex=0 event=0 ip=2606:4700:a0::8
2026-09-04T05:01:37Z ERR failed to run the datagram handler error="context canceled" connIndex=0 event=0 ip=2606:4700:a0::8
2026-09-04T05:01:37Z ERR failed to serve tunnel connection error="control stream encountered a failure while serving" connIndex=0 event=0 ip=2606:4700:a0::8
2026-09-04T05:01:37Z ERR Serve tunnel error error="control stream encountered a failure while serving" connIndex=0 event=0 ip=2606:4700:a0::8
2026-09-04T05:01:37Z INF Retrying connection in up to 1m4s connIndex=0 event=0 ip=2606:4700:a0::8
2026-09-04T05:02:06Z INF Tunnel connection curve preferences: [X25519MLKEM768 CurveID(65074) CurveP256] connIndex=0 event=0 ip=2606:4700:a0::8
2026-09-04T05:02:06Z ERR failed to run the datagram handler error="context canceled" connIndex=0 event=0 ip=2606:4700:a0::8
2026-09-04T05:02:06Z ERR failed to serve tunnel connection error="control stream encountered a failure while serving" connIndex=0 event=0 ip=2606:4700:a0::8
2026-09-04T05:02:06Z ERR Serve tunnel error error="control stream encountered a failure while serving" connIndex=0 event=0 ip=2606:4700:a0::8
2026-09-04T05:02:06Z INF Retrying connection in up to 1m4s connIndex=0 event=0 ip=2606:4700:a0::8
2026-09-04T05:02:34Z INF Tunnel connection curve preferences: [X25519MLKEM768 CurveID(65074) CurveP256] connIndex=0 event=0 ip=2606:4700:a0::8
2026-09-04T05:02:34Z ERR failed to run the datagram handler error="context canceled" connIndex=0 event=0 ip=2606:4700:a0::8
2026-09-04T05:02:34Z ERR failed to serve tunnel connection error="control stream encountered a failure while serving" connIndex=0 event=0 ip=2606:4700:a0::8
2026-09-04T05:02:34Z ERR Serve tunnel error error="control stream encountered a failure while serving" connIndex=0 event=0 ip=2606:4700:a0::8
2026-09-04T05:02:34Z INF Retrying connection in up to 1m4s connIndex=0 event=0 ip=2606:4700:a0::8
2026-09-04T05:02:53Z INF Tunnel connection curve preferences: [X25519MLKEM768 CurveID(65074) CurveP256] connIndex=0 event=0 ip=2606:4700:a0::8
2026-09-04T05:02:53Z ERR failed to run the datagram handler error="context canceled" connIndex=0 event=0 ip=2606:4700:a0::8
2026-09-04T05:02:53Z ERR failed to serve tunnel connection error="control stream encountered a failure while serving" connIndex=0 event=0 ip=2606:4700:a0::8
2026-09-04T05:02:53Z ERR Serve tunnel error error="control stream encountered a failure while serving" connIndex=0 event=0 ip=2606:4700:a0::8
2026-09-04T05:02:53Z INF Retrying connection in up to 1m4s connIndex=0 event=0 ip=2606:4700:a0::8
2026-09-04T05:02:53Z INF Tunnel connection curve preferences: [X25519MLKEM768 CurveID(65074) CurveP256] connIndex=0 event=0 ip=2606:4700:a0::8
2026-09-04T05:02:53Z ERR failed to run the datagram handler error="context canceled" connIndex=0 event=0 ip=2606:4700:a0::8
2026-09-04T05:02:53Z ERR failed to serve tunnel connection error="control stream encountered a failure while serving" connIndex=0 event=0 ip=2606:4700:a0::8
2026-09-04T05:02:53Z ERR Serve tunnel error error="control stream encountered a failure while serving" connIndex=0 event=0 ip=2606:4700:a0::8
2026-09-04T05:02:53Z INF Retrying connection in up to 1m4s connIndex=0 event=0 ip=2606:4700:a0::8
2026-09-04T05:03:05Z INF Tunnel connection curve preferences: [X25519MLKEM768 CurveID(65074) CurveP256] connIndex=0 event=0 ip=2606:4700:a0::8
2026-09-04T05:03:05Z ERR failed to run the datagram handler error="context canceled" connIndex=0 event=0 ip=2606:4700:a0::8
2026-09-04T05:03:05Z ERR failed to serve tunnel connection error="control stream encountered a failure while serving" connIndex=0 event=0 ip=2606:4700:a0::8
2026-09-04T05:03:05Z ERR Serve tunnel error error="control stream encountered a failure while serving" connIndex=0 event=0 ip=2606:4700:a0::8
2026-09-04T05:03:05Z INF Retrying connection in up to 1m4s connIndex=0 event=0 ip=2606:4700:a0::8
2026-09-04T05:03:29Z INF Tunnel connection curve preferences: [X25519MLKEM768 CurveID(65074) CurveP256] connIndex=0 event=0 ip=2606:4700:a0::8
2026-09-04T05:03:29Z ERR failed to run the datagram handler error="context canceled" connIndex=0 event=0 ip=2606:4700:a0::8
2026-09-04T05:03:29Z ERR failed to serve tunnel connection error="control stream encountered a failure while serving" connIndex=0 event=0 ip=2606:4700:a0::8
2026-09-04T05:03:29Z ERR Serve tunnel error error="control stream encountered a failure while serving" connIndex=0 event=0 ip=2606:4700:a0::8
2026-09-04T05:03:29Z INF Retrying connection in up to 1m4s connIndex=0 event=0 ip=2606:4700:a0::8
2026-09-04T05:03:48Z INF Tunnel connection curve preferences: [X25519MLKEM768 CurveID(65074) CurveP256] connIndex=0 event=0 ip=2606:4700:a0::8
2026-09-04T05:03:48Z ERR failed to run the datagram handler error="context canceled" connIndex=0 event=0 ip=2606:4700:a0::8
2026-09-04T05:03:48Z ERR failed to serve tunnel connection error="control stream encountered a failure while serving" connIndex=0 event=0 ip=2606:4700:a0::8
2026-09-04T05:03:48Z ERR Serve tunnel error error="control stream encountered a failure while serving" connIndex=0 event=0 ip=2606:4700:a0::8
2026-09-04T05:03:48Z INF Retrying connection in up to 1m4s connIndex=0 event=0 ip=2606:4700:a0::8
2026-09-04T05:04:04Z INF Tunnel connection curve preferences: [X25519MLKEM768 CurveID(65074) CurveP256] connIndex=0 event=0 ip=2606:4700:a0::8
2026-09-04T05:04:04Z ERR failed to run the datagram handler error="context canceled" connIndex=0 event=0 ip=2606:4700:a0::8
2026-09-04T05:04:04Z ERR failed to serve tunnel connection error="control stream encountered a failure while serving" connIndex=0 event=0 ip=2606:4700:a0::8
2026-09-04T05:04:04Z ERR Serve tunnel error error="control stream encountered a failure while serving" connIndex=0 event=0 ip=2606:4700:a0::8
2026-09-04T05:04:04Z INF Retrying connection in up to 1m4s connIndex=0 event=0 ip=2606:4700:a0::8
2026-09-04T05:04:33Z INF Tunnel connection curve preferences: [X25519MLKEM768 CurveID(65074) CurveP256] connIndex=0 event=0 ip=2606:4700:a0::8
2026-09-04T05:04:33Z ERR failed to run the datagram handler error="context canceled" connIndex=0 event=0 ip=2606:4700:a0::8
2026-09-04T05:04:33Z ERR failed to serve tunnel connection error="control stream encountered a failure while serving" connIndex=0 event=0 ip=2606:4700:a0::8
2026-09-04T05:04:33Z ERR Serve tunnel error error="control stream encountered a failure while serving" connIndex=0 event=0 ip=2606:4700:a0::8
2026-09-04T05:04:33Z INF Retrying connection in up to 1m4s connIndex=0 event=0 ip=2606:4700:a0::8
2026-09-04T05:04:41Z INF Tunnel connection curve preferences: [X25519MLKEM768 CurveID(65074) CurveP256] connIndex=0 event=0 ip=2606:4700:a0::8
2026-09-04T05:04:41Z ERR failed to run the datagram handler error="context canceled" connIndex=0 event=0 ip=2606:4700:a0::8
2026-09-04T05:04:41Z ERR failed to serve tunnel connection error="control stream encountered a failure while serving" connIndex=0 event=0 ip=2606:4700:a0::8
2026-09-04T05:04:41Z ERR Serve tunnel error error="control stream encountered a failure while serving" connIndex=0 event=0 ip=2606:4700:a0::8
2026-09-04T05:04:41Z INF Retrying connection in up to 1m4s connIndex=0 event=0 ip=2606:4700:a0::8
2026-09-04T05:05:10Z INF Tunnel connection curve preferences: [X25519MLKEM768 CurveID(65074) CurveP256] connIndex=0 event=0 ip=2606:4700:a0::8
2026-09-04T05:05:10Z ERR failed to run the datagram handler error="context canceled" connIndex=0 event=0 ip=2606:4700:a0::8
2026-09-04T05:05:10Z ERR failed to serve tunnel connection error="control stream encountered a failure while serving" connIndex=0 event=0 ip=2606:4700:a0::8
2026-09-04T05:05:10Z ERR Serve tunnel error error="control stream encountered a failure while serving" connIndex=0 event=0 ip=2606:4700:a0::8
2026-09-04T05:05:10Z INF Retrying connection in up to 1m4s connIndex=0 event=0 ip=2606:4700:a0::8
2026-09-04T05:05:33Z INF Tunnel connection curve preferences: [X25519MLKEM768 CurveID(65074) CurveP256] connIndex=0 event=0 ip=2606:4700:a0::8
2026-09-04T05:05:33Z ERR failed to run the datagram handler error="context canceled" connIndex=0 event=0 ip=2606:4700:a0::8
2026-09-04T05:05:33Z ERR failed to serve tunnel connection error="control stream encountered a failure while serving" connIndex=0 event=0 ip=2606:4700:a0::8
2026-09-04T05:05:33Z ERR Serve tunnel error error="control stream encountered a failure while serving" connIndex=0 event=0 ip=2606:4700:a0::8
2026-09-04T05:05:33Z INF Retrying connection in up to 1m4s connIndex=0 event=0 ip=2606:4700:a0::8
2026-09-04T05:05:33Z INF Tunnel connection curve preferences: [X25519MLKEM768 CurveID(65074) CurveP256] connIndex=0 event=0 ip=2606:4700:a0::8
2026-09-04T05:05:33Z ERR failed to run the datagram handler error="context canceled" connIndex=0 event=0 ip=2606:4700:a0::8
2026-09-04T05:05:33Z ERR failed to serve tunnel connection error="control stream encountered a failure while serving" connIndex=0 event=0 ip=2606:4700:a0::8
2026-09-04T05:05:33Z ERR Serve tunnel error error="control stream encountered a failure while serving" connIndex=0 event=0 ip=2606:4700:a0::8
2026-09-04T05:05:33Z INF Retrying connection in up to 1m4s connIndex=0 event=0 ip=2606:4700:a0::8
2026-09-04T05:05:55Z INF Tunnel connection curve preferences: [X25519MLKEM768 CurveID(65074) CurveP256] connIndex=0 event=0 ip=2606:4700:a0::8
2026-09-04T05:05:55Z ERR failed to run the datagram handler error="context canceled" connIndex=0 event=0 ip=2606:4700:a0::8
2026-09-04T05:05:55Z ERR failed to serve tunnel connection error="control stream encountered a failure while serving" connIndex=0 event=0 ip=2606:4700:a0::8
2026-09-04T05:05:55Z ERR Serve tunnel error error="control stream encountered a failure while serving" connIndex=0 event=0 ip=2606:4700:a0::8
2026-09-04T05:05:55Z INF Retrying connection in up to 1m4s connIndex=0 event=0 ip=2606:4700:a0::8
2026-09-04T05:06:07Z INF Tunnel connection curve preferences: [X25519MLKEM768 CurveID(65074) CurveP256] connIndex=0 event=0 ip=2606:4700:a0::8
2026-09-04T05:06:07Z ERR failed to run the datagram handler error="context canceled" connIndex=0 event=0 ip=2606:4700:a0::8
2026-09-04T05:06:07Z ERR failed to serve tunnel connection error="control stream encountered a failure while serving" connIndex=0 event=0 ip=2606:4700:a0::8
2026-09-04T05:06:07Z ERR Serve tunnel error error="control stream encountered a failure while serving" connIndex=0 event=0 ip=2606:4700:a0::8
2026-09-04T05:06:07Z INF Retrying connection in up to 1m4s connIndex=0 event=0 ip=2606:4700:a0::8
2026-09-04T05:06:09Z INF Tunnel connection curve preferences: [X25519MLKEM768 CurveID(65074) CurveP256] connIndex=0 event=0 ip=2606:4700:a0::8
2026-09-04T05:06:10Z ERR failed to run the datagram handler error="context canceled" connIndex=0 event=0 ip=2606:4700:a0::8
2026-09-04T05:06:10Z ERR failed to serve tunnel connection error="control stream encountered a failure while serving" connIndex=0 event=0 ip=2606:4700:a0::8
2026-09-04T05:06:10Z ERR Serve tunnel error error="control stream encountered a failure while serving" connIndex=0 event=0 ip=2606:4700:a0::8
2026-09-04T05:06:10Z INF Retrying connection in up to 1m4s connIndex=0 event=0 ip=2606:4700:a0::8
2026-09-04T05:06:12Z INF Tunnel connection curve preferences: [X25519MLKEM768 CurveID(65074) CurveP256] connIndex=0 event=0 ip=2606:4700:a0::8
2026-09-04T05:06:12Z ERR failed to run the datagram handler error="context canceled" connIndex=0 event=0 ip=2606:4700:a0::8
2026-09-04T05:06:12Z ERR failed to serve tunnel connection error="control stream encountered a failure while serving" connIndex=0 event=0 ip=2606:4700:a0::8
2026-09-04T05:06:12Z ERR Serve tunnel error error="control stream encountered a failure while serving" connIndex=0 event=0 ip=2606:4700:a0::8
2026-09-04T05:06:12Z INF Retrying connection in up to 1m4s connIndex=0 event=0 ip=2606:4700:a0::8
2026-09-04T05:06:31Z INF Tunnel connection curve preferences: [X25519MLKEM768 CurveID(65074) CurveP256] connIndex=0 event=0 ip=2606:4700:a0::8
2026-09-04T05:06:31Z ERR failed to run the datagram handler error="context canceled" connIndex=0 event=0 ip=2606:4700:a0::8
2026-09-04T05:06:31Z ERR failed to serve tunnel connection error="control stream encountered a failure while serving" connIndex=0 event=0 ip=2606:4700:a0::8
2026-09-04T05:06:31Z ERR Serve tunnel error error="control stream encountered a failure while serving" connIndex=0 event=0 ip=2606:4700:a0::8
2026-09-04T05:06:31Z INF Retrying connection in up to 1m4s connIndex=0 event=0 ip=2606:4700:a0::8
2026-09-04T05:06:53Z INF Tunnel connection curve preferences: [X25519MLKEM768 CurveID(65074) CurveP256] connIndex=0 event=0 ip=2606:4700:a0::8
2026-09-04T05:06:53Z ERR failed to run the datagram handler error="context canceled" connIndex=0 event=0 ip=2606:4700:a0::8
2026-09-04T05:06:53Z ERR failed to serve tunnel connection error="control stream encountered a failure while serving" connIndex=0 event=0 ip=2606:4700:a0::8
2026-09-04T05:06:53Z ERR Serve tunnel error error="control stream encountered a failure while serving" connIndex=0 event=0 ip=2606:4700:a0::8
2026-09-04T05:06:53Z INF Retrying connection in up to 1m4s connIndex=0 event=0 ip=2606:4700:a0::8
2026-09-04T05:07:16Z INF Tunnel connection curve preferences: [X25519MLKEM768 CurveID(65074) CurveP256] connIndex=0 event=0 ip=2606:4700:a0::8
2026-09-04T05:07:16Z ERR failed to run the datagram handler error="context canceled" connIndex=0 event=0 ip=2606:4700:a0::8
2026-09-04T05:07:16Z ERR failed to serve tunnel connection error="control stream encountered a failure while serving" connIndex=0 event=0 ip=2606:4700:a0::8
2026-09-04T05:07:16Z ERR Serve tunnel error error="control stream encountered a failure while serving" connIndex=0 event=0 ip=2606:4700:a0::8
2026-09-04T05:07:16Z INF Retrying connection in up to 1m4s connIndex=0 event=0 ip=2606:4700:a0::8
2026-09-04T05:07:23Z INF Tunnel connection curve preferences: [X25519MLKEM768 CurveID(65074) CurveP256] connIndex=0 event=0 ip=2606:4700:a0::8
2026-09-04T05:07:24Z ERR failed to run the datagram handler error="context canceled" connIndex=0 event=0 ip=2606:4700:a0::8
2026-09-04T05:07:24Z ERR failed to serve tunnel connection error="control stream encountered a failure while serving" connIndex=0 event=0 ip=2606:4700:a0::8
2026-09-04T05:07:24Z ERR Serve tunnel error error="control stream encountered a failure while serving" connIndex=0 event=0 ip=2606:4700:a0::8
2026-09-04T05:07:24Z INF Retrying connection in up to 1m4s connIndex=0 event=0 ip=2606:4700:a0::8
2026-09-04T05:07:42Z INF Tunnel connection curve preferences: [X25519MLKEM768 CurveID(65074) CurveP256] connIndex=0 event=0 ip=2606:4700:a0::8
2026-09-04T05:07:42Z ERR failed to run the datagram handler error="context canceled" connIndex=0 event=0 ip=2606:4700:a0::8
2026-09-04T05:07:42Z ERR failed to serve tunnel connection error="control stream encountered a failure while serving" connIndex=0 event=0 ip=2606:4700:a0::8
2026-09-04T05:07:42Z ERR Serve tunnel error error="control stream encountered a failure while serving" connIndex=0 event=0 ip=2606:4700:a0::8
2026-09-04T05:07:42Z INF Retrying connection in up to 1m4s connIndex=0 event=0 ip=2606:4700:a0::8
2026-09-04T05:07:48Z INF Tunnel connection curve preferences: [X25519MLKEM768 CurveID(65074) CurveP256] connIndex=0 event=0 ip=2606:4700:a0::8
2026-09-04T05:07:48Z ERR failed to run the datagram handler error="context canceled" connIndex=0 event=0 ip=2606:4700:a0::8
2026-09-04T05:07:48Z ERR failed to serve tunnel connection error="control stream encountered a failure while serving" connIndex=0 event=0 ip=2606:4700:a0::8
2026-09-04T05:07:48Z ERR Serve tunnel error error="control stream encountered a failure while serving" connIndex=0 event=0 ip=2606:4700:a0::8
2026-09-04T05:07:48Z INF Retrying connection in up to 1m4s connIndex=0 event=0 ip=2606:4700:a0::8
2026-09-04T05:08:15Z INF Tunnel connection curve preferences: [X25519MLKEM768 CurveID(65074) CurveP256] connIndex=0 event=0 ip=2606:4700:a0::8
2026-09-04T05:08:15Z ERR failed to run the datagram handler error="context canceled" connIndex=0 event=0 ip=2606:4700:a0::8
2026-09-04T05:08:15Z ERR failed to serve tunnel connection error="control stream encountered a failure while serving" connIndex=0 event=0 ip=2606:4700:a0::8
2026-09-04T05:08:15Z ERR Serve tunnel error error="control stream encountered a failure while serving" connIndex=0 event=0 ip=2606:4700:a0::8
2026-09-04T05:08:15Z INF Retrying connection in up to 1m4s connIndex=0 event=0 ip=2606:4700:a0::8
2026-09-04T05:08:16Z INF Tunnel connection curve preferences: [X25519MLKEM768 CurveID(65074) CurveP256] connIndex=0 event=0 ip=2606:4700:a0::8
2026-09-04T05:08:16Z ERR failed to run the datagram handler error="context canceled" connIndex=0 event=0 ip=2606:4700:a0::8
2026-09-04T05:08:16Z ERR failed to serve tunnel connection error="control stream encountered a failure while serving" connIndex=0 event=0 ip=2606:4700:a0::8
2026-09-04T05:08:16Z ERR Serve tunnel error error="control stream encountered a failure while serving" connIndex=0 event=0 ip=2606:4700:a0::8
2026-09-04T05:08:16Z INF Retrying connection in up to 1m4s connIndex=0 event=0 ip=2606:4700:a0::8
2026-09-04T05:08:41Z INF Tunnel connection curve preferences: [X25519MLKEM768 CurveID(65074) CurveP256] connIndex=0 event=0 ip=2606:4700:a0::8
2026-09-04T05:08:41Z ERR failed to run the datagram handler error="context canceled" connIndex=0 event=0 ip=2606:4700:a0::8
2026-09-04T05:08:41Z ERR failed to serve tunnel connection error="control stream encountered a failure while serving" connIndex=0 event=0 ip=2606:4700:a0::8
2026-09-04T05:08:41Z ERR Serve tunnel error error="control stream encountered a failure while serving" connIndex=0 event=0 ip=2606:4700:a0::8
2026-09-04T05:08:41Z INF Retrying connection in up to 1m4s connIndex=0 event=0 ip=2606:4700:a0::8
2026-09-04T05:08:43Z INF Tunnel connection curve preferences: [X25519MLKEM768 CurveID(65074) CurveP256] connIndex=0 event=0 ip=2606:4700:a0::8
2026-09-04T05:08:43Z ERR failed to run the datagram handler error="context canceled" connIndex=0 event=0 ip=2606:4700:a0::8
2026-09-04T05:08:43Z ERR failed to serve tunnel connection error="control stream encountered a failure while serving" connIndex=0 event=0 ip=2606:4700:a0::8
2026-09-04T05:08:43Z ERR Serve tunnel error error="control stream encountered a failure while serving" connIndex=0 event=0 ip=2606:4700:a0::8
2026-09-04T05:08:43Z INF Retrying connection in up to 1m4s connIndex=0 event=0 ip=2606:4700:a0::8
2026-09-04T05:09:08Z INF Tunnel connection curve preferences: [X25519MLKEM768 CurveID(65074) CurveP256] connIndex=0 event=0 ip=2606:4700:a0::8
2026-09-04T05:09:08Z ERR failed to run the datagram handler error="context canceled" connIndex=0 event=0 ip=2606:4700:a0::8
2026-09-04T05:09:08Z ERR failed to serve tunnel connection error="control stream encountered a failure while serving" connIndex=0 event=0 ip=2606:4700:a0::8
2026-09-04T05:09:08Z ERR Serve tunnel error error="control stream encountered a failure while serving" connIndex=0 event=0 ip=2606:4700:a0::8
2026-09-04T05:09:08Z INF Retrying connection in up to 1m4s connIndex=0 event=0 ip=2606:4700:a0::8
2026-09-04T05:09:08Z INF Tunnel connection curve preferences: [X25519MLKEM768 CurveID(65074) CurveP256] connIndex=0 event=0 ip=2606:4700:a0::8
2026-09-04T05:09:08Z ERR failed to run the datagram handler error="context canceled" connIndex=0 event=0 ip=2606:4700:a0::8
2026-09-04T05:09:08Z ERR failed to serve tunnel connection error="control stream encountered a failure while serving" connIndex=0 event=0 ip=2606:4700:a0::8
2026-09-04T05:09:08Z ERR Serve tunnel error error="control stream encountered a failure while serving" connIndex=0 event=0 ip=2606:4700:a0::8
2026-09-04T05:09:08Z INF Retrying connection in up to 1m4s connIndex=0 event=0 ip=2606:4700:a0::8
2026-09-04T05:09:35Z INF Tunnel connection curve preferences: [X25519MLKEM768 CurveID(65074) CurveP256] connIndex=0 event=0 ip=2606:4700:a0::8
2026-09-04T05:09:35Z ERR failed to run the datagram handler error="context canceled" connIndex=0 event=0 ip=2606:4700:a0::8
2026-09-04T05:09:35Z ERR failed to serve tunnel connection error="control stream encountered a failure while serving" connIndex=0 event=0 ip=2606:4700:a0::8
2026-09-04T05:09:35Z ERR Serve tunnel error error="control stream encountered a failure while serving" connIndex=0 event=0 ip=2606:4700:a0::8
2026-09-04T05:09:35Z INF Retrying connection in up to 1m4s connIndex=0 event=0 ip=2606:4700:a0::8
2026-09-04T05:09:46Z INF Tunnel connection curve preferences: [X25519MLKEM768 CurveID(65074) CurveP256] connIndex=0 event=0 ip=2606:4700:a0::8
2026-09-04T05:09:46Z ERR failed to run the datagram handler error="context canceled" connIndex=0 event=0 ip=2606:4700:a0::8
2026-09-04T05:09:46Z ERR failed to serve tunnel connection error="control stream encountered a failure while serving" connIndex=0 event=0 ip=2606:4700:a0::8
2026-09-04T05:09:46Z ERR Serve tunnel error error="control stream encountered a failure while serving" connIndex=0 event=0 ip=2606:4700:a0::8
2026-09-04T05:09:46Z INF Retrying connection in up to 1m4s connIndex=0 event=0 ip=2606:4700:a0::8
2026-09-04T05:09:52Z INF Tunnel connection curve preferences: [X25519MLKEM768 CurveID(65074) CurveP256] connIndex=0 event=0 ip=2606:4700:a0::8
2026-09-04T05:09:52Z ERR failed to run the datagram handler error="context canceled" connIndex=0 event=0 ip=2606:4700:a0::8
2026-09-04T05:09:52Z ERR failed to serve tunnel connection error="control stream encountered a failure while serving" connIndex=0 event=0 ip=2606:4700:a0::8
2026-09-04T05:09:52Z ERR Serve tunnel error error="control stream encountered a failure while serving" connIndex=0 event=0 ip=2606:4700:a0::8
2026-09-04T05:09:52Z INF Retrying connection in up to 1m4s connIndex=0 event=0 ip=2606:4700:a0::8
2026-09-04T05:09:59Z INF Tunnel connection curve preferences: [X25519MLKEM768 CurveID(65074) CurveP256] connIndex=0 event=0 ip=2606:4700:a0::8
2026-09-04T05:09:59Z ERR failed to run the datagram handler error="context canceled" connIndex=0 event=0 ip=2606:4700:a0::8
2026-09-04T05:09:59Z ERR failed to serve tunnel connection error="control stream encountered a failure while serving" connIndex=0 event=0 ip=2606:4700:a0::8
2026-09-04T05:09:59Z ERR Serve tunnel error error="control stream encountered a failure while serving" connIndex=0 event=0 ip=2606:4700:a0::8
2026-09-04T05:09:59Z INF Retrying connection in up to 1m4s connIndex=0 event=0 ip=2606:4700:a0::8
2026-09-04T05:10:11Z INF Tunnel connection curve preferences: [X25519MLKEM768 CurveID(65074) CurveP256] connIndex=0 event=0 ip=2606:4700:a0::8
2026-09-04T05:10:11Z ERR failed to run the datagram handler error="context canceled" connIndex=0 event=0 ip=2606:4700:a0::8
2026-09-04T05:10:11Z ERR failed to serve tunnel connection error="control stream encountered a failure while serving" connIndex=0 event=0 ip=2606:4700:a0::8
2026-09-04T05:10:11Z ERR Serve tunnel error error="control stream encountered a failure while serving" connIndex=0 event=0 ip=2606:4700:a0::8
2026-09-04T05:10:11Z INF Retrying connection in up to 1m4s connIndex=0 event=0 ip=2606:4700:a0::8
2026-09-04T05:10:12Z INF Tunnel connection curve preferences: [X25519MLKEM768 CurveID(65074) CurveP256] connIndex=0 event=0 ip=2606:4700:a0::8
2026-09-04T05:10:12Z ERR failed to run the datagram handler error="context canceled" connIndex=0 event=0 ip=2606:4700:a0::8
2026-09-04T05:10:12Z ERR failed to serve tunnel connection error="control stream encountered a failure while serving" connIndex=0 event=0 ip=2606:4700:a0::8
2026-09-04T05:10:12Z ERR Serve tunnel error error="control stream encountered a failure while serving" connIndex=0 event=0 ip=2606:4700:a0::8
2026-09-04T05:10:12Z INF Retrying connection in up to 1m4s connIndex=0 event=0 ip=2606:4700:a0::8
2026-09-04T05:10:30Z INF Tunnel connection curve preferences: [X25519MLKEM768 CurveID(65074) CurveP256] connIndex=0 event=0 ip=2606:4700:a0::8
2026-09-04T05:10:30Z ERR failed to run the datagram handler error="context canceled" connIndex=0 event=0 ip=2606:4700:a0::8
2026-09-04T05:10:30Z ERR failed to serve tunnel connection error="control stream encountered a failure while serving" connIndex=0 event=0 ip=2606:4700:a0::8
2026-09-04T05:10:30Z ERR Serve tunnel error error="control stream encountered a failure while serving" connIndex=0 event=0 ip=2606:4700:a0::8
2026-09-04T05:10:30Z INF Retrying connection in up to 1m4s connIndex=0 event=0 ip=2606:4700:a0::8
2026-09-04T05:10:39Z INF Tunnel connection curve preferences: [X25519MLKEM768 CurveID(65074) CurveP256] connIndex=0 event=0 ip=2606:4700:a0::8
2026-09-04T05:10:39Z ERR failed to run the datagram handler error="context canceled" connIndex=0 event=0 ip=2606:4700:a0::8
2026-09-04T05:10:39Z ERR failed to serve tunnel connection error="control stream encountered a failure while serving" connIndex=0 event=0 ip=2606:4700:a0::8
2026-09-04T05:10:39Z ERR Serve tunnel error error="control stream encountered a failure while serving" connIndex=0 event=0 ip=2606:4700:a0::8
2026-09-04T05:10:39Z INF Retrying connection in up to 1m4s connIndex=0 event=0 ip=2606:4700:a0::8
2026-09-04T05:10:46Z INF Tunnel connection curve preferences: [X25519MLKEM768 CurveID(65074) CurveP256] connIndex=0 event=0 ip=2606:4700:a0::8
2026-09-04T05:10:47Z ERR failed to run the datagram handler error="context canceled" connIndex=0 event=0 ip=2606:4700:a0::8
2026-09-04T05:10:47Z ERR failed to serve tunnel connection error="control stream encountered a failure while serving" connIndex=0 event=0 ip=2606:4700:a0::8
2026-09-04T05:10:47Z ERR Serve tunnel error error="control stream encountered a failure while serving" connIndex=0 event=0 ip=2606:4700:a0::8
2026-09-04T05:10:47Z INF Retrying connection in up to 1m4s connIndex=0 event=0 ip=2606:4700:a0::8
2026-09-04T05:11:13Z INF Tunnel connection curve preferences: [X25519MLKEM768 CurveID(65074) CurveP256] connIndex=0 event=0 ip=2606:4700:a0::8
2026-09-04T05:11:13Z ERR failed to run the datagram handler error="context canceled" connIndex=0 event=0 ip=2606:4700:a0::8
2026-09-04T05:11:13Z ERR failed to serve tunnel connection error="control stream encountered a failure while serving" connIndex=0 event=0 ip=2606:4700:a0::8
2026-09-04T05:11:13Z ERR Serve tunnel error error="control stream encountered a failure while serving" connIndex=0 event=0 ip=2606:4700:a0::8
2026-09-04T05:11:13Z INF Retrying connection in up to 1m4s connIndex=0 event=0 ip=2606:4700:a0::8
2026-09-04T05:11:20Z INF Tunnel connection curve preferences: [X25519MLKEM768 CurveID(65074) CurveP256] connIndex=0 event=0 ip=2606:4700:a0::8
2026-09-04T05:11:20Z ERR failed to run the datagram handler error="context canceled" connIndex=0 event=0 ip=2606:4700:a0::8
2026-09-04T05:11:20Z ERR failed to serve tunnel connection error="control stream encountered a failure while serving" connIndex=0 event=0 ip=2606:4700:a0::8
2026-09-04T05:11:20Z ERR Serve tunnel error error="control stream encountered a failure while serving" connIndex=0 event=0 ip=2606:4700:a0::8
2026-09-04T05:11:20Z INF Retrying connection in up to 1m4s connIndex=0 event=0 ip=2606:4700:a0::8
2026-09-04T05:11:40Z INF Tunnel connection curve preferences: [X25519MLKEM768 CurveID(65074) CurveP256] connIndex=0 event=0 ip=2606:4700:a0::8
2026-09-04T05:11:40Z ERR failed to run the datagram handler error="context canceled" connIndex=0 event=0 ip=2606:4700:a0::8
2026-09-04T05:11:40Z ERR failed to serve tunnel connection error="control stream encountered a failure while serving" connIndex=0 event=0 ip=2606:4700:a0::8
2026-09-04T05:11:40Z ERR Serve tunnel error error="control stream encountered a failure while serving" connIndex=0 event=0 ip=2606:4700:a0::8
2026-09-04T05:11:40Z INF Retrying connection in up to 1m4s connIndex=0 event=0 ip=2606:4700:a0::8
2026-09-04T05:11:48Z INF Tunnel connection curve preferences: [X25519MLKEM768 CurveID(65074) CurveP256] connIndex=0 event=0 ip=2606:4700:a0::8
2026-09-04T05:11:48Z ERR failed to run the datagram handler error="context canceled" connIndex=0 event=0 ip=2606:4700:a0::8
2026-09-04T05:11:48Z ERR failed to serve tunnel connection error="control stream encountered a failure while serving" connIndex=0 event=0 ip=2606:4700:a0::8
2026-09-04T05:11:48Z ERR Serve tunnel error error="control stream encountered a failure while serving" connIndex=0 event=0 ip=2606:4700:a0::8
2026-09-04T05:11:48Z INF Retrying connection in up to 1m4s connIndex=0 event=0 ip=2606:4700:a0::8
2026-09-04T05:12:11Z INF Tunnel connection curve preferences: [X25519MLKEM768 CurveID(65074) CurveP256] connIndex=0 event=0 ip=2606:4700:a0::8
2026-09-04T05:12:11Z ERR failed to run the datagram handler error="context canceled" connIndex=0 event=0 ip=2606:4700:a0::8
2026-09-04T05:12:11Z ERR failed to serve tunnel connection error="control stream encountered a failure while serving" connIndex=0 event=0 ip=2606:4700:a0::8
2026-09-04T05:12:11Z ERR Serve tunnel error error="control stream encountered a failure while serving" connIndex=0 event=0 ip=2606:4700:a0::8
2026-09-04T05:12:11Z INF Retrying connection in up to 1m4s connIndex=0 event=0 ip=2606:4700:a0::8
2026-09-04T05:12:39Z INF Tunnel connection curve preferences: [X25519MLKEM768 CurveID(65074) CurveP256] connIndex=0 event=0 ip=2606:4700:a0::8
2026-09-04T05:12:39Z ERR failed to run the datagram handler error="context canceled" connIndex=0 event=0 ip=2606:4700:a0::8
2026-09-04T05:12:39Z ERR failed to serve tunnel connection error="control stream encountered a failure while serving" connIndex=0 event=0 ip=2606:4700:a0::8
2026-09-04T05:12:39Z ERR Serve tunnel error error="control stream encountered a failure while serving" connIndex=0 event=0 ip=2606:4700:a0::8
2026-09-04T05:12:39Z INF Retrying connection in up to 1m4s connIndex=0 event=0 ip=2606:4700:a0::8
2026-09-04T05:12:57Z INF Tunnel connection curve preferences: [X25519MLKEM768 CurveID(65074) CurveP256] connIndex=0 event=0 ip=2606:4700:a0::8
2026-09-04T05:12:58Z ERR failed to run the datagram handler error="context canceled" connIndex=0 event=0 ip=2606:4700:a0::8
2026-09-04T05:12:58Z ERR failed to serve tunnel connection error="control stream encountered a failure while serving" connIndex=0 event=0 ip=2606:4700:a0::8
2026-09-04T05:12:58Z ERR Serve tunnel error error="control stream encountered a failure while serving" connIndex=0 event=0 ip=2606:4700:a0::8
2026-09-04T05:12:58Z INF Retrying connection in up to 1m4s connIndex=0 event=0 ip=2606:4700:a0::8
2026-09-04T05:13:08Z INF Tunnel connection curve preferences: [X25519MLKEM768 CurveID(65074) CurveP256] connIndex=0 event=0 ip=2606:4700:a0::8
2026-09-04T05:13:09Z ERR failed to run the datagram handler error="context canceled" connIndex=0 event=0 ip=2606:4700:a0::8
2026-09-04T05:13:09Z ERR failed to serve tunnel connection error="control stream encountered a failure while serving" connIndex=0 event=0 ip=2606:4700:a0::8
2026-09-04T05:13:09Z ERR Serve tunnel error error="control stream encountered a failure while serving" connIndex=0 event=0 ip=2606:4700:a0::8
2026-09-04T05:13:09Z INF Retrying connection in up to 1m4s connIndex=0 event=0 ip=2606:4700:a0::8
2026-09-04T05:13:16Z INF Tunnel connection curve preferences: [X25519MLKEM768 CurveID(65074) CurveP256] connIndex=0 event=0 ip=2606:4700:a0::8
2026-09-04T05:13:16Z ERR failed to run the datagram handler error="context canceled" connIndex=0 event=0 ip=2606:4700:a0::8
2026-09-04T05:13:16Z ERR failed to serve tunnel connection error="control stream encountered a failure while serving" connIndex=0 event=0 ip=2606:4700:a0::8
2026-09-04T05:13:16Z ERR Serve tunnel error error="control stream encountered a failure while serving" connIndex=0 event=0 ip=2606:4700:a0::8
2026-09-04T05:13:16Z INF Retrying connection in up to 1m4s connIndex=0 event=0 ip=2606:4700:a0::8
2026-09-04T05:13:32Z INF Tunnel connection curve preferences: [X25519MLKEM768 CurveID(65074) CurveP256] connIndex=0 event=0 ip=2606:4700:a0::8
2026-09-04T05:13:32Z ERR failed to run the datagram handler error="context canceled" connIndex=0 event=0 ip=2606:4700:a0::8
2026-09-04T05:13:32Z ERR failed to serve tunnel connection error="control stream encountered a failure while serving" connIndex=0 event=0 ip=2606:4700:a0::8
2026-09-04T05:13:32Z ERR Serve tunnel error error="control stream encountered a failure while serving" connIndex=0 event=0 ip=2606:4700:a0::8
2026-09-04T05:13:32Z INF Retrying connection in up to 1m4s connIndex=0 event=0 ip=2606:4700:a0::8
2026-09-04T05:13:56Z INF Tunnel connection curve preferences: [X25519MLKEM768 CurveID(65074) CurveP256] connIndex=0 event=0 ip=2606:4700:a0::8
2026-09-04T05:13:56Z ERR failed to run the datagram handler error="context canceled" connIndex=0 event=0 ip=2606:4700:a0::8
2026-09-04T05:13:56Z ERR failed to serve tunnel connection error="control stream encountered a failure while serving" connIndex=0 event=0 ip=2606:4700:a0::8
2026-09-04T05:13:56Z ERR Serve tunnel error error="control stream encountered a failure while serving" connIndex=0 event=0 ip=2606:4700:a0::8
2026-09-04T05:13:56Z INF Retrying connection in up to 1m4s connIndex=0 event=0 ip=2606:4700:a0::8
2026-09-04T05:14:01Z INF Tunnel connection curve preferences: [X25519MLKEM768 CurveID(65074) CurveP256] connIndex=0 event=0 ip=2606:4700:a0::8
2026-09-04T05:14:01Z ERR failed to run the datagram handler error="context canceled" connIndex=0 event=0 ip=2606:4700:a0::8
2026-09-04T05:14:01Z ERR failed to serve tunnel connection error="control stream encountered a failure while serving" connIndex=0 event=0 ip=2606:4700:a0::8
2026-09-04T05:14:01Z ERR Serve tunnel error error="control stream encountered a failure while serving" connIndex=0 event=0 ip=2606:4700:a0::8
2026-09-04T05:14:01Z INF Retrying connection in up to 1m4s connIndex=0 event=0 ip=2606:4700:a0::8
2026-09-04T05:14:04Z INF Tunnel connection curve preferences: [X25519MLKEM768 CurveID(65074) CurveP256] connIndex=0 event=0 ip=2606:4700:a0::8
2026-09-04T05:14:04Z ERR failed to run the datagram handler error="context canceled" connIndex=0 event=0 ip=2606:4700:a0::8
2026-09-04T05:14:04Z ERR failed to serve tunnel connection error="control stream encountered a failure while serving" connIndex=0 event=0 ip=2606:4700:a0::8
2026-09-04T05:14:04Z ERR Serve tunnel error error="control stream encountered a failure while serving" connIndex=0 event=0 ip=2606:4700:a0::8
2026-09-04T05:14:04Z INF Retrying connection in up to 1m4s connIndex=0 event=0 ip=2606:4700:a0::8
2026-09-04T05:14:25Z INF Tunnel connection curve preferences: [X25519MLKEM768 CurveID(65074) CurveP256] connIndex=0 event=0 ip=2606:4700:a0::8
2026-09-04T05:14:25Z ERR failed to run the datagram handler error="context canceled" connIndex=0 event=0 ip=2606:4700:a0::8
2026-09-04T05:14:25Z ERR failed to serve tunnel connection error="control stream encountered a failure while serving" connIndex=0 event=0 ip=2606:4700:a0::8
2026-09-04T05:14:25Z ERR Serve tunnel error error="control stream encountered a failure while serving" connIndex=0 event=0 ip=2606:4700:a0::8
2026-09-04T05:14:25Z INF Retrying connection in up to 1m4s connIndex=0 event=0 ip=2606:4700:a0::8
2026-09-04T05:14:37Z INF Tunnel connection curve preferences: [X25519MLKEM768 CurveID(65074) CurveP256] connIndex=0 event=0 ip=2606:4700:a0::8
2026-09-04T05:14:37Z ERR failed to run the datagram handler error="context canceled" connIndex=0 event=0 ip=2606:4700:a0::8
2026-09-04T05:14:37Z ERR failed to serve tunnel connection error="control stream encountered a failure while serving" connIndex=0 event=0 ip=2606:4700:a0::8
2026-09-04T05:14:37Z ERR Serve tunnel error error="control stream encountered a failure while serving" connIndex=0 event=0 ip=2606:4700:a0::8
2026-09-04T05:14:37Z INF Retrying connection in up to 1m4s connIndex=0 event=0 ip=2606:4700:a0::8
2026-09-04T05:14:42Z INF Tunnel connection curve preferences: [X25519MLKEM768 CurveID(65074) CurveP256] connIndex=0 event=0 ip=2606:4700:a0::8
2026-09-04T05:14:42Z ERR failed to run the datagram handler error="context canceled" connIndex=0 event=0 ip=2606:4700:a0::8
2026-09-04T05:14:42Z ERR failed to serve tunnel connection error="control stream encountered a failure while serving" connIndex=0 event=0 ip=2606:4700:a0::8
2026-09-04T05:14:42Z ERR Serve tunnel error error="control stream encountered a failure while serving" connIndex=0 event=0 ip=2606:4700:a0::8
2026-09-04T05:14:42Z INF Retrying connection in up to 1m4s connIndex=0 event=0 ip=2606:4700:a0::8
2026-09-04T05:14:43Z INF Tunnel connection curve preferences: [X25519MLKEM768 CurveID(65074) CurveP256] connIndex=0 event=0 ip=2606:4700:a0::8
2026-09-04T05:14:43Z ERR failed to run the datagram handler error="context canceled" connIndex=0 event=0 ip=2606:4700:a0::8
2026-09-04T05:14:43Z ERR failed to serve tunnel connection error="control stream encountered a failure while serving" connIndex=0 event=0 ip=2606:4700:a0::8
2026-09-04T05:14:43Z ERR Serve tunnel error error="control stream encountered a failure while serving" connIndex=0 event=0 ip=2606:4700:a0::8
2026-09-04T05:14:43Z INF Retrying connection in up to 1m4s connIndex=0 event=0 ip=2606:4700:a0::8
2026-09-04T05:15:15Z INF Tunnel connection curve preferences: [X25519MLKEM768 CurveID(65074) CurveP256] connIndex=0 event=0 ip=2606:4700:a0::8
2026-09-04T05:15:15Z ERR failed to run the datagram handler error="context canceled" connIndex=0 event=0 ip=2606:4700:a0::8
2026-09-04T05:15:15Z ERR failed to serve tunnel connection error="control stream encountered a failure while serving" connIndex=0 event=0 ip=2606:4700:a0::8
2026-09-04T05:15:15Z ERR Serve tunnel error error="control stream encountered a failure while serving" connIndex=0 event=0 ip=2606:4700:a0::8
2026-09-04T05:15:15Z INF Retrying connection in up to 1m4s connIndex=0 event=0 ip=2606:4700:a0::8
2026-09-04T05:15:21Z INF Tunnel connection curve preferences: [X25519MLKEM768 CurveID(65074) CurveP256] connIndex=0 event=0 ip=2606:4700:a0::8
2026-09-04T05:15:21Z ERR failed to run the datagram handler error="context canceled" connIndex=0 event=0 ip=2606:4700:a0::8
2026-09-04T05:15:21Z ERR failed to serve tunnel connection error="control stream encountered a failure while serving" connIndex=0 event=0 ip=2606:4700:a0::8
2026-09-04T05:15:21Z ERR Serve tunnel error error="control stream encountered a failure while serving" connIndex=0 event=0 ip=2606:4700:a0::8
2026-09-04T05:15:21Z INF Retrying connection in up to 1m4s connIndex=0 event=0 ip=2606:4700:a0::8
2026-09-04T05:15:26Z INF Tunnel connection curve preferences: [X25519MLKEM768 CurveID(65074) CurveP256] connIndex=0 event=0 ip=2606:4700:a0::8
2026-09-04T05:15:26Z ERR failed to run the datagram handler error="context canceled" connIndex=0 event=0 ip=2606:4700:a0::8
2026-09-04T05:15:26Z ERR failed to serve tunnel connection error="control stream encountered a failure while serving" connIndex=0 event=0 ip=2606:4700:a0::8
2026-09-04T05:15:26Z ERR Serve tunnel error error="control stream encountered a failure while serving" connIndex=0 event=0 ip=2606:4700:a0::8
2026-09-04T05:15:26Z INF Retrying connection in up to 1m4s connIndex=0 event=0 ip=2606:4700:a0::8
2026-09-04T05:15:44Z INF Tunnel connection curve preferences: [X25519MLKEM768 CurveID(65074) CurveP256] connIndex=0 event=0 ip=2606:4700:a0::8
2026-09-04T05:15:44Z ERR failed to run the datagram handler error="context canceled" connIndex=0 event=0 ip=2606:4700:a0::8
2026-09-04T05:15:44Z ERR failed to serve tunnel connection error="control stream encountered a failure while serving" connIndex=0 event=0 ip=2606:4700:a0::8
2026-09-04T05:15:44Z ERR Serve tunnel error error="control stream encountered a failure while serving" connIndex=0 event=0 ip=2606:4700:a0::8
2026-09-04T05:15:44Z INF Retrying connection in up to 1m4s connIndex=0 event=0 ip=2606:4700:a0::8
2026-09-04T05:16:11Z INF Tunnel connection curve preferences: [X25519MLKEM768 CurveID(65074) CurveP256] connIndex=0 event=0 ip=2606:4700:a0::8
2026-09-04T05:16:11Z ERR failed to run the datagram handler error="context canceled" connIndex=0 event=0 ip=2606:4700:a0::8
2026-09-04T05:16:11Z ERR failed to serve tunnel connection error="control stream encountered a failure while serving" connIndex=0 event=0 ip=2606:4700:a0::8
2026-09-04T05:16:11Z ERR Serve tunnel error error="control stream encountered a failure while serving" connIndex=0 event=0 ip=2606:4700:a0::8
2026-09-04T05:16:11Z INF Retrying connection in up to 1m4s connIndex=0 event=0 ip=2606:4700:a0::8
2026-09-04T05:16:39Z INF Tunnel connection curve preferences: [X25519MLKEM768 CurveID(65074) CurveP256] connIndex=0 event=0 ip=2606:4700:a0::8
2026-09-04T05:16:39Z ERR failed to run the datagram handler error="context canceled" connIndex=0 event=0 ip=2606:4700:a0::8
2026-09-04T05:16:39Z ERR failed to serve tunnel connection error="control stream encountered a failure while serving" connIndex=0 event=0 ip=2606:4700:a0::8
2026-09-04T05:16:39Z ERR Serve tunnel error error="control stream encountered a failure while serving" connIndex=0 event=0 ip=2606:4700:a0::8
2026-09-04T05:16:39Z INF Retrying connection in up to 1m4s connIndex=0 event=0 ip=2606:4700:a0::8
2026-09-04T05:16:43Z INF Tunnel connection curve preferences: [X25519MLKEM768 CurveID(65074) CurveP256] connIndex=0 event=0 ip=2606:4700:a0::8
2026-09-04T05:16:44Z ERR failed to run the datagram handler error="context canceled" connIndex=0 event=0 ip=2606:4700:a0::8
2026-09-04T05:16:44Z ERR failed to serve tunnel connection error="control stream encountered a failure while serving" connIndex=0 event=0 ip=2606:4700:a0::8
2026-09-04T05:16:44Z ERR Serve tunnel error error="control stream encountered a failure while serving" connIndex=0 event=0 ip=2606:4700:a0::8
2026-09-04T05:16:44Z INF Retrying connection in up to 1m4s connIndex=0 event=0 ip=2606:4700:a0::8
2026-09-04T05:16:58Z INF Tunnel connection curve preferences: [X25519MLKEM768 CurveID(65074) CurveP256] connIndex=0 event=0 ip=2606:4700:a0::8
2026-09-04T05:16:58Z ERR failed to run the datagram handler error="context canceled" connIndex=0 event=0 ip=2606:4700:a0::8
2026-09-04T05:16:58Z ERR failed to serve tunnel connection error="control stream encountered a failure while serving" connIndex=0 event=0 ip=2606:4700:a0::8
2026-09-04T05:16:58Z ERR Serve tunnel error error="control stream encountered a failure while serving" connIndex=0 event=0 ip=2606:4700:a0::8
2026-09-04T05:16:58Z INF Retrying connection in up to 1m4s connIndex=0 event=0 ip=2606:4700:a0::8
2026-09-04T05:17:25Z INF Tunnel connection curve preferences: [X25519MLKEM768 CurveID(65074) CurveP256] connIndex=0 event=0 ip=2606:4700:a0::8
2026-09-04T05:17:25Z ERR failed to run the datagram handler error="context canceled" connIndex=0 event=0 ip=2606:4700:a0::8
2026-09-04T05:17:25Z ERR failed to serve tunnel connection error="control stream encountered a failure while serving" connIndex=0 event=0 ip=2606:4700:a0::8
2026-09-04T05:17:25Z ERR Serve tunnel error error="control stream encountered a failure while serving" connIndex=0 event=0 ip=2606:4700:a0::8
2026-09-04T05:17:25Z INF Retrying connection in up to 1m4s connIndex=0 event=0 ip=2606:4700:a0::8
2026-09-04T05:17:40Z INF Tunnel connection curve preferences: [X25519MLKEM768 CurveID(65074) CurveP256] connIndex=0 event=0 ip=2606:4700:a0::8
2026-09-04T05:17:40Z ERR failed to run the datagram handler error="context canceled" connIndex=0 event=0 ip=2606:4700:a0::8
2026-09-04T05:17:40Z ERR failed to serve tunnel connection error="control stream encountered a failure while serving" connIndex=0 event=0 ip=2606:4700:a0::8
2026-09-04T05:17:40Z ERR Serve tunnel error error="control stream encountered a failure while serving" connIndex=0 event=0 ip=2606:4700:a0::8
2026-09-04T05:17:40Z INF Retrying connection in up to 1m4s connIndex=0 event=0 ip=2606:4700:a0::8
2026-09-04T05:18:06Z INF Tunnel connection curve preferences: [X25519MLKEM768 CurveID(65074) CurveP256] connIndex=0 event=0 ip=2606:4700:a0::8
2026-09-04T05:18:06Z ERR failed to run the datagram handler error="context canceled" connIndex=0 event=0 ip=2606:4700:a0::8
2026-09-04T05:18:06Z ERR failed to serve tunnel connection error="control stream encountered a failure while serving" connIndex=0 event=0 ip=2606:4700:a0::8
2026-09-04T05:18:06Z ERR Serve tunnel error error="control stream encountered a failure while serving" connIndex=0 event=0 ip=2606:4700:a0::8
2026-09-04T05:18:06Z INF Retrying connection in up to 1m4s connIndex=0 event=0 ip=2606:4700:a0::8
2026-09-04T05:18:32Z INF Tunnel connection curve preferences: [X25519MLKEM768 CurveID(65074) CurveP256] connIndex=0 event=0 ip=2606:4700:a0::8
2026-09-04T05:18:32Z ERR failed to run the datagram handler error="context canceled" connIndex=0 event=0 ip=2606:4700:a0::8
2026-09-04T05:18:32Z ERR failed to serve tunnel connection error="control stream encountered a failure while serving" connIndex=0 event=0 ip=2606:4700:a0::8
2026-09-04T05:18:32Z ERR Serve tunnel error error="control stream encountered a failure while serving" connIndex=0 event=0 ip=2606:4700:a0::8
2026-09-04T05:18:32Z INF Retrying connection in up to 1m4s connIndex=0 event=0 ip=2606:4700:a0::8
2026-09-04T05:18:41Z INF Tunnel connection curve preferences: [X25519MLKEM768 CurveID(65074) CurveP256] connIndex=0 event=0 ip=2606:4700:a0::8
2026-09-04T05:18:41Z ERR failed to run the datagram handler error="context canceled" connIndex=0 event=0 ip=2606:4700:a0::8
2026-09-04T05:18:41Z ERR failed to serve tunnel connection error="control stream encountered a failure while serving" connIndex=0 event=0 ip=2606:4700:a0::8
2026-09-04T05:18:41Z ERR Serve tunnel error error="control stream encountered a failure while serving" connIndex=0 event=0 ip=2606:4700:a0::8
2026-09-04T05:18:41Z INF Retrying connection in up to 1m4s connIndex=0 event=0 ip=2606:4700:a0::8
2026-09-04T05:18:54Z INF Tunnel connection curve preferences: [X25519MLKEM768 CurveID(65074) CurveP256] connIndex=0 event=0 ip=2606:4700:a0::8
2026-09-04T05:18:54Z ERR failed to run the datagram handler error="context canceled" connIndex=0 event=0 ip=2606:4700:a0::8
2026-09-04T05:18:54Z ERR failed to serve tunnel connection error="control stream encountered a failure while serving" connIndex=0 event=0 ip=2606:4700:a0::8
2026-09-04T05:18:54Z ERR Serve tunnel error error="control stream encountered a failure while serving" connIndex=0 event=0 ip=2606:4700:a0::8
2026-09-04T05:18:54Z INF Retrying connection in up to 1m4s connIndex=0 event=0 ip=2606:4700:a0::8
2026-09-04T05:19:11Z INF Tunnel connection curve preferences: [X25519MLKEM768 CurveID(65074) CurveP256] connIndex=0 event=0 ip=2606:4700:a0::8
2026-09-04T05:19:11Z ERR failed to run the datagram handler error="context canceled" connIndex=0 event=0 ip=2606:4700:a0::8
2026-09-04T05:19:11Z ERR failed to serve tunnel connection error="control stream encountered a failure while serving" connIndex=0 event=0 ip=2606:4700:a0::8
2026-09-04T05:19:11Z ERR Serve tunnel error error="control stream encountered a failure while serving" connIndex=0 event=0 ip=2606:4700:a0::8
2026-09-04T05:19:11Z INF Retrying connection in up to 1m4s connIndex=0 event=0 ip=2606:4700:a0::8
2026-09-04T05:19:22Z INF Tunnel connection curve preferences: [X25519MLKEM768 CurveID(65074) CurveP256] connIndex=0 event=0 ip=2606:4700:a0::8
2026-09-04T05:19:22Z ERR failed to run the datagram handler error="context canceled" connIndex=0 event=0 ip=2606:4700:a0::8
2026-09-04T05:19:22Z ERR failed to serve tunnel connection error="control stream encountered a failure while serving" connIndex=0 event=0 ip=2606:4700:a0::8
2026-09-04T05:19:22Z ERR Serve tunnel error error="control stream encountered a failure while serving" connIndex=0 event=0 ip=2606:4700:a0::8
2026-09-04T05:19:22Z INF Retrying connection in up to 1m4s connIndex=0 event=0 ip=2606:4700:a0::8
2026-09-04T05:19:27Z INF Tunnel connection curve preferences: [X25519MLKEM768 CurveID(65074) CurveP256] connIndex=0 event=0 ip=2606:4700:a0::8
2026-09-04T05:19:27Z ERR failed to run the datagram handler error="context canceled" connIndex=0 event=0 ip=2606:4700:a0::8
2026-09-04T05:19:27Z ERR failed to serve tunnel connection error="control stream encountered a failure while serving" connIndex=0 event=0 ip=2606:4700:a0::8
2026-09-04T05:19:27Z ERR Serve tunnel error error="control stream encountered a failure while serving" connIndex=0 event=0 ip=2606:4700:a0::8
2026-09-04T05:19:27Z INF Retrying connection in up to 1m4s connIndex=0 event=0 ip=2606:4700:a0::8
2026-09-04T05:19:40Z INF Tunnel connection curve preferences: [X25519MLKEM768 CurveID(65074) CurveP256] connIndex=0 event=0 ip=2606:4700:a0::8
2026-09-04T05:19:40Z ERR failed to run the datagram handler error="context canceled" connIndex=0 event=0 ip=2606:4700:a0::8
2026-09-04T05:19:40Z ERR failed to serve tunnel connection error="control stream encountered a failure while serving" connIndex=0 event=0 ip=2606:4700:a0::8
2026-09-04T05:19:40Z ERR Serve tunnel error error="control stream encountered a failure while serving" connIndex=0 event=0 ip=2606:4700:a0::8
2026-09-04T05:19:40Z INF Retrying connection in up to 1m4s connIndex=0 event=0 ip=2606:4700:a0::8
2026-09-04T05:19:52Z INF Tunnel connection curve preferences: [X25519MLKEM768 CurveID(65074) CurveP256] connIndex=0 event=0 ip=2606:4700:a0::8
2026-09-04T05:19:52Z ERR failed to run the datagram handler error="context canceled" connIndex=0 event=0 ip=2606:4700:a0::8
2026-09-04T05:19:52Z ERR failed to serve tunnel connection error="control stream encountered a failure while serving" connIndex=0 event=0 ip=2606:4700:a0::8
2026-09-04T05:19:52Z ERR Serve tunnel error error="control stream encountered a failure while serving" connIndex=0 event=0 ip=2606:4700:a0::8
2026-09-04T05:19:52Z INF Retrying connection in up to 1m4s connIndex=0 event=0 ip=2606:4700:a0::8
2026-09-04T05:20:15Z INF Tunnel connection curve preferences: [X25519MLKEM768 CurveID(65074) CurveP256] connIndex=0 event=0 ip=2606:4700:a0::8
2026-09-04T05:20:15Z ERR failed to run the datagram handler error="context canceled" connIndex=0 event=0 ip=2606:4700:a0::8
2026-09-04T05:20:15Z ERR failed to serve tunnel connection error="control stream encountered a failure while serving" connIndex=0 event=0 ip=2606:4700:a0::8
2026-09-04T05:20:15Z ERR Serve tunnel error error="control stream encountered a failure while serving" connIndex=0 event=0 ip=2606:4700:a0::8
2026-09-04T05:20:15Z INF Retrying connection in up to 1m4s connIndex=0 event=0 ip=2606:4700:a0::8
2026-09-04T05:20:20Z INF Tunnel connection curve preferences: [X25519MLKEM768 CurveID(65074) CurveP256] connIndex=0 event=0 ip=2606:4700:a0::8
2026-09-04T05:20:21Z ERR failed to run the datagram handler error="context canceled" connIndex=0 event=0 ip=2606:4700:a0::8
2026-09-04T05:20:21Z ERR failed to serve tunnel connection error="control stream encountered a failure while serving" connIndex=0 event=0 ip=2606:4700:a0::8
2026-09-04T05:20:21Z ERR Serve tunnel error error="control stream encountered a failure while serving" connIndex=0 event=0 ip=2606:4700:a0::8
2026-09-04T05:20:21Z INF Retrying connection in up to 1m4s connIndex=0 event=0 ip=2606:4700:a0::8
2026-09-04T05:20:25Z INF Tunnel connection curve preferences: [X25519MLKEM768 CurveID(65074) CurveP256] connIndex=0 event=0 ip=2606:4700:a0::8
2026-09-04T05:20:26Z ERR failed to run the datagram handler error="context canceled" connIndex=0 event=0 ip=2606:4700:a0::8
2026-09-04T05:20:26Z ERR failed to serve tunnel connection error="control stream encountered a failure while serving" connIndex=0 event=0 ip=2606:4700:a0::8
2026-09-04T05:20:26Z ERR Serve tunnel error error="control stream encountered a failure while serving" connIndex=0 event=0 ip=2606:4700:a0::8
2026-09-04T05:20:26Z INF Retrying connection in up to 1m4s connIndex=0 event=0 ip=2606:4700:a0::8
2026-09-04T05:20:46Z INF Tunnel connection curve preferences: [X25519MLKEM768 CurveID(65074) CurveP256] connIndex=0 event=0 ip=2606:4700:a0::8
2026-09-04T05:20:46Z ERR failed to run the datagram handler error="context canceled" connIndex=0 event=0 ip=2606:4700:a0::8
2026-09-04T05:20:46Z ERR failed to serve tunnel connection error="control stream encountered a failure while serving" connIndex=0 event=0 ip=2606:4700:a0::8
2026-09-04T05:20:46Z ERR Serve tunnel error error="control stream encountered a failure while serving" connIndex=0 event=0 ip=2606:4700:a0::8
2026-09-04T05:20:46Z INF Retrying connection in up to 1m4s connIndex=0 event=0 ip=2606:4700:a0::8
2026-09-04T05:21:18Z INF Tunnel connection curve preferences: [X25519MLKEM768 CurveID(65074) CurveP256] connIndex=0 event=0 ip=2606:4700:a0::8
2026-09-04T05:21:18Z ERR failed to run the datagram handler error="context canceled" connIndex=0 event=0 ip=2606:4700:a0::8
2026-09-04T05:21:18Z ERR failed to serve tunnel connection error="control stream encountered a failure while serving" connIndex=0 event=0 ip=2606:4700:a0::8
2026-09-04T05:21:18Z ERR Serve tunnel error error="control stream encountered a failure while serving" connIndex=0 event=0 ip=2606:4700:a0::8
2026-09-04T05:21:18Z INF Retrying connection in up to 1m4s connIndex=0 event=0 ip=2606:4700:a0::8
2026-09-04T05:21:33Z INF Tunnel connection curve preferences: [X25519MLKEM768 CurveID(65074) CurveP256] connIndex=0 event=0 ip=2606:4700:a0::8
2026-09-04T05:21:33Z ERR failed to run the datagram handler error="context canceled" connIndex=0 event=0 ip=2606:4700:a0::8
2026-09-04T05:21:33Z ERR failed to serve tunnel connection error="control stream encountered a failure while serving" connIndex=0 event=0 ip=2606:4700:a0::8
2026-09-04T05:21:33Z ERR Serve tunnel error error="control stream encountered a failure while serving" connIndex=0 event=0 ip=2606:4700:a0::8
2026-09-04T05:21:33Z INF Retrying connection in up to 1m4s connIndex=0 event=0 ip=2606:4700:a0::8
2026-09-04T05:21:49Z INF Tunnel connection curve preferences: [X25519MLKEM768 CurveID(65074) CurveP256] connIndex=0 event=0 ip=2606:4700:a0::8
2026-09-04T05:21:50Z ERR failed to run the datagram handler error="context canceled" connIndex=0 event=0 ip=2606:4700:a0::8
2026-09-04T05:21:50Z ERR failed to serve tunnel connection error="control stream encountered a failure while serving" connIndex=0 event=0 ip=2606:4700:a0::8
2026-09-04T05:21:50Z ERR Serve tunnel error error="control stream encountered a failure while serving" connIndex=0 event=0 ip=2606:4700:a0::8
2026-09-04T05:21:50Z INF Retrying connection in up to 1m4s connIndex=0 event=0 ip=2606:4700:a0::8
2026-09-04T05:22:15Z INF Tunnel connection curve preferences: [X25519MLKEM768 CurveID(65074) CurveP256] connIndex=0 event=0 ip=2606:4700:a0::8
2026-09-04T05:22:15Z ERR failed to run the datagram handler error="context canceled" connIndex=0 event=0 ip=2606:4700:a0::8
2026-09-04T05:22:15Z ERR failed to serve tunnel connection error="control stream encountered a failure while serving" connIndex=0 event=0 ip=2606:4700:a0::8
2026-09-04T05:22:15Z ERR Serve tunnel error error="control stream encountered a failure while serving" connIndex=0 event=0 ip=2606:4700:a0::8
2026-09-04T05:22:15Z INF Retrying connection in up to 1m4s connIndex=0 event=0 ip=2606:4700:a0::8
2026-09-04T05:22:23Z INF Tunnel connection curve preferences: [X25519MLKEM768 CurveID(65074) CurveP256] connIndex=0 event=0 ip=2606:4700:a0::8
2026-09-04T05:22:23Z ERR failed to run the datagram handler error="context canceled" connIndex=0 event=0 ip=2606:4700:a0::8
2026-09-04T05:22:23Z ERR failed to serve tunnel connection error="control stream encountered a failure while serving" connIndex=0 event=0 ip=2606:4700:a0::8
2026-09-04T05:22:23Z ERR Serve tunnel error error="control stream encountered a failure while serving" connIndex=0 event=0 ip=2606:4700:a0::8
2026-09-04T05:22:23Z INF Retrying connection in up to 1m4s connIndex=0 event=0 ip=2606:4700:a0::8
2026-09-04T05:22:39Z INF Tunnel connection curve preferences: [X25519MLKEM768 CurveID(65074) CurveP256] connIndex=0 event=0 ip=2606:4700:a0::8
2026-09-04T05:22:39Z ERR failed to run the datagram handler error="context canceled" connIndex=0 event=0 ip=2606:4700:a0::8
2026-09-04T05:22:39Z ERR failed to serve tunnel connection error="control stream encountered a failure while serving" connIndex=0 event=0 ip=2606:4700:a0::8
2026-09-04T05:22:39Z ERR Serve tunnel error error="control stream encountered a failure while serving" connIndex=0 event=0 ip=2606:4700:a0::8
2026-09-04T05:22:39Z INF Retrying connection in up to 1m4s connIndex=0 event=0 ip=2606:4700:a0::8
2026-09-04T05:23:04Z INF Tunnel connection curve preferences: [X25519MLKEM768 CurveID(65074) CurveP256] connIndex=0 event=0 ip=2606:4700:a0::8
2026-09-04T05:23:04Z ERR failed to run the datagram handler error="context canceled" connIndex=0 event=0 ip=2606:4700:a0::8
2026-09-04T05:23:04Z ERR failed to serve tunnel connection error="control stream encountered a failure while serving" connIndex=0 event=0 ip=2606:4700:a0::8
2026-09-04T05:23:04Z ERR Serve tunnel error error="control stream encountered a failure while serving" connIndex=0 event=0 ip=2606:4700:a0::8
2026-09-04T05:23:04Z INF Retrying connection in up to 1m4s connIndex=0 event=0 ip=2606:4700:a0::8
2026-09-04T05:23:26Z INF Tunnel connection curve preferences: [X25519MLKEM768 CurveID(65074) CurveP256] connIndex=0 event=0 ip=2606:4700:a0::8
2026-09-04T05:23:26Z ERR failed to run the datagram handler error="context canceled" connIndex=0 event=0 ip=2606:4700:a0::8
2026-09-04T05:23:26Z ERR failed to serve tunnel connection error="control stream encountered a failure while serving" connIndex=0 event=0 ip=2606:4700:a0::8
2026-09-04T05:23:26Z ERR Serve tunnel error error="control stream encountered a failure while serving" connIndex=0 event=0 ip=2606:4700:a0::8
2026-09-04T05:23:26Z INF Retrying connection in up to 1m4s connIndex=0 event=0 ip=2606:4700:a0::8
2026-09-04T05:23:32Z INF Tunnel connection curve preferences: [X25519MLKEM768 CurveID(65074) CurveP256] connIndex=0 event=0 ip=2606:4700:a0::8
2026-09-04T05:23:32Z ERR failed to run the datagram handler error="context canceled" connIndex=0 event=0 ip=2606:4700:a0::8
2026-09-04T05:23:32Z ERR failed to serve tunnel connection error="control stream encountered a failure while serving" connIndex=0 event=0 ip=2606:4700:a0::8
2026-09-04T05:23:32Z ERR Serve tunnel error error="control stream encountered a failure while serving" connIndex=0 event=0 ip=2606:4700:a0::8
2026-09-04T05:23:32Z INF Retrying connection in up to 1m4s connIndex=0 event=0 ip=2606:4700:a0::8
2026-09-04T05:23:37Z INF Tunnel connection curve preferences: [X25519MLKEM768 CurveID(65074) CurveP256] connIndex=0 event=0 ip=2606:4700:a0::8
2026-09-04T05:23:37Z ERR failed to run the datagram handler error="context canceled" connIndex=0 event=0 ip=2606:4700:a0::8
2026-09-04T05:23:37Z ERR failed to serve tunnel connection error="control stream encountered a failure while serving" connIndex=0 event=0 ip=2606:4700:a0::8
2026-09-04T05:23:37Z ERR Serve tunnel error error="control stream encountered a failure while serving" connIndex=0 event=0 ip=2606:4700:a0::8
2026-09-04T05:23:37Z INF Retrying connection in up to 1m4s connIndex=0 event=0 ip=2606:4700:a0::8
2026-09-04T05:24:08Z INF Tunnel connection curve preferences: [X25519MLKEM768 CurveID(65074) CurveP256] connIndex=0 event=0 ip=2606:4700:a0::8
2026-09-04T05:24:09Z ERR failed to run the datagram handler error="context canceled" connIndex=0 event=0 ip=2606:4700:a0::8
2026-09-04T05:24:09Z ERR failed to serve tunnel connection error="control stream encountered a failure while serving" connIndex=0 event=0 ip=2606:4700:a0::8
2026-09-04T05:24:09Z ERR Serve tunnel error error="control stream encountered a failure while serving" connIndex=0 event=0 ip=2606:4700:a0::8
2026-09-04T05:24:09Z INF Retrying connection in up to 1m4s connIndex=0 event=0 ip=2606:4700:a0::8
2026-09-04T05:24:16Z INF Tunnel connection curve preferences: [X25519MLKEM768 CurveID(65074) CurveP256] connIndex=0 event=0 ip=2606:4700:a0::8
2026-09-04T05:24:17Z ERR failed to run the datagram handler error="context canceled" connIndex=0 event=0 ip=2606:4700:a0::8
2026-09-04T05:24:17Z ERR failed to serve tunnel connection error="control stream encountered a failure while serving" connIndex=0 event=0 ip=2606:4700:a0::8
2026-09-04T05:24:17Z ERR Serve tunnel error error="control stream encountered a failure while serving" connIndex=0 event=0 ip=2606:4700:a0::8
2026-09-04T05:24:17Z INF Retrying connection in up to 1m4s connIndex=0 event=0 ip=2606:4700:a0::8
2026-09-04T05:24:24Z INF Tunnel connection curve preferences: [X25519MLKEM768 CurveID(65074) CurveP256] connIndex=0 event=0 ip=2606:4700:a0::8
2026-09-04T05:24:24Z ERR failed to run the datagram handler error="context canceled" connIndex=0 event=0 ip=2606:4700:a0::8
2026-09-04T05:24:24Z ERR failed to serve tunnel connection error="control stream encountered a failure while serving" connIndex=0 event=0 ip=2606:4700:a0::8
2026-09-04T05:24:24Z ERR Serve tunnel error error="control stream encountered a failure while serving" connIndex=0 event=0 ip=2606:4700:a0::8
2026-09-04T05:24:24Z INF Retrying connection in up to 1m4s connIndex=0 event=0 ip=2606:4700:a0::8
2026-09-04T05:24:42Z INF Tunnel connection curve preferences: [X25519MLKEM768 CurveID(65074) CurveP256] connIndex=0 event=0 ip=2606:4700:a0::8
2026-09-04T05:24:42Z ERR failed to run the datagram handler error="context canceled" connIndex=0 event=0 ip=2606:4700:a0::8
2026-09-04T05:24:42Z ERR failed to serve tunnel connection error="control stream encountered a failure while serving" connIndex=0 event=0 ip=2606:4700:a0::8
2026-09-04T05:24:42Z ERR Serve tunnel error error="control stream encountered a failure while serving" connIndex=0 event=0 ip=2606:4700:a0::8
2026-09-04T05:24:42Z INF Retrying connection in up to 1m4s connIndex=0 event=0 ip=2606:4700:a0::8
2026-09-04T05:24:45Z INF Tunnel connection curve preferences: [X25519MLKEM768 CurveID(65074) CurveP256] connIndex=0 event=0 ip=2606:4700:a0::8
2026-09-04T05:24:45Z ERR failed to run the datagram handler error="context canceled" connIndex=0 event=0 ip=2606:4700:a0::8
2026-09-04T05:24:45Z ERR failed to serve tunnel connection error="control stream encountered a failure while serving" connIndex=0 event=0 ip=2606:4700:a0::8
2026-09-04T05:24:45Z ERR Serve tunnel error error="control stream encountered a failure while serving" connIndex=0 event=0 ip=2606:4700:a0::8
2026-09-04T05:24:45Z INF Retrying connection in up to 1m4s connIndex=0 event=0 ip=2606:4700:a0::8
2026-09-04T05:24:53Z INF Tunnel connection curve preferences: [X25519MLKEM768 CurveID(65074) CurveP256] connIndex=0 event=0 ip=2606:4700:a0::8
2026-09-04T05:24:53Z ERR failed to run the datagram handler error="context canceled" connIndex=0 event=0 ip=2606:4700:a0::8
2026-09-04T05:24:53Z ERR failed to serve tunnel connection error="control stream encountered a failure while serving" connIndex=0 event=0 ip=2606:4700:a0::8
2026-09-04T05:24:53Z ERR Serve tunnel error error="control stream encountered a failure while serving" connIndex=0 event=0 ip=2606:4700:a0::8
2026-09-04T05:24:53Z INF Retrying connection in up to 1m4s connIndex=0 event=0 ip=2606:4700:a0::8
2026-09-04T05:25:19Z INF Tunnel connection curve preferences: [X25519MLKEM768 CurveID(65074) CurveP256] connIndex=0 event=0 ip=2606:4700:a0::8
2026-09-04T05:25:19Z ERR failed to run the datagram handler error="context canceled" connIndex=0 event=0 ip=2606:4700:a0::8
2026-09-04T05:25:19Z ERR failed to serve tunnel connection error="control stream encountered a failure while serving" connIndex=0 event=0 ip=2606:4700:a0::8
2026-09-04T05:25:19Z ERR Serve tunnel error error="control stream encountered a failure while serving" connIndex=0 event=0 ip=2606:4700:a0::8
2026-09-04T05:25:19Z INF Retrying connection in up to 1m4s connIndex=0 event=0 ip=2606:4700:a0::8
2026-09-04T05:25:44Z INF Tunnel connection curve preferences: [X25519MLKEM768 CurveID(65074) CurveP256] connIndex=0 event=0 ip=2606:4700:a0::8
2026-09-04T05:25:44Z ERR failed to run the datagram handler error="context canceled" connIndex=0 event=0 ip=2606:4700:a0::8
2026-09-04T05:25:44Z ERR failed to serve tunnel connection error="control stream encountered a failure while serving" connIndex=0 event=0 ip=2606:4700:a0::8
2026-09-04T05:25:44Z ERR Serve tunnel error error="control stream encountered a failure while serving" connIndex=0 event=0 ip=2606:4700:a0::8
2026-09-04T05:25:44Z INF Retrying connection in up to 1m4s connIndex=0 event=0 ip=2606:4700:a0::8
2026-09-04T05:26:06Z INF Tunnel connection curve preferences: [X25519MLKEM768 CurveID(65074) CurveP256] connIndex=0 event=0 ip=2606:4700:a0::8
2026-09-04T05:26:06Z ERR failed to run the datagram handler error="context canceled" connIndex=0 event=0 ip=2606:4700:a0::8
2026-09-04T05:26:06Z ERR failed to serve tunnel connection error="control stream encountered a failure while serving" connIndex=0 event=0 ip=2606:4700:a0::8
2026-09-04T05:26:06Z ERR Serve tunnel error error="control stream encountered a failure while serving" connIndex=0 event=0 ip=2606:4700:a0::8
2026-09-04T05:26:06Z INF Retrying connection in up to 1m4s connIndex=0 event=0 ip=2606:4700:a0::8
2026-09-04T05:26:19Z INF Tunnel connection curve preferences: [X25519MLKEM768 CurveID(65074) CurveP256] connIndex=0 event=0 ip=2606:4700:a0::8
2026-09-04T05:26:19Z ERR failed to run the datagram handler error="context canceled" connIndex=0 event=0 ip=2606:4700:a0::8
2026-09-04T05:26:19Z ERR failed to serve tunnel connection error="control stream encountered a failure while serving" connIndex=0 event=0 ip=2606:4700:a0::8
2026-09-04T05:26:19Z ERR Serve tunnel error error="control stream encountered a failure while serving" connIndex=0 event=0 ip=2606:4700:a0::8
2026-09-04T05:26:19Z INF Retrying connection in up to 1m4s connIndex=0 event=0 ip=2606:4700:a0::8
2026-09-04T05:26:38Z INF Tunnel connection curve preferences: [X25519MLKEM768 CurveID(65074) CurveP256] connIndex=0 event=0 ip=2606:4700:a0::8
2026-09-04T05:26:38Z ERR failed to run the datagram handler error="context canceled" connIndex=0 event=0 ip=2606:4700:a0::8
2026-09-04T05:26:38Z ERR failed to serve tunnel connection error="control stream encountered a failure while serving" connIndex=0 event=0 ip=2606:4700:a0::8
2026-09-04T05:26:38Z ERR Serve tunnel error error="control stream encountered a failure while serving" connIndex=0 event=0 ip=2606:4700:a0::8
2026-09-04T05:26:38Z INF Retrying connection in up to 1m4s connIndex=0 event=0 ip=2606:4700:a0::8
2026-09-04T05:26:46Z INF Tunnel connection curve preferences: [X25519MLKEM768 CurveID(65074) CurveP256] connIndex=0 event=0 ip=2606:4700:a0::8
2026-09-04T05:26:46Z ERR failed to run the datagram handler error="context canceled" connIndex=0 event=0 ip=2606:4700:a0::8
2026-09-04T05:26:46Z ERR failed to serve tunnel connection error="control stream encountered a failure while serving" connIndex=0 event=0 ip=2606:4700:a0::8
2026-09-04T05:26:46Z ERR Serve tunnel error error="control stream encountered a failure while serving" connIndex=0 event=0 ip=2606:4700:a0::8
2026-09-04T05:26:46Z INF Retrying connection in up to 1m4s connIndex=0 event=0 ip=2606:4700:a0::8
2026-09-04T05:27:09Z INF Tunnel connection curve preferences: [X25519MLKEM768 CurveID(65074) CurveP256] connIndex=0 event=0 ip=2606:4700:a0::8
2026-09-04T05:27:09Z ERR failed to run the datagram handler error="context canceled" connIndex=0 event=0 ip=2606:4700:a0::8
2026-09-04T05:27:09Z ERR failed to serve tunnel connection error="control stream encountered a failure while serving" connIndex=0 event=0 ip=2606:4700:a0::8
2026-09-04T05:27:09Z ERR Serve tunnel error error="control stream encountered a failure while serving" connIndex=0 event=0 ip=2606:4700:a0::8
2026-09-04T05:27:09Z INF Retrying connection in up to 1m4s connIndex=0 event=0 ip=2606:4700:a0::8
2026-09-04T05:27:19Z INF Tunnel connection curve preferences: [X25519MLKEM768 CurveID(65074) CurveP256] connIndex=0 event=0 ip=2606:4700:a0::8
2026-09-04T05:27:19Z ERR failed to run the datagram handler error="context canceled" connIndex=0 event=0 ip=2606:4700:a0::8
2026-09-04T05:27:19Z ERR failed to serve tunnel connection error="control stream encountered a failure while serving" connIndex=0 event=0 ip=2606:4700:a0::8
2026-09-04T05:27:19Z ERR Serve tunnel error error="control stream encountered a failure while serving" connIndex=0 event=0 ip=2606:4700:a0::8
2026-09-04T05:27:19Z INF Retrying connection in up to 1m4s connIndex=0 event=0 ip=2606:4700:a0::8
2026-09-04T05:27:23Z INF Tunnel connection curve preferences: [X25519MLKEM768 CurveID(65074) CurveP256] connIndex=0 event=0 ip=2606:4700:a0::8
2026-09-04T05:27:23Z ERR failed to run the datagram handler error="context canceled" connIndex=0 event=0 ip=2606:4700:a0::8
2026-09-04T05:27:23Z ERR failed to serve tunnel connection error="control stream encountered a failure while serving" connIndex=0 event=0 ip=2606:4700:a0::8
2026-09-04T05:27:23Z ERR Serve tunnel error error="control stream encountered a failure while serving" connIndex=0 event=0 ip=2606:4700:a0::8
2026-09-04T05:27:23Z INF Retrying connection in up to 1m4s connIndex=0 event=0 ip=2606:4700:a0::8
2026-09-04T05:27:41Z INF Tunnel connection curve preferences: [X25519MLKEM768 CurveID(65074) CurveP256] connIndex=0 event=0 ip=2606:4700:a0::8
2026-09-04T05:27:41Z ERR failed to run the datagram handler error="context canceled" connIndex=0 event=0 ip=2606:4700:a0::8
2026-09-04T05:27:41Z ERR failed to serve tunnel connection error="control stream encountered a failure while serving" connIndex=0 event=0 ip=2606:4700:a0::8
2026-09-04T05:27:41Z ERR Serve tunnel error error="control stream encountered a failure while serving" connIndex=0 event=0 ip=2606:4700:a0::8
2026-09-04T05:27:41Z INF Retrying connection in up to 1m4s connIndex=0 event=0 ip=2606:4700:a0::8
2026-09-04T05:27:57Z INF Tunnel connection curve preferences: [X25519MLKEM768 CurveID(65074) CurveP256] connIndex=0 event=0 ip=2606:4700:a0::8
2026-09-04T05:27:58Z ERR failed to run the datagram handler error="context canceled" connIndex=0 event=0 ip=2606:4700:a0::8
2026-09-04T05:27:58Z ERR failed to serve tunnel connection error="control stream encountered a failure while serving" connIndex=0 event=0 ip=2606:4700:a0::8
2026-09-04T05:27:58Z ERR Serve tunnel error error="control stream encountered a failure while serving" connIndex=0 event=0 ip=2606:4700:a0::8
2026-09-04T05:27:58Z INF Retrying connection in up to 1m4s connIndex=0 event=0 ip=2606:4700:a0::8
2026-09-04T05:28:20Z INF Tunnel connection curve preferences: [X25519MLKEM768 CurveID(65074) CurveP256] connIndex=0 event=0 ip=2606:4700:a0::8
2026-09-04T05:28:20Z ERR failed to run the datagram handler error="context canceled" connIndex=0 event=0 ip=2606:4700:a0::8
2026-09-04T05:28:20Z ERR failed to serve tunnel connection error="control stream encountered a failure while serving" connIndex=0 event=0 ip=2606:4700:a0::8
2026-09-04T05:28:20Z ERR Serve tunnel error error="control stream encountered a failure while serving" connIndex=0 event=0 ip=2606:4700:a0::8
2026-09-04T05:28:20Z INF Retrying connection in up to 1m4s connIndex=0 event=0 ip=2606:4700:a0::8
2026-09-04T05:28:44Z INF Tunnel connection curve preferences: [X25519MLKEM768 CurveID(65074) CurveP256] connIndex=0 event=0 ip=2606:4700:a0::8
2026-09-04T05:28:44Z ERR failed to run the datagram handler error="context canceled" connIndex=0 event=0 ip=2606:4700:a0::8
2026-09-04T05:28:44Z ERR failed to serve tunnel connection error="control stream encountered a failure while serving" connIndex=0 event=0 ip=2606:4700:a0::8
2026-09-04T05:28:44Z ERR Serve tunnel error error="control stream encountered a failure while serving" connIndex=0 event=0 ip=2606:4700:a0::8
2026-09-04T05:28:44Z INF Retrying connection in up to 1m4s connIndex=0 event=0 ip=2606:4700:a0::8
2026-09-04T05:29:14Z INF Tunnel connection curve preferences: [X25519MLKEM768 CurveID(65074) CurveP256] connIndex=0 event=0 ip=2606:4700:a0::8
2026-09-04T05:29:14Z ERR failed to run the datagram handler error="context canceled" connIndex=0 event=0 ip=2606:4700:a0::8
2026-09-04T05:29:14Z ERR failed to serve tunnel connection error="control stream encountered a failure while serving" connIndex=0 event=0 ip=2606:4700:a0::8
2026-09-04T05:29:14Z ERR Serve tunnel error error="control stream encountered a failure while serving" connIndex=0 event=0 ip=2606:4700:a0::8
2026-09-04T05:29:14Z INF Retrying connection in up to 1m4s connIndex=0 event=0 ip=2606:4700:a0::8
2026-09-04T05:29:36Z INF Tunnel connection curve preferences: [X25519MLKEM768 CurveID(65074) CurveP256] connIndex=0 event=0 ip=2606:4700:a0::8
2026-09-04T05:29:36Z ERR failed to run the datagram handler error="context canceled" connIndex=0 event=0 ip=2606:4700:a0::8
2026-09-04T05:29:36Z ERR failed to serve tunnel connection error="control stream encountered a failure while serving" connIndex=0 event=0 ip=2606:4700:a0::8
2026-09-04T05:29:36Z ERR Serve tunnel error error="control stream encountered a failure while serving" connIndex=0 event=0 ip=2606:4700:a0::8
2026-09-04T05:29:36Z INF Retrying connection in up to 1m4s connIndex=0 event=0 ip=2606:4700:a0::8
2026-09-04T05:30:06Z INF Tunnel connection curve preferences: [X25519MLKEM768 CurveID(65074) CurveP256] connIndex=0 event=0 ip=2606:4700:a0::8
2026-09-04T05:30:06Z ERR failed to run the datagram handler error="context canceled" connIndex=0 event=0 ip=2606:4700:a0::8
2026-09-04T05:30:06Z ERR failed to serve tunnel connection error="control stream encountered a failure while serving" connIndex=0 event=0 ip=2606:4700:a0::8
2026-09-04T05:30:06Z ERR Serve tunnel error error="control stream encountered a failure while serving" connIndex=0 event=0 ip=2606:4700:a0::8
2026-09-04T05:30:06Z INF Retrying connection in up to 1m4s connIndex=0 event=0 ip=2606:4700:a0::8
2026-09-04T05:30:27Z INF Tunnel connection curve preferences: [X25519MLKEM768 CurveID(65074) CurveP256] connIndex=0 event=0 ip=2606:4700:a0::8
2026-09-04T05:30:27Z ERR failed to run the datagram handler error="context canceled" connIndex=0 event=0 ip=2606:4700:a0::8
2026-09-04T05:30:27Z ERR failed to serve tunnel connection error="control stream encountered a failure while serving" connIndex=0 event=0 ip=2606:4700:a0::8
2026-09-04T05:30:27Z ERR Serve tunnel error error="control stream encountered a failure while serving" connIndex=0 event=0 ip=2606:4700:a0::8
2026-09-04T05:30:27Z INF Retrying connection in up to 1m4s connIndex=0 event=0 ip=2606:4700:a0::8
2026-09-04T05:30:34Z INF Tunnel connection curve preferences: [X25519MLKEM768 CurveID(65074) CurveP256] connIndex=0 event=0 ip=2606:4700:a0::8
2026-09-04T05:30:34Z ERR failed to run the datagram handler error="context canceled" connIndex=0 event=0 ip=2606:4700:a0::8
2026-09-04T05:30:34Z ERR failed to serve tunnel connection error="control stream encountered a failure while serving" connIndex=0 event=0 ip=2606:4700:a0::8
2026-09-04T05:30:34Z ERR Serve tunnel error error="control stream encountered a failure while serving" connIndex=0 event=0 ip=2606:4700:a0::8
2026-09-04T05:30:34Z INF Retrying connection in up to 1m4s connIndex=0 event=0 ip=2606:4700:a0::8
2026-09-04T05:30:57Z INF Tunnel connection curve preferences: [X25519MLKEM768 CurveID(65074) CurveP256] connIndex=0 event=0 ip=2606:4700:a0::8
2026-09-04T05:30:57Z ERR failed to run the datagram handler error="context canceled" connIndex=0 event=0 ip=2606:4700:a0::8
2026-09-04T05:30:57Z ERR failed to serve tunnel connection error="control stream encountered a failure while serving" connIndex=0 event=0 ip=2606:4700:a0::8
2026-09-04T05:30:57Z ERR Serve tunnel error error="control stream encountered a failure while serving" connIndex=0 event=0 ip=2606:4700:a0::8
2026-09-04T05:30:57Z INF Retrying connection in up to 1m4s connIndex=0 event=0 ip=2606:4700:a0::8
2026-09-04T05:31:15Z INF Tunnel connection curve preferences: [X25519MLKEM768 CurveID(65074) CurveP256] connIndex=0 event=0 ip=2606:4700:a0::8
2026-09-04T05:31:15Z ERR failed to run the datagram handler error="context canceled" connIndex=0 event=0 ip=2606:4700:a0::8
2026-09-04T05:31:15Z ERR failed to serve tunnel connection error="control stream encountered a failure while serving" connIndex=0 event=0 ip=2606:4700:a0::8
2026-09-04T05:31:15Z ERR Serve tunnel error error="control stream encountered a failure while serving" connIndex=0 event=0 ip=2606:4700:a0::8
2026-09-04T05:31:15Z INF Retrying connection in up to 1m4s connIndex=0 event=0 ip=2606:4700:a0::8
2026-09-04T05:31:24Z INF Tunnel connection curve preferences: [X25519MLKEM768 CurveID(65074) CurveP256] connIndex=0 event=0 ip=2606:4700:a0::8
2026-09-04T05:31:24Z ERR failed to run the datagram handler error="context canceled" connIndex=0 event=0 ip=2606:4700:a0::8
2026-09-04T05:31:24Z ERR failed to serve tunnel connection error="control stream encountered a failure while serving" connIndex=0 event=0 ip=2606:4700:a0::8
2026-09-04T05:31:24Z ERR Serve tunnel error error="control stream encountered a failure while serving" connIndex=0 event=0 ip=2606:4700:a0::8
2026-09-04T05:31:24Z INF Retrying connection in up to 1m4s connIndex=0 event=0 ip=2606:4700:a0::8
2026-09-04T05:31:51Z INF Tunnel connection curve preferences: [X25519MLKEM768 CurveID(65074) CurveP256] connIndex=0 event=0 ip=2606:4700:a0::8
2026-09-04T05:31:51Z ERR failed to run the datagram handler error="context canceled" connIndex=0 event=0 ip=2606:4700:a0::8
2026-09-04T05:31:51Z ERR failed to serve tunnel connection error="control stream encountered a failure while serving" connIndex=0 event=0 ip=2606:4700:a0::8
2026-09-04T05:31:51Z ERR Serve tunnel error error="control stream encountered a failure while serving" connIndex=0 event=0 ip=2606:4700:a0::8
2026-09-04T05:31:51Z INF Retrying connection in up to 1m4s connIndex=0 event=0 ip=2606:4700:a0::8
2026-09-04T05:32:20Z INF Tunnel connection curve preferences: [X25519MLKEM768 CurveID(65074) CurveP256] connIndex=0 event=0 ip=2606:4700:a0::8
2026-09-04T05:32:20Z ERR failed to run the datagram handler error="context canceled" connIndex=0 event=0 ip=2606:4700:a0::8
2026-09-04T05:32:20Z ERR failed to serve tunnel connection error="control stream encountered a failure while serving" connIndex=0 event=0 ip=2606:4700:a0::8
2026-09-04T05:32:20Z ERR Serve tunnel error error="control stream encountered a failure while serving" connIndex=0 event=0 ip=2606:4700:a0::8
2026-09-04T05:32:20Z INF Retrying connection in up to 1m4s connIndex=0 event=0 ip=2606:4700:a0::8
2026-09-04T05:32:40Z INF Tunnel connection curve preferences: [X25519MLKEM768 CurveID(65074) CurveP256] connIndex=0 event=0 ip=2606:4700:a0::8
2026-09-04T05:32:40Z ERR failed to run the datagram handler error="context canceled" connIndex=0 event=0 ip=2606:4700:a0::8
2026-09-04T05:32:40Z ERR failed to serve tunnel connection error="control stream encountered a failure while serving" connIndex=0 event=0 ip=2606:4700:a0::8
2026-09-04T05:32:40Z ERR Serve tunnel error error="control stream encountered a failure while serving" connIndex=0 event=0 ip=2606:4700:a0::8
2026-09-04T05:32:40Z INF Retrying connection in up to 1m4s connIndex=0 event=0 ip=2606:4700:a0::8
2026-09-04T05:33:09Z INF Tunnel connection curve preferences: [X25519MLKEM768 CurveID(65074) CurveP256] connIndex=0 event=0 ip=2606:4700:a0::8
2026-09-04T05:33:09Z ERR failed to run the datagram handler error="context canceled" connIndex=0 event=0 ip=2606:4700:a0::8
2026-09-04T05:33:09Z ERR failed to serve tunnel connection error="control stream encountered a failure while serving" connIndex=0 event=0 ip=2606:4700:a0::8
2026-09-04T05:33:09Z ERR Serve tunnel error error="control stream encountered a failure while serving" connIndex=0 event=0 ip=2606:4700:a0::8
2026-09-04T05:33:09Z INF Retrying connection in up to 1m4s connIndex=0 event=0 ip=2606:4700:a0::8
2026-09-04T05:33:31Z INF Tunnel connection curve preferences: [X25519MLKEM768 CurveID(65074) CurveP256] connIndex=0 event=0 ip=2606:4700:a0::8
2026-09-04T05:33:31Z ERR failed to run the datagram handler error="context canceled" connIndex=0 event=0 ip=2606:4700:a0::8
2026-09-04T05:33:31Z ERR failed to serve tunnel connection error="control stream encountered a failure while serving" connIndex=0 event=0 ip=2606:4700:a0::8
2026-09-04T05:33:31Z ERR Serve tunnel error error="control stream encountered a failure while serving" connIndex=0 event=0 ip=2606:4700:a0::8
2026-09-04T05:33:31Z INF Retrying connection in up to 1m4s connIndex=0 event=0 ip=2606:4700:a0::8
2026-09-04T05:33:45Z INF Tunnel connection curve preferences: [X25519MLKEM768 CurveID(65074) CurveP256] connIndex=0 event=0 ip=2606:4700:a0::8
2026-09-04T05:33:46Z ERR failed to run the datagram handler error="context canceled" connIndex=0 event=0 ip=2606:4700:a0::8
2026-09-04T05:33:46Z ERR failed to serve tunnel connection error="control stream encountered a failure while serving" connIndex=0 event=0 ip=2606:4700:a0::8
2026-09-04T05:33:46Z ERR Serve tunnel error error="control stream encountered a failure while serving" connIndex=0 event=0 ip=2606:4700:a0::8
2026-09-04T05:33:46Z INF Retrying connection in up to 1m4s connIndex=0 event=0 ip=2606:4700:a0::8
2026-09-04T05:34:13Z INF Tunnel connection curve preferences: [X25519MLKEM768 CurveID(65074) CurveP256] connIndex=0 event=0 ip=2606:4700:a0::8
2026-09-04T05:34:13Z ERR failed to run the datagram handler error="context canceled" connIndex=0 event=0 ip=2606:4700:a0::8
2026-09-04T05:34:13Z ERR failed to serve tunnel connection error="control stream encountered a failure while serving" connIndex=0 event=0 ip=2606:4700:a0::8
2026-09-04T05:34:13Z ERR Serve tunnel error error="control stream encountered a failure while serving" connIndex=0 event=0 ip=2606:4700:a0::8
2026-09-04T05:34:13Z INF Retrying connection in up to 1m4s connIndex=0 event=0 ip=2606:4700:a0::8
2026-09-04T05:34:42Z INF Tunnel connection curve preferences: [X25519MLKEM768 CurveID(65074) CurveP256] connIndex=0 event=0 ip=2606:4700:a0::8
2026-09-04T05:34:42Z ERR failed to run the datagram handler error="context canceled" connIndex=0 event=0 ip=2606:4700:a0::8
2026-09-04T05:34:42Z ERR failed to serve tunnel connection error="control stream encountered a failure while serving" connIndex=0 event=0 ip=2606:4700:a0::8
2026-09-04T05:34:42Z ERR Serve tunnel error error="control stream encountered a failure while serving" connIndex=0 event=0 ip=2606:4700:a0::8
2026-09-04T05:34:42Z INF Retrying connection in up to 1m4s connIndex=0 event=0 ip=2606:4700:a0::8
2026-09-04T05:34:44Z INF Tunnel connection curve preferences: [X25519MLKEM768 CurveID(65074) CurveP256] connIndex=0 event=0 ip=2606:4700:a0::8
2026-09-04T05:34:44Z ERR failed to run the datagram handler error="context canceled" connIndex=0 event=0 ip=2606:4700:a0::8
2026-09-04T05:34:44Z ERR failed to serve tunnel connection error="control stream encountered a failure while serving" connIndex=0 event=0 ip=2606:4700:a0::8
2026-09-04T05:34:44Z ERR Serve tunnel error error="control stream encountered a failure while serving" connIndex=0 event=0 ip=2606:4700:a0::8
2026-09-04T05:34:44Z INF Retrying connection in up to 1m4s connIndex=0 event=0 ip=2606:4700:a0::8
2026-09-04T05:34:46Z INF Tunnel connection curve preferences: [X25519MLKEM768 CurveID(65074) CurveP256] connIndex=0 event=0 ip=2606:4700:a0::8
2026-09-04T05:34:46Z ERR failed to run the datagram handler error="context canceled" connIndex=0 event=0 ip=2606:4700:a0::8
2026-09-04T05:34:46Z ERR failed to serve tunnel connection error="control stream encountered a failure while serving" connIndex=0 event=0 ip=2606:4700:a0::8
2026-09-04T05:34:46Z ERR Serve tunnel error error="control stream encountered a failure while serving" connIndex=0 event=0 ip=2606:4700:a0::8
2026-09-04T05:34:46Z INF Retrying connection in up to 1m4s connIndex=0 event=0 ip=2606:4700:a0::8
2026-09-04T05:34:54Z INF Tunnel connection curve preferences: [X25519MLKEM768 CurveID(65074) CurveP256] connIndex=0 event=0 ip=2606:4700:a0::8
2026-09-04T05:34:54Z ERR failed to run the datagram handler error="context canceled" connIndex=0 event=0 ip=2606:4700:a0::8
2026-09-04T05:34:54Z ERR failed to serve tunnel connection error="control stream encountered a failure while serving" connIndex=0 event=0 ip=2606:4700:a0::8
2026-09-04T05:34:54Z ERR Serve tunnel error error="control stream encountered a failure while serving" connIndex=0 event=0 ip=2606:4700:a0::8
2026-09-04T05:34:54Z INF Retrying connection in up to 1m4s connIndex=0 event=0 ip=2606:4700:a0::8
2026-09-04T05:35:20Z INF Tunnel connection curve preferences: [X25519MLKEM768 CurveID(65074) CurveP256] connIndex=0 event=0 ip=2606:4700:a0::8
2026-09-04T05:35:20Z ERR failed to run the datagram handler error="context canceled" connIndex=0 event=0 ip=2606:4700:a0::8
2026-09-04T05:35:20Z ERR failed to serve tunnel connection error="control stream encountered a failure while serving" connIndex=0 event=0 ip=2606:4700:a0::8
2026-09-04T05:35:20Z ERR Serve tunnel error error="control stream encountered a failure while serving" connIndex=0 event=0 ip=2606:4700:a0::8
2026-09-04T05:35:20Z INF Retrying connection in up to 1m4s connIndex=0 event=0 ip=2606:4700:a0::8
2026-09-04T05:35:21Z INF Tunnel connection curve preferences: [X25519MLKEM768 CurveID(65074) CurveP256] connIndex=0 event=0 ip=2606:4700:a0::8
2026-09-04T05:35:21Z ERR failed to run the datagram handler error="context canceled" connIndex=0 event=0 ip=2606:4700:a0::8
2026-09-04T05:35:21Z ERR failed to serve tunnel connection error="control stream encountered a failure while serving" connIndex=0 event=0 ip=2606:4700:a0::8
2026-09-04T05:35:21Z ERR Serve tunnel error error="control stream encountered a failure while serving" connIndex=0 event=0 ip=2606:4700:a0::8
2026-09-04T05:35:21Z INF Retrying connection in up to 1m4s connIndex=0 event=0 ip=2606:4700:a0::8
2026-09-04T05:35:47Z INF Tunnel connection curve preferences: [X25519MLKEM768 CurveID(65074) CurveP256] connIndex=0 event=0 ip=2606:4700:a0::8
2026-09-04T05:35:47Z ERR failed to run the datagram handler error="context canceled" connIndex=0 event=0 ip=2606:4700:a0::8
2026-09-04T05:35:47Z ERR failed to serve tunnel connection error="control stream encountered a failure while serving" connIndex=0 event=0 ip=2606:4700:a0::8
2026-09-04T05:35:47Z ERR Serve tunnel error error="control stream encountered a failure while serving" connIndex=0 event=0 ip=2606:4700:a0::8
2026-09-04T05:35:47Z INF Retrying connection in up to 1m4s connIndex=0 event=0 ip=2606:4700:a0::8
2026-09-04T05:36:01Z INF Tunnel connection curve preferences: [X25519MLKEM768 CurveID(65074) CurveP256] connIndex=0 event=0 ip=2606:4700:a0::8
2026-09-04T05:36:01Z ERR failed to run the datagram handler error="context canceled" connIndex=0 event=0 ip=2606:4700:a0::8
2026-09-04T05:36:01Z ERR failed to serve tunnel connection error="control stream encountered a failure while serving" connIndex=0 event=0 ip=2606:4700:a0::8
2026-09-04T05:36:01Z ERR Serve tunnel error error="control stream encountered a failure while serving" connIndex=0 event=0 ip=2606:4700:a0::8
2026-09-04T05:36:01Z INF Retrying connection in up to 1m4s connIndex=0 event=0 ip=2606:4700:a0::8
2026-09-04T05:36:19Z INF Tunnel connection curve preferences: [X25519MLKEM768 CurveID(65074) CurveP256] connIndex=0 event=0 ip=2606:4700:a0::8
2026-09-04T05:36:19Z ERR failed to run the datagram handler error="context canceled" connIndex=0 event=0 ip=2606:4700:a0::8
2026-09-04T05:36:19Z ERR failed to serve tunnel connection error="control stream encountered a failure while serving" connIndex=0 event=0 ip=2606:4700:a0::8
2026-09-04T05:36:19Z ERR Serve tunnel error error="control stream encountered a failure while serving" connIndex=0 event=0 ip=2606:4700:a0::8
2026-09-04T05:36:19Z INF Retrying connection in up to 1m4s connIndex=0 event=0 ip=2606:4700:a0::8
2026-09-04T05:36:34Z INF Tunnel connection curve preferences: [X25519MLKEM768 CurveID(65074) CurveP256] connIndex=0 event=0 ip=2606:4700:a0::8
2026-09-04T05:36:34Z ERR failed to run the datagram handler error="context canceled" connIndex=0 event=0 ip=2606:4700:a0::8
2026-09-04T05:36:34Z ERR failed to serve tunnel connection error="control stream encountered a failure while serving" connIndex=0 event=0 ip=2606:4700:a0::8
2026-09-04T05:36:34Z ERR Serve tunnel error error="control stream encountered a failure while serving" connIndex=0 event=0 ip=2606:4700:a0::8
2026-09-04T05:36:34Z INF Retrying connection in up to 1m4s connIndex=0 event=0 ip=2606:4700:a0::8
2026-09-04T05:36:45Z INF Tunnel connection curve preferences: [X25519MLKEM768 CurveID(65074) CurveP256] connIndex=0 event=0 ip=2606:4700:a0::8
2026-09-04T05:36:45Z ERR failed to run the datagram handler error="context canceled" connIndex=0 event=0 ip=2606:4700:a0::8
2026-09-04T05:36:45Z ERR failed to serve tunnel connection error="control stream encountered a failure while serving" connIndex=0 event=0 ip=2606:4700:a0::8
2026-09-04T05:36:45Z ERR Serve tunnel error error="control stream encountered a failure while serving" connIndex=0 event=0 ip=2606:4700:a0::8
2026-09-04T05:36:45Z INF Retrying connection in up to 1m4s connIndex=0 event=0 ip=2606:4700:a0::8
2026-09-04T05:36:49Z INF Tunnel connection curve preferences: [X25519MLKEM768 CurveID(65074) CurveP256] connIndex=0 event=0 ip=2606:4700:a0::8
2026-09-04T05:36:49Z ERR failed to run the datagram handler error="context canceled" connIndex=0 event=0 ip=2606:4700:a0::8
2026-09-04T05:36:49Z ERR failed to serve tunnel connection error="control stream encountered a failure while serving" connIndex=0 event=0 ip=2606:4700:a0::8
2026-09-04T05:36:49Z ERR Serve tunnel error error="control stream encountered a failure while serving" connIndex=0 event=0 ip=2606:4700:a0::8
2026-09-04T05:36:49Z INF Retrying connection in up to 1m4s connIndex=0 event=0 ip=2606:4700:a0::8
2026-09-04T05:37:17Z INF Tunnel connection curve preferences: [X25519MLKEM768 CurveID(65074) CurveP256] connIndex=0 event=0 ip=2606:4700:a0::8
2026-09-04T05:37:17Z ERR failed to run the datagram handler error="context canceled" connIndex=0 event=0 ip=2606:4700:a0::8
2026-09-04T05:37:17Z ERR failed to serve tunnel connection error="control stream encountered a failure while serving" connIndex=0 event=0 ip=2606:4700:a0::8
2026-09-04T05:37:17Z ERR Serve tunnel error error="control stream encountered a failure while serving" connIndex=0 event=0 ip=2606:4700:a0::8
2026-09-04T05:37:17Z INF Retrying connection in up to 1m4s connIndex=0 event=0 ip=2606:4700:a0::8
2026-09-04T05:37:30Z INF Tunnel connection curve preferences: [X25519MLKEM768 CurveID(65074) CurveP256] connIndex=0 event=0 ip=2606:4700:a0::8
2026-09-04T05:37:30Z ERR failed to run the datagram handler error="context canceled" connIndex=0 event=0 ip=2606:4700:a0::8
2026-09-04T05:37:30Z ERR failed to serve tunnel connection error="control stream encountered a failure while serving" connIndex=0 event=0 ip=2606:4700:a0::8
2026-09-04T05:37:30Z ERR Serve tunnel error error="control stream encountered a failure while serving" connIndex=0 event=0 ip=2606:4700:a0::8
2026-09-04T05:37:30Z INF Retrying connection in up to 1m4s connIndex=0 event=0 ip=2606:4700:a0::8
2026-09-04T05:37:56Z INF Tunnel connection curve preferences: [X25519MLKEM768 CurveID(65074) CurveP256] connIndex=0 event=0 ip=2606:4700:a0::8
2026-09-04T05:37:56Z ERR failed to run the datagram handler error="context canceled" connIndex=0 event=0 ip=2606:4700:a0::8
2026-09-04T05:37:56Z ERR failed to serve tunnel connection error="control stream encountered a failure while serving" connIndex=0 event=0 ip=2606:4700:a0::8
2026-09-04T05:37:56Z ERR Serve tunnel error error="control stream encountered a failure while serving" connIndex=0 event=0 ip=2606:4700:a0::8
2026-09-04T05:37:56Z INF Retrying connection in up to 1m4s connIndex=0 event=0 ip=2606:4700:a0::8
2026-09-04T05:38:28Z INF Tunnel connection curve preferences: [X25519MLKEM768 CurveID(65074) CurveP256] connIndex=0 event=0 ip=2606:4700:a0::8
2026-09-04T05:38:28Z ERR failed to run the datagram handler error="context canceled" connIndex=0 event=0 ip=2606:4700:a0::8
2026-09-04T05:38:28Z ERR failed to serve tunnel connection error="control stream encountered a failure while serving" connIndex=0 event=0 ip=2606:4700:a0::8
2026-09-04T05:38:28Z ERR Serve tunnel error error="control stream encountered a failure while serving" connIndex=0 event=0 ip=2606:4700:a0::8
2026-09-04T05:38:28Z INF Retrying connection in up to 1m4s connIndex=0 event=0 ip=2606:4700:a0::8
2026-09-04T05:38:54Z INF Tunnel connection curve preferences: [X25519MLKEM768 CurveID(65074) CurveP256] connIndex=0 event=0 ip=2606:4700:a0::8
2026-09-04T05:38:54Z ERR failed to run the datagram handler error="context canceled" connIndex=0 event=0 ip=2606:4700:a0::8
2026-09-04T05:38:54Z ERR failed to serve tunnel connection error="control stream encountered a failure while serving" connIndex=0 event=0 ip=2606:4700:a0::8
2026-09-04T05:38:54Z ERR Serve tunnel error error="control stream encountered a failure while serving" connIndex=0 event=0 ip=2606:4700:a0::8
2026-09-04T05:38:54Z INF Retrying connection in up to 1m4s connIndex=0 event=0 ip=2606:4700:a0::8
2026-09-04T05:39:15Z INF Tunnel connection curve preferences: [X25519MLKEM768 CurveID(65074) CurveP256] connIndex=0 event=0 ip=2606:4700:a0::8
2026-09-04T05:39:15Z ERR failed to run the datagram handler error="context canceled" connIndex=0 event=0 ip=2606:4700:a0::8
2026-09-04T05:39:15Z ERR failed to serve tunnel connection error="control stream encountered a failure while serving" connIndex=0 event=0 ip=2606:4700:a0::8
2026-09-04T05:39:15Z ERR Serve tunnel error error="control stream encountered a failure while serving" connIndex=0 event=0 ip=2606:4700:a0::8
2026-09-04T05:39:15Z INF Retrying connection in up to 1m4s connIndex=0 event=0 ip=2606:4700:a0::8
2026-09-04T05:39:44Z INF Tunnel connection curve preferences: [X25519MLKEM768 CurveID(65074) CurveP256] connIndex=0 event=0 ip=2606:4700:a0::8
2026-09-04T05:39:44Z ERR failed to run the datagram handler error="context canceled" connIndex=0 event=0 ip=2606:4700:a0::8
2026-09-04T05:39:44Z ERR failed to serve tunnel connection error="control stream encountered a failure while serving" connIndex=0 event=0 ip=2606:4700:a0::8
2026-09-04T05:39:44Z ERR Serve tunnel error error="control stream encountered a failure while serving" connIndex=0 event=0 ip=2606:4700:a0::8
2026-09-04T05:39:44Z INF Retrying connection in up to 1m4s connIndex=0 event=0 ip=2606:4700:a0::8
2026-09-04T05:40:09Z INF Tunnel connection curve preferences: [X25519MLKEM768 CurveID(65074) CurveP256] connIndex=0 event=0 ip=2606:4700:a0::8
2026-09-04T05:40:09Z ERR failed to run the datagram handler error="context canceled" connIndex=0 event=0 ip=2606:4700:a0::8
2026-09-04T05:40:09Z ERR failed to serve tunnel connection error="control stream encountered a failure while serving" connIndex=0 event=0 ip=2606:4700:a0::8
2026-09-04T05:40:09Z ERR Serve tunnel error error="control stream encountered a failure while serving" connIndex=0 event=0 ip=2606:4700:a0::8
2026-09-04T05:40:09Z INF Retrying connection in up to 1m4s connIndex=0 event=0 ip=2606:4700:a0::8
2026-09-04T05:40:40Z INF Tunnel connection curve preferences: [X25519MLKEM768 CurveID(65074) CurveP256] connIndex=0 event=0 ip=2606:4700:a0::8
2026-09-04T05:40:40Z ERR failed to run the datagram handler error="context canceled" connIndex=0 event=0 ip=2606:4700:a0::8
2026-09-04T05:40:40Z ERR failed to serve tunnel connection error="control stream encountered a failure while serving" connIndex=0 event=0 ip=2606:4700:a0::8
2026-09-04T05:40:40Z ERR Serve tunnel error error="control stream encountered a failure while serving" connIndex=0 event=0 ip=2606:4700:a0::8
2026-09-04T05:40:40Z INF Retrying connection in up to 1m4s connIndex=0 event=0 ip=2606:4700:a0::8
2026-09-04T05:41:10Z INF Tunnel connection curve preferences: [X25519MLKEM768 CurveID(65074) CurveP256] connIndex=0 event=0 ip=2606:4700:a0::8
2026-09-04T05:41:11Z ERR failed to run the datagram handler error="context canceled" connIndex=0 event=0 ip=2606:4700:a0::8
2026-09-04T05:41:11Z ERR failed to serve tunnel connection error="control stream encountered a failure while serving" connIndex=0 event=0 ip=2606:4700:a0::8
2026-09-04T05:41:11Z ERR Serve tunnel error error="control stream encountered a failure while serving" connIndex=0 event=0 ip=2606:4700:a0::8
2026-09-04T05:41:11Z INF Retrying connection in up to 1m4s connIndex=0 event=0 ip=2606:4700:a0::8
2026-09-04T05:41:16Z INF Tunnel connection curve preferences: [X25519MLKEM768 CurveID(65074) CurveP256] connIndex=0 event=0 ip=2606:4700:a0::8
2026-09-04T05:41:16Z ERR failed to run the datagram handler error="context canceled" connIndex=0 event=0 ip=2606:4700:a0::8
2026-09-04T05:41:16Z ERR failed to serve tunnel connection error="control stream encountered a failure while serving" connIndex=0 event=0 ip=2606:4700:a0::8
2026-09-04T05:41:16Z ERR Serve tunnel error error="control stream encountered a failure while serving" connIndex=0 event=0 ip=2606:4700:a0::8
2026-09-04T05:41:16Z INF Retrying connection in up to 1m4s connIndex=0 event=0 ip=2606:4700:a0::8
2026-09-04T05:41:21Z INF Tunnel connection curve preferences: [X25519MLKEM768 CurveID(65074) CurveP256] connIndex=0 event=0 ip=2606:4700:a0::8
2026-09-04T05:41:21Z ERR failed to run the datagram handler error="context canceled" connIndex=0 event=0 ip=2606:4700:a0::8
2026-09-04T05:41:21Z ERR failed to serve tunnel connection error="control stream encountered a failure while serving" connIndex=0 event=0 ip=2606:4700:a0::8
2026-09-04T05:41:21Z ERR Serve tunnel error error="control stream encountered a failure while serving" connIndex=0 event=0 ip=2606:4700:a0::8
2026-09-04T05:41:21Z INF Retrying connection in up to 1m4s connIndex=0 event=0 ip=2606:4700:a0::8
2026-09-04T05:41:23Z INF Tunnel connection curve preferences: [X25519MLKEM768 CurveID(65074) CurveP256] connIndex=0 event=0 ip=2606:4700:a0::8
2026-09-04T05:41:23Z ERR failed to run the datagram handler error="context canceled" connIndex=0 event=0 ip=2606:4700:a0::8
2026-09-04T05:41:23Z ERR failed to serve tunnel connection error="control stream encountered a failure while serving" connIndex=0 event=0 ip=2606:4700:a0::8
2026-09-04T05:41:23Z ERR Serve tunnel error error="control stream encountered a failure while serving" connIndex=0 event=0 ip=2606:4700:a0::8
2026-09-04T05:41:23Z INF Retrying connection in up to 1m4s connIndex=0 event=0 ip=2606:4700:a0::8
2026-09-04T05:41:28Z INF Tunnel connection curve preferences: [X25519MLKEM768 CurveID(65074) CurveP256] connIndex=0 event=0 ip=2606:4700:a0::8
2026-09-04T05:41:28Z ERR failed to run the datagram handler error="context canceled" connIndex=0 event=0 ip=2606:4700:a0::8
2026-09-04T05:41:28Z ERR failed to serve tunnel connection error="control stream encountered a failure while serving" connIndex=0 event=0 ip=2606:4700:a0::8
2026-09-04T05:41:28Z ERR Serve tunnel error error="control stream encountered a failure while serving" connIndex=0 event=0 ip=2606:4700:a0::8
2026-09-04T05:41:28Z INF Retrying connection in up to 1m4s connIndex=0 event=0 ip=2606:4700:a0::8
2026-09-04T05:41:57Z INF Tunnel connection curve preferences: [X25519MLKEM768 CurveID(65074) CurveP256] connIndex=0 event=0 ip=2606:4700:a0::8
2026-09-04T05:41:57Z ERR failed to run the datagram handler error="context canceled" connIndex=0 event=0 ip=2606:4700:a0::8
2026-09-04T05:41:57Z ERR failed to serve tunnel connection error="control stream encountered a failure while serving" connIndex=0 event=0 ip=2606:4700:a0::8
2026-09-04T05:41:57Z ERR Serve tunnel error error="control stream encountered a failure while serving" connIndex=0 event=0 ip=2606:4700:a0::8
2026-09-04T05:41:57Z INF Retrying connection in up to 1m4s connIndex=0 event=0 ip=2606:4700:a0::8
2026-09-04T05:42:23Z INF Tunnel connection curve preferences: [X25519MLKEM768 CurveID(65074) CurveP256] connIndex=0 event=0 ip=2606:4700:a0::8
2026-09-04T05:42:23Z ERR failed to run the datagram handler error="context canceled" connIndex=0 event=0 ip=2606:4700:a0::8
2026-09-04T05:42:23Z ERR failed to serve tunnel connection error="control stream encountered a failure while serving" connIndex=0 event=0 ip=2606:4700:a0::8
2026-09-04T05:42:23Z ERR Serve tunnel error error="control stream encountered a failure while serving" connIndex=0 event=0 ip=2606:4700:a0::8
2026-09-04T05:42:23Z INF Retrying connection in up to 1m4s connIndex=0 event=0 ip=2606:4700:a0::8
2026-09-04T05:42:33Z INF Tunnel connection curve preferences: [X25519MLKEM768 CurveID(65074) CurveP256] connIndex=0 event=0 ip=2606:4700:a0::8
2026-09-04T05:42:33Z ERR failed to run the datagram handler error="context canceled" connIndex=0 event=0 ip=2606:4700:a0::8
2026-09-04T05:42:33Z ERR failed to serve tunnel connection error="control stream encountered a failure while serving" connIndex=0 event=0 ip=2606:4700:a0::8
2026-09-04T05:42:33Z ERR Serve tunnel error error="control stream encountered a failure while serving" connIndex=0 event=0 ip=2606:4700:a0::8
2026-09-04T05:42:33Z INF Retrying connection in up to 1m4s connIndex=0 event=0 ip=2606:4700:a0::8
2026-09-04T05:42:57Z INF Tunnel connection curve preferences: [X25519MLKEM768 CurveID(65074) CurveP256] connIndex=0 event=0 ip=2606:4700:a0::8
2026-09-04T05:42:57Z ERR failed to run the datagram handler error="context canceled" connIndex=0 event=0 ip=2606:4700:a0::8
2026-09-04T05:42:57Z ERR failed to serve tunnel connection error="control stream encountered a failure while serving" connIndex=0 event=0 ip=2606:4700:a0::8
2026-09-04T05:42:57Z ERR Serve tunnel error error="control stream encountered a failure while serving" connIndex=0 event=0 ip=2606:4700:a0::8
2026-09-04T05:42:57Z INF Retrying connection in up to 1m4s connIndex=0 event=0 ip=2606:4700:a0::8
2026-09-04T05:43:11Z INF Tunnel connection curve preferences: [X25519MLKEM768 CurveID(65074) CurveP256] connIndex=0 event=0 ip=2606:4700:a0::8
2026-09-04T05:43:11Z ERR failed to run the datagram handler error="context canceled" connIndex=0 event=0 ip=2606:4700:a0::8
2026-09-04T05:43:11Z ERR failed to serve tunnel connection error="control stream encountered a failure while serving" connIndex=0 event=0 ip=2606:4700:a0::8
2026-09-04T05:43:11Z ERR Serve tunnel error error="control stream encountered a failure while serving" connIndex=0 event=0 ip=2606:4700:a0::8
2026-09-04T05:43:11Z INF Retrying connection in up to 1m4s connIndex=0 event=0 ip=2606:4700:a0::8
2026-09-04T05:43:32Z INF Tunnel connection curve preferences: [X25519MLKEM768 CurveID(65074) CurveP256] connIndex=0 event=0 ip=2606:4700:a0::8
2026-09-04T05:43:32Z ERR failed to run the datagram handler error="context canceled" connIndex=0 event=0 ip=2606:4700:a0::8
2026-09-04T05:43:32Z ERR failed to serve tunnel connection error="control stream encountered a failure while serving" connIndex=0 event=0 ip=2606:4700:a0::8
2026-09-04T05:43:32Z ERR Serve tunnel error error="control stream encountered a failure while serving" connIndex=0 event=0 ip=2606:4700:a0::8
2026-09-04T05:43:32Z INF Retrying connection in up to 1m4s connIndex=0 event=0 ip=2606:4700:a0::8
2026-09-04T05:44:03Z INF Tunnel connection curve preferences: [X25519MLKEM768 CurveID(65074) CurveP256] connIndex=0 event=0 ip=2606:4700:a0::8
2026-09-04T05:44:03Z ERR failed to run the datagram handler error="context canceled" connIndex=0 event=0 ip=2606:4700:a0::8
2026-09-04T05:44:03Z ERR failed to serve tunnel connection error="control stream encountered a failure while serving" connIndex=0 event=0 ip=2606:4700:a0::8
2026-09-04T05:44:03Z ERR Serve tunnel error error="control stream encountered a failure while serving" connIndex=0 event=0 ip=2606:4700:a0::8
2026-09-04T05:44:03Z INF Retrying connection in up to 1m4s connIndex=0 event=0 ip=2606:4700:a0::8
2026-09-04T05:44:05Z INF Tunnel connection curve preferences: [X25519MLKEM768 CurveID(65074) CurveP256] connIndex=0 event=0 ip=2606:4700:a0::8
2026-09-04T05:44:05Z ERR failed to run the datagram handler error="context canceled" connIndex=0 event=0 ip=2606:4700:a0::8
2026-09-04T05:44:05Z ERR failed to serve tunnel connection error="control stream encountered a failure while serving" connIndex=0 event=0 ip=2606:4700:a0::8
2026-09-04T05:44:05Z ERR Serve tunnel error error="control stream encountered a failure while serving" connIndex=0 event=0 ip=2606:4700:a0::8
2026-09-04T05:44:05Z INF Retrying connection in up to 1m4s connIndex=0 event=0 ip=2606:4700:a0::8
2026-09-04T05:44:22Z INF Tunnel connection curve preferences: [X25519MLKEM768 CurveID(65074) CurveP256] connIndex=0 event=0 ip=2606:4700:a0::8
2026-09-04T05:44:22Z ERR failed to run the datagram handler error="context canceled" connIndex=0 event=0 ip=2606:4700:a0::8
2026-09-04T05:44:22Z ERR failed to serve tunnel connection error="control stream encountered a failure while serving" connIndex=0 event=0 ip=2606:4700:a0::8
2026-09-04T05:44:22Z ERR Serve tunnel error error="control stream encountered a failure while serving" connIndex=0 event=0 ip=2606:4700:a0::8
2026-09-04T05:44:22Z INF Retrying connection in up to 1m4s connIndex=0 event=0 ip=2606:4700:a0::8
2026-09-04T05:44:22Z INF Tunnel connection curve preferences: [X25519MLKEM768 CurveID(65074) CurveP256] connIndex=0 event=0 ip=2606:4700:a0::8
2026-09-04T05:44:22Z ERR failed to run the datagram handler error="context canceled" connIndex=0 event=0 ip=2606:4700:a0::8
2026-09-04T05:44:22Z ERR failed to serve tunnel connection error="control stream encountered a failure while serving" connIndex=0 event=0 ip=2606:4700:a0::8
2026-09-04T05:44:22Z ERR Serve tunnel error error="control stream encountered a failure while serving" connIndex=0 event=0 ip=2606:4700:a0::8
2026-09-04T05:44:22Z INF Retrying connection in up to 1m4s connIndex=0 event=0 ip=2606:4700:a0::8
2026-09-04T05:44:38Z INF Tunnel connection curve preferences: [X25519MLKEM768 CurveID(65074) CurveP256] connIndex=0 event=0 ip=2606:4700:a0::8
2026-09-04T05:44:38Z ERR failed to run the datagram handler error="context canceled" connIndex=0 event=0 ip=2606:4700:a0::8
2026-09-04T05:44:38Z ERR failed to serve tunnel connection error="control stream encountered a failure while serving" connIndex=0 event=0 ip=2606:4700:a0::8
2026-09-04T05:44:38Z ERR Serve tunnel error error="control stream encountered a failure while serving" connIndex=0 event=0 ip=2606:4700:a0::8
2026-09-04T05:44:38Z INF Retrying connection in up to 1m4s connIndex=0 event=0 ip=2606:4700:a0::8
2026-09-04T05:45:09Z INF Tunnel connection curve preferences: [X25519MLKEM768 CurveID(65074) CurveP256] connIndex=0 event=0 ip=2606:4700:a0::8
2026-09-04T05:45:09Z ERR failed to run the datagram handler error="context canceled" connIndex=0 event=0 ip=2606:4700:a0::8
2026-09-04T05:45:09Z ERR failed to serve tunnel connection error="control stream encountered a failure while serving" connIndex=0 event=0 ip=2606:4700:a0::8
2026-09-04T05:45:09Z ERR Serve tunnel error error="control stream encountered a failure while serving" connIndex=0 event=0 ip=2606:4700:a0::8
2026-09-04T05:45:09Z INF Retrying connection in up to 1m4s connIndex=0 event=0 ip=2606:4700:a0::8
2026-09-04T05:45:30Z INF Tunnel connection curve preferences: [X25519MLKEM768 CurveID(65074) CurveP256] connIndex=0 event=0 ip=2606:4700:a0::8
2026-09-04T05:45:30Z ERR failed to run the datagram handler error="context canceled" connIndex=0 event=0 ip=2606:4700:a0::8
2026-09-04T05:45:30Z ERR failed to serve tunnel connection error="control stream encountered a failure while serving" connIndex=0 event=0 ip=2606:4700:a0::8
2026-09-04T05:45:30Z ERR Serve tunnel error error="control stream encountered a failure while serving" connIndex=0 event=0 ip=2606:4700:a0::8
2026-09-04T05:45:30Z INF Retrying connection in up to 1m4s connIndex=0 event=0 ip=2606:4700:a0::8
2026-09-04T05:45:48Z INF Tunnel connection curve preferences: [X25519MLKEM768 CurveID(65074) CurveP256] connIndex=0 event=0 ip=2606:4700:a0::8
2026-09-04T05:45:48Z ERR failed to run the datagram handler error="context canceled" connIndex=0 event=0 ip=2606:4700:a0::8
2026-09-04T05:45:48Z ERR failed to serve tunnel connection error="control stream encountered a failure while serving" connIndex=0 event=0 ip=2606:4700:a0::8
2026-09-04T05:45:48Z ERR Serve tunnel error error="control stream encountered a failure while serving" connIndex=0 event=0 ip=2606:4700:a0::8
2026-09-04T05:45:48Z INF Retrying connection in up to 1m4s connIndex=0 event=0 ip=2606:4700:a0::8
2026-09-04T05:46:18Z INF Tunnel connection curve preferences: [X25519MLKEM768 CurveID(65074) CurveP256] connIndex=0 event=0 ip=2606:4700:a0::8
2026-09-04T05:46:18Z ERR failed to run the datagram handler error="context canceled" connIndex=0 event=0 ip=2606:4700:a0::8
2026-09-04T05:46:18Z ERR failed to serve tunnel connection error="control stream encountered a failure while serving" connIndex=0 event=0 ip=2606:4700:a0::8
2026-09-04T05:46:18Z ERR Serve tunnel error error="control stream encountered a failure while serving" connIndex=0 event=0 ip=2606:4700:a0::8
2026-09-04T05:46:18Z INF Retrying connection in up to 1m4s connIndex=0 event=0 ip=2606:4700:a0::8
2026-09-04T05:46:33Z INF Tunnel connection curve preferences: [X25519MLKEM768 CurveID(65074) CurveP256] connIndex=0 event=0 ip=2606:4700:a0::8
2026-09-04T05:46:33Z ERR failed to run the datagram handler error="context canceled" connIndex=0 event=0 ip=2606:4700:a0::8
2026-09-04T05:46:33Z ERR failed to serve tunnel connection error="control stream encountered a failure while serving" connIndex=0 event=0 ip=2606:4700:a0::8
2026-09-04T05:46:33Z ERR Serve tunnel error error="control stream encountered a failure while serving" connIndex=0 event=0 ip=2606:4700:a0::8
2026-09-04T05:46:33Z INF Retrying connection in up to 1m4s connIndex=0 event=0 ip=2606:4700:a0::8
2026-09-04T05:46:37Z INF Tunnel connection curve preferences: [X25519MLKEM768 CurveID(65074) CurveP256] connIndex=0 event=0 ip=2606:4700:a0::8
2026-09-04T05:46:37Z ERR failed to run the datagram handler error="context canceled" connIndex=0 event=0 ip=2606:4700:a0::8
2026-09-04T05:46:37Z ERR failed to serve tunnel connection error="control stream encountered a failure while serving" connIndex=0 event=0 ip=2606:4700:a0::8
2026-09-04T05:46:37Z ERR Serve tunnel error error="control stream encountered a failure while serving" connIndex=0 event=0 ip=2606:4700:a0::8
2026-09-04T05:46:37Z INF Retrying connection in up to 1m4s connIndex=0 event=0 ip=2606:4700:a0::8
2026-09-04T05:46:46Z INF Tunnel connection curve preferences: [X25519MLKEM768 CurveID(65074) CurveP256] connIndex=0 event=0 ip=2606:4700:a0::8
2026-09-04T05:46:47Z ERR failed to run the datagram handler error="context canceled" connIndex=0 event=0 ip=2606:4700:a0::8
2026-09-04T05:46:47Z ERR failed to serve tunnel connection error="control stream encountered a failure while serving" connIndex=0 event=0 ip=2606:4700:a0::8
2026-09-04T05:46:47Z ERR Serve tunnel error error="control stream encountered a failure while serving" connIndex=0 event=0 ip=2606:4700:a0::8
2026-09-04T05:46:47Z INF Retrying connection in up to 1m4s connIndex=0 event=0 ip=2606:4700:a0::8
2026-09-04T05:47:12Z INF Tunnel connection curve preferences: [X25519MLKEM768 CurveID(65074) CurveP256] connIndex=0 event=0 ip=2606:4700:a0::8
2026-09-04T05:47:12Z ERR failed to run the datagram handler error="context canceled" connIndex=0 event=0 ip=2606:4700:a0::8
2026-09-04T05:47:12Z ERR failed to serve tunnel connection error="control stream encountered a failure while serving" connIndex=0 event=0 ip=2606:4700:a0::8
2026-09-04T05:47:12Z ERR Serve tunnel error error="control stream encountered a failure while serving" connIndex=0 event=0 ip=2606:4700:a0::8
2026-09-04T05:47:12Z INF Retrying connection in up to 1m4s connIndex=0 event=0 ip=2606:4700:a0::8
2026-09-04T05:47:15Z INF Tunnel connection curve preferences: [X25519MLKEM768 CurveID(65074) CurveP256] connIndex=0 event=0 ip=2606:4700:a0::8
2026-09-04T05:47:15Z ERR failed to run the datagram handler error="context canceled" connIndex=0 event=0 ip=2606:4700:a0::8
2026-09-04T05:47:15Z ERR failed to serve tunnel connection error="control stream encountered a failure while serving" connIndex=0 event=0 ip=2606:4700:a0::8
2026-09-04T05:47:15Z ERR Serve tunnel error error="control stream encountered a failure while serving" connIndex=0 event=0 ip=2606:4700:a0::8
2026-09-04T05:47:15Z INF Retrying connection in up to 1m4s connIndex=0 event=0 ip=2606:4700:a0::8
2026-09-04T05:47:23Z INF Tunnel connection curve preferences: [X25519MLKEM768 CurveID(65074) CurveP256] connIndex=0 event=0 ip=2606:4700:a0::8
2026-09-04T05:47:23Z ERR failed to run the datagram handler error="context canceled" connIndex=0 event=0 ip=2606:4700:a0::8
2026-09-04T05:47:23Z ERR failed to serve tunnel connection error="control stream encountered a failure while serving" connIndex=0 event=0 ip=2606:4700:a0::8
2026-09-04T05:47:23Z ERR Serve tunnel error error="control stream encountered a failure while serving" connIndex=0 event=0 ip=2606:4700:a0::8
2026-09-04T05:47:23Z INF Retrying connection in up to 1m4s connIndex=0 event=0 ip=2606:4700:a0::8
2026-09-04T05:47:42Z INF Tunnel connection curve preferences: [X25519MLKEM768 CurveID(65074) CurveP256] connIndex=0 event=0 ip=2606:4700:a0::8
2026-09-04T05:47:42Z ERR failed to run the datagram handler error="context canceled" connIndex=0 event=0 ip=2606:4700:a0::8
2026-09-04T05:47:42Z ERR failed to serve tunnel connection error="control stream encountered a failure while serving" connIndex=0 event=0 ip=2606:4700:a0::8
2026-09-04T05:47:42Z ERR Serve tunnel error error="control stream encountered a failure while serving" connIndex=0 event=0 ip=2606:4700:a0::8
2026-09-04T05:47:42Z INF Retrying connection in up to 1m4s connIndex=0 event=0 ip=2606:4700:a0::8
2026-09-04T05:47:46Z INF Tunnel connection curve preferences: [X25519MLKEM768 CurveID(65074) CurveP256] connIndex=0 event=0 ip=2606:4700:a0::8
2026-09-04T05:47:46Z ERR failed to run the datagram handler error="context canceled" connIndex=0 event=0 ip=2606:4700:a0::8
2026-09-04T05:47:46Z ERR failed to serve tunnel connection error="control stream encountered a failure while serving" connIndex=0 event=0 ip=2606:4700:a0::8
2026-09-04T05:47:46Z ERR Serve tunnel error error="control stream encountered a failure while serving" connIndex=0 event=0 ip=2606:4700:a0::8
2026-09-04T05:47:46Z INF Retrying connection in up to 1m4s connIndex=0 event=0 ip=2606:4700:a0::8
2026-09-04T05:47:56Z INF Tunnel connection curve preferences: [X25519MLKEM768 CurveID(65074) CurveP256] connIndex=0 event=0 ip=2606:4700:a0::8
2026-09-04T05:47:56Z ERR failed to run the datagram handler error="context canceled" connIndex=0 event=0 ip=2606:4700:a0::8
2026-09-04T05:47:56Z ERR failed to serve tunnel connection error="control stream encountered a failure while serving" connIndex=0 event=0 ip=2606:4700:a0::8
2026-09-04T05:47:56Z ERR Serve tunnel error error="control stream encountered a failure while serving" connIndex=0 event=0 ip=2606:4700:a0::8
2026-09-04T05:47:56Z INF Retrying connection in up to 1m4s connIndex=0 event=0 ip=2606:4700:a0::8
2026-09-04T05:48:08Z INF Tunnel connection curve preferences: [X25519MLKEM768 CurveID(65074) CurveP256] connIndex=0 event=0 ip=2606:4700:a0::8
2026-09-04T05:48:08Z ERR failed to run the datagram handler error="context canceled" connIndex=0 event=0 ip=2606:4700:a0::8
2026-09-04T05:48:08Z ERR failed to serve tunnel connection error="control stream encountered a failure while serving" connIndex=0 event=0 ip=2606:4700:a0::8
2026-09-04T05:48:08Z ERR Serve tunnel error error="control stream encountered a failure while serving" connIndex=0 event=0 ip=2606:4700:a0::8
2026-09-04T05:48:08Z INF Retrying connection in up to 1m4s connIndex=0 event=0 ip=2606:4700:a0::8
2026-09-04T05:48:23Z INF Tunnel connection curve preferences: [X25519MLKEM768 CurveID(65074) CurveP256] connIndex=0 event=0 ip=2606:4700:a0::8
2026-09-04T05:48:23Z ERR failed to run the datagram handler error="context canceled" connIndex=0 event=0 ip=2606:4700:a0::8
2026-09-04T05:48:23Z ERR failed to serve tunnel connection error="control stream encountered a failure while serving" connIndex=0 event=0 ip=2606:4700:a0::8
2026-09-04T05:48:23Z ERR Serve tunnel error error="control stream encountered a failure while serving" connIndex=0 event=0 ip=2606:4700:a0::8
2026-09-04T05:48:23Z INF Retrying connection in up to 1m4s connIndex=0 event=0 ip=2606:4700:a0::8
2026-09-04T05:48:46Z INF Tunnel connection curve preferences: [X25519MLKEM768 CurveID(65074) CurveP256] connIndex=0 event=0 ip=2606:4700:a0::8
2026-09-04T05:48:46Z ERR failed to run the datagram handler error="context canceled" connIndex=0 event=0 ip=2606:4700:a0::8
2026-09-04T05:48:46Z ERR failed to serve tunnel connection error="control stream encountered a failure while serving" connIndex=0 event=0 ip=2606:4700:a0::8
2026-09-04T05:48:46Z ERR Serve tunnel error error="control stream encountered a failure while serving" connIndex=0 event=0 ip=2606:4700:a0::8
2026-09-04T05:48:46Z INF Retrying connection in up to 1m4s connIndex=0 event=0 ip=2606:4700:a0::8
2026-09-04T05:48:50Z INF Tunnel connection curve preferences: [X25519MLKEM768 CurveID(65074) CurveP256] connIndex=0 event=0 ip=2606:4700:a0::8
2026-09-04T05:48:50Z ERR failed to run the datagram handler error="context canceled" connIndex=0 event=0 ip=2606:4700:a0::8
2026-09-04T05:48:50Z ERR failed to serve tunnel connection error="control stream encountered a failure while serving" connIndex=0 event=0 ip=2606:4700:a0::8
2026-09-04T05:48:50Z ERR Serve tunnel error error="control stream encountered a failure while serving" connIndex=0 event=0 ip=2606:4700:a0::8
2026-09-04T05:48:50Z INF Retrying connection in up to 1m4s connIndex=0 event=0 ip=2606:4700:a0::8
2026-09-04T05:49:18Z INF Tunnel connection curve preferences: [X25519MLKEM768 CurveID(65074) CurveP256] connIndex=0 event=0 ip=2606:4700:a0::8
2026-09-04T05:49:18Z ERR failed to run the datagram handler error="context canceled" connIndex=0 event=0 ip=2606:4700:a0::8
2026-09-04T05:49:18Z ERR failed to serve tunnel connection error="control stream encountered a failure while serving" connIndex=0 event=0 ip=2606:4700:a0::8
2026-09-04T05:49:18Z ERR Serve tunnel error error="control stream encountered a failure while serving" connIndex=0 event=0 ip=2606:4700:a0::8
2026-09-04T05:49:18Z INF Retrying connection in up to 1m4s connIndex=0 event=0 ip=2606:4700:a0::8
2026-09-04T05:49:43Z INF Tunnel connection curve preferences: [X25519MLKEM768 CurveID(65074) CurveP256] connIndex=0 event=0 ip=2606:4700:a0::8
2026-09-04T05:49:43Z ERR failed to run the datagram handler error="context canceled" connIndex=0 event=0 ip=2606:4700:a0::8
2026-09-04T05:49:43Z ERR failed to serve tunnel connection error="control stream encountered a failure while serving" connIndex=0 event=0 ip=2606:4700:a0::8
2026-09-04T05:49:43Z ERR Serve tunnel error error="control stream encountered a failure while serving" connIndex=0 event=0 ip=2606:4700:a0::8
2026-09-04T05:49:43Z INF Retrying connection in up to 1m4s connIndex=0 event=0 ip=2606:4700:a0::8
2026-09-04T05:49:57Z INF Tunnel connection curve preferences: [X25519MLKEM768 CurveID(65074) CurveP256] connIndex=0 event=0 ip=2606:4700:a0::8
2026-09-04T05:49:57Z ERR failed to run the datagram handler error="context canceled" connIndex=0 event=0 ip=2606:4700:a0::8
2026-09-04T05:49:57Z ERR failed to serve tunnel connection error="control stream encountered a failure while serving" connIndex=0 event=0 ip=2606:4700:a0::8
2026-09-04T05:49:57Z ERR Serve tunnel error error="control stream encountered a failure while serving" connIndex=0 event=0 ip=2606:4700:a0::8
2026-09-04T05:49:57Z INF Retrying connection in up to 1m4s connIndex=0 event=0 ip=2606:4700:a0::8
2026-09-04T05:50:01Z INF Tunnel connection curve preferences: [X25519MLKEM768 CurveID(65074) CurveP256] connIndex=0 event=0 ip=2606:4700:a0::8
2026-09-04T05:50:01Z ERR failed to run the datagram handler error="context canceled" connIndex=0 event=0 ip=2606:4700:a0::8
2026-09-04T05:50:01Z ERR failed to serve tunnel connection error="control stream encountered a failure while serving" connIndex=0 event=0 ip=2606:4700:a0::8
2026-09-04T05:50:01Z ERR Serve tunnel error error="control stream encountered a failure while serving" connIndex=0 event=0 ip=2606:4700:a0::8
2026-09-04T05:50:01Z INF Retrying connection in up to 1m4s connIndex=0 event=0 ip=2606:4700:a0::8
2026-09-04T05:50:07Z INF Tunnel connection curve preferences: [X25519MLKEM768 CurveID(65074) CurveP256] connIndex=0 event=0 ip=2606:4700:a0::8
2026-09-04T05:50:07Z ERR failed to run the datagram handler error="context canceled" connIndex=0 event=0 ip=2606:4700:a0::8
2026-09-04T05:50:07Z ERR failed to serve tunnel connection error="control stream encountered a failure while serving" connIndex=0 event=0 ip=2606:4700:a0::8
2026-09-04T05:50:07Z ERR Serve tunnel error error="control stream encountered a failure while serving" connIndex=0 event=0 ip=2606:4700:a0::8
2026-09-04T05:50:07Z INF Retrying connection in up to 1m4s connIndex=0 event=0 ip=2606:4700:a0::8
2026-09-04T05:50:38Z INF Tunnel connection curve preferences: [X25519MLKEM768 CurveID(65074) CurveP256] connIndex=0 event=0 ip=2606:4700:a0::8
2026-09-04T05:50:38Z ERR failed to run the datagram handler error="context canceled" connIndex=0 event=0 ip=2606:4700:a0::8
2026-09-04T05:50:38Z ERR failed to serve tunnel connection error="control stream encountered a failure while serving" connIndex=0 event=0 ip=2606:4700:a0::8
2026-09-04T05:50:38Z ERR Serve tunnel error error="control stream encountered a failure while serving" connIndex=0 event=0 ip=2606:4700:a0::8
2026-09-04T05:50:38Z INF Retrying connection in up to 1m4s connIndex=0 event=0 ip=2606:4700:a0::8
2026-09-04T05:51:08Z INF Tunnel connection curve preferences: [X25519MLKEM768 CurveID(65074) CurveP256] connIndex=0 event=0 ip=2606:4700:a0::8
2026-09-04T05:51:08Z ERR failed to run the datagram handler error="context canceled" connIndex=0 event=0 ip=2606:4700:a0::8
2026-09-04T05:51:08Z ERR failed to serve tunnel connection error="control stream encountered a failure while serving" connIndex=0 event=0 ip=2606:4700:a0::8
2026-09-04T05:51:08Z ERR Serve tunnel error error="control stream encountered a failure while serving" connIndex=0 event=0 ip=2606:4700:a0::8
2026-09-04T05:51:08Z INF Retrying connection in up to 1m4s connIndex=0 event=0 ip=2606:4700:a0::8
2026-09-04T05:51:35Z INF Tunnel connection curve preferences: [X25519MLKEM768 CurveID(65074) CurveP256] connIndex=0 event=0 ip=2606:4700:a0::8
2026-09-04T05:51:35Z ERR failed to run the datagram handler error="context canceled" connIndex=0 event=0 ip=2606:4700:a0::8
2026-09-04T05:51:35Z ERR failed to serve tunnel connection error="control stream encountered a failure while serving" connIndex=0 event=0 ip=2606:4700:a0::8
2026-09-04T05:51:35Z ERR Serve tunnel error error="control stream encountered a failure while serving" connIndex=0 event=0 ip=2606:4700:a0::8
2026-09-04T05:51:35Z INF Retrying connection in up to 1m4s connIndex=0 event=0 ip=2606:4700:a0::8
2026-09-04T05:51:57Z INF Tunnel connection curve preferences: [X25519MLKEM768 CurveID(65074) CurveP256] connIndex=0 event=0 ip=2606:4700:a0::8
2026-09-04T05:51:57Z ERR failed to run the datagram handler error="context canceled" connIndex=0 event=0 ip=2606:4700:a0::8
2026-09-04T05:51:57Z ERR failed to serve tunnel connection error="control stream encountered a failure while serving" connIndex=0 event=0 ip=2606:4700:a0::8
2026-09-04T05:51:57Z ERR Serve tunnel error error="control stream encountered a failure while serving" connIndex=0 event=0 ip=2606:4700:a0::8
2026-09-04T05:51:57Z INF Retrying connection in up to 1m4s connIndex=0 event=0 ip=2606:4700:a0::8
2026-09-04T05:52:05Z INF Tunnel connection curve preferences: [X25519MLKEM768 CurveID(65074) CurveP256] connIndex=0 event=0 ip=2606:4700:a0::8
2026-09-04T05:52:05Z ERR failed to run the datagram handler error="context canceled" connIndex=0 event=0 ip=2606:4700:a0::8
2026-09-04T05:52:05Z ERR failed to serve tunnel connection error="control stream encountered a failure while serving" connIndex=0 event=0 ip=2606:4700:a0::8
2026-09-04T05:52:05Z ERR Serve tunnel error error="control stream encountered a failure while serving" connIndex=0 event=0 ip=2606:4700:a0::8
2026-09-04T05:52:05Z INF Retrying connection in up to 1m4s connIndex=0 event=0 ip=2606:4700:a0::8
2026-09-04T05:52:21Z INF Tunnel connection curve preferences: [X25519MLKEM768 CurveID(65074) CurveP256] connIndex=0 event=0 ip=2606:4700:a0::8
2026-09-04T05:52:21Z ERR failed to run the datagram handler error="context canceled" connIndex=0 event=0 ip=2606:4700:a0::8
2026-09-04T05:52:21Z ERR failed to serve tunnel connection error="control stream encountered a failure while serving" connIndex=0 event=0 ip=2606:4700:a0::8
2026-09-04T05:52:21Z ERR Serve tunnel error error="control stream encountered a failure while serving" connIndex=0 event=0 ip=2606:4700:a0::8
2026-09-04T05:52:21Z INF Retrying connection in up to 1m4s connIndex=0 event=0 ip=2606:4700:a0::8
2026-09-04T05:52:22Z INF Tunnel connection curve preferences: [X25519MLKEM768 CurveID(65074) CurveP256] connIndex=0 event=0 ip=2606:4700:a0::8
2026-09-04T05:52:22Z ERR failed to run the datagram handler error="context canceled" connIndex=0 event=0 ip=2606:4700:a0::8
2026-09-04T05:52:22Z ERR failed to serve tunnel connection error="control stream encountered a failure while serving" connIndex=0 event=0 ip=2606:4700:a0::8
2026-09-04T05:52:22Z ERR Serve tunnel error error="control stream encountered a failure while serving" connIndex=0 event=0 ip=2606:4700:a0::8
2026-09-04T05:52:22Z INF Retrying connection in up to 1m4s connIndex=0 event=0 ip=2606:4700:a0::8
2026-09-04T05:52:46Z INF Tunnel connection curve preferences: [X25519MLKEM768 CurveID(65074) CurveP256] connIndex=0 event=0 ip=2606:4700:a0::8
2026-09-04T05:52:46Z ERR failed to run the datagram handler error="context canceled" connIndex=0 event=0 ip=2606:4700:a0::8
2026-09-04T05:52:46Z ERR failed to serve tunnel connection error="control stream encountered a failure while serving" connIndex=0 event=0 ip=2606:4700:a0::8
2026-09-04T05:52:46Z ERR Serve tunnel error error="control stream encountered a failure while serving" connIndex=0 event=0 ip=2606:4700:a0::8
2026-09-04T05:52:46Z INF Retrying connection in up to 1m4s connIndex=0 event=0 ip=2606:4700:a0::8
2026-09-04T05:53:12Z INF Tunnel connection curve preferences: [X25519MLKEM768 CurveID(65074) CurveP256] connIndex=0 event=0 ip=2606:4700:a0::8
2026-09-04T05:53:12Z ERR failed to run the datagram handler error="context canceled" connIndex=0 event=0 ip=2606:4700:a0::8
2026-09-04T05:53:12Z ERR failed to serve tunnel connection error="control stream encountered a failure while serving" connIndex=0 event=0 ip=2606:4700:a0::8
2026-09-04T05:53:12Z ERR Serve tunnel error error="control stream encountered a failure while serving" connIndex=0 event=0 ip=2606:4700:a0::8
2026-09-04T05:53:12Z INF Retrying connection in up to 1m4s connIndex=0 event=0 ip=2606:4700:a0::8
2026-09-04T05:53:33Z INF Tunnel connection curve preferences: [X25519MLKEM768 CurveID(65074) CurveP256] connIndex=0 event=0 ip=2606:4700:a0::8
2026-09-04T05:53:33Z ERR failed to run the datagram handler error="context canceled" connIndex=0 event=0 ip=2606:4700:a0::8
2026-09-04T05:53:33Z ERR failed to serve tunnel connection error="control stream encountered a failure while serving" connIndex=0 event=0 ip=2606:4700:a0::8
2026-09-04T05:53:33Z ERR Serve tunnel error error="control stream encountered a failure while serving" connIndex=0 event=0 ip=2606:4700:a0::8
2026-09-04T05:53:33Z INF Retrying connection in up to 1m4s connIndex=0 event=0 ip=2606:4700:a0::8
2026-09-04T05:53:37Z INF Tunnel connection curve preferences: [X25519MLKEM768 CurveID(65074) CurveP256] connIndex=0 event=0 ip=2606:4700:a0::8
2026-09-04T05:53:37Z ERR failed to run the datagram handler error="context canceled" connIndex=0 event=0 ip=2606:4700:a0::8
2026-09-04T05:53:37Z ERR failed to serve tunnel connection error="control stream encountered a failure while serving" connIndex=0 event=0 ip=2606:4700:a0::8
2026-09-04T05:53:37Z ERR Serve tunnel error error="control stream encountered a failure while serving" connIndex=0 event=0 ip=2606:4700:a0::8
2026-09-04T05:53:37Z INF Retrying connection in up to 1m4s connIndex=0 event=0 ip=2606:4700:a0::8
2026-09-04T05:53:46Z INF Tunnel connection curve preferences: [X25519MLKEM768 CurveID(65074) CurveP256] connIndex=0 event=0 ip=2606:4700:a0::8
2026-09-04T05:53:46Z ERR failed to run the datagram handler error="context canceled" connIndex=0 event=0 ip=2606:4700:a0::8
2026-09-04T05:53:46Z ERR failed to serve tunnel connection error="control stream encountered a failure while serving" connIndex=0 event=0 ip=2606:4700:a0::8
2026-09-04T05:53:46Z ERR Serve tunnel error error="control stream encountered a failure while serving" connIndex=0 event=0 ip=2606:4700:a0::8
2026-09-04T05:53:46Z INF Retrying connection in up to 1m4s connIndex=0 event=0 ip=2606:4700:a0::8
2026-09-04T05:54:03Z INF Tunnel connection curve preferences: [X25519MLKEM768 CurveID(65074) CurveP256] connIndex=0 event=0 ip=2606:4700:a0::8
2026-09-04T05:54:03Z ERR failed to run the datagram handler error="context canceled" connIndex=0 event=0 ip=2606:4700:a0::8
2026-09-04T05:54:03Z ERR failed to serve tunnel connection error="control stream encountered a failure while serving" connIndex=0 event=0 ip=2606:4700:a0::8
2026-09-04T05:54:03Z ERR Serve tunnel error error="control stream encountered a failure while serving" connIndex=0 event=0 ip=2606:4700:a0::8
2026-09-04T05:54:03Z INF Retrying connection in up to 1m4s connIndex=0 event=0 ip=2606:4700:a0::8
2026-09-04T05:54:35Z INF Tunnel connection curve preferences: [X25519MLKEM768 CurveID(65074) CurveP256] connIndex=0 event=0 ip=2606:4700:a0::8
2026-09-04T05:54:35Z ERR failed to run the datagram handler error="context canceled" connIndex=0 event=0 ip=2606:4700:a0::8
2026-09-04T05:54:35Z ERR failed to serve tunnel connection error="control stream encountered a failure while serving" connIndex=0 event=0 ip=2606:4700:a0::8
2026-09-04T05:54:35Z ERR Serve tunnel error error="control stream encountered a failure while serving" connIndex=0 event=0 ip=2606:4700:a0::8
2026-09-04T05:54:35Z INF Retrying connection in up to 1m4s connIndex=0 event=0 ip=2606:4700:a0::8
2026-09-04T05:55:02Z INF Tunnel connection curve preferences: [X25519MLKEM768 CurveID(65074) CurveP256] connIndex=0 event=0 ip=2606:4700:a0::8
2026-09-04T05:55:02Z ERR failed to run the datagram handler error="context canceled" connIndex=0 event=0 ip=2606:4700:a0::8
2026-09-04T05:55:02Z ERR failed to serve tunnel connection error="control stream encountered a failure while serving" connIndex=0 event=0 ip=2606:4700:a0::8
2026-09-04T05:55:02Z ERR Serve tunnel error error="control stream encountered a failure while serving" connIndex=0 event=0 ip=2606:4700:a0::8
2026-09-04T05:55:02Z INF Retrying connection in up to 1m4s connIndex=0 event=0 ip=2606:4700:a0::8
2026-09-04T05:55:19Z INF Tunnel connection curve preferences: [X25519MLKEM768 CurveID(65074) CurveP256] connIndex=0 event=0 ip=2606:4700:a0::8
2026-09-04T05:55:19Z ERR failed to run the datagram handler error="context canceled" connIndex=0 event=0 ip=2606:4700:a0::8
2026-09-04T05:55:19Z ERR failed to serve tunnel connection error="control stream encountered a failure while serving" connIndex=0 event=0 ip=2606:4700:a0::8
2026-09-04T05:55:19Z ERR Serve tunnel error error="control stream encountered a failure while serving" connIndex=0 event=0 ip=2606:4700:a0::8
2026-09-04T05:55:19Z INF Retrying connection in up to 1m4s connIndex=0 event=0 ip=2606:4700:a0::8
2026-09-04T05:55:37Z INF Tunnel connection curve preferences: [X25519MLKEM768 CurveID(65074) CurveP256] connIndex=0 event=0 ip=2606:4700:a0::8
2026-09-04T05:55:37Z ERR failed to run the datagram handler error="context canceled" connIndex=0 event=0 ip=2606:4700:a0::8
2026-09-04T05:55:37Z ERR failed to serve tunnel connection error="control stream encountered a failure while serving" connIndex=0 event=0 ip=2606:4700:a0::8
2026-09-04T05:55:37Z ERR Serve tunnel error error="control stream encountered a failure while serving" connIndex=0 event=0 ip=2606:4700:a0::8
2026-09-04T05:55:37Z INF Retrying connection in up to 1m4s connIndex=0 event=0 ip=2606:4700:a0::8
2026-09-04T05:56:00Z INF Tunnel connection curve preferences: [X25519MLKEM768 CurveID(65074) CurveP256] connIndex=0 event=0 ip=2606:4700:a0::8
2026-09-04T05:56:01Z ERR failed to run the datagram handler error="context canceled" connIndex=0 event=0 ip=2606:4700:a0::8
2026-09-04T05:56:01Z ERR failed to serve tunnel connection error="control stream encountered a failure while serving" connIndex=0 event=0 ip=2606:4700:a0::8
2026-09-04T05:56:01Z ERR Serve tunnel error error="control stream encountered a failure while serving" connIndex=0 event=0 ip=2606:4700:a0::8
2026-09-04T05:56:01Z INF Retrying connection in up to 1m4s connIndex=0 event=0 ip=2606:4700:a0::8
2026-09-04T05:56:19Z INF Tunnel connection curve preferences: [X25519MLKEM768 CurveID(65074) CurveP256] connIndex=0 event=0 ip=2606:4700:a0::8
2026-09-04T05:56:19Z ERR failed to run the datagram handler error="context canceled" connIndex=0 event=0 ip=2606:4700:a0::8
2026-09-04T05:56:19Z ERR failed to serve tunnel connection error="control stream encountered a failure while serving" connIndex=0 event=0 ip=2606:4700:a0::8
2026-09-04T05:56:19Z ERR Serve tunnel error error="control stream encountered a failure while serving" connIndex=0 event=0 ip=2606:4700:a0::8
2026-09-04T05:56:19Z INF Retrying connection in up to 1m4s connIndex=0 event=0 ip=2606:4700:a0::8
2026-09-04T05:56:19Z INF Tunnel connection curve preferences: [X25519MLKEM768 CurveID(65074) CurveP256] connIndex=0 event=0 ip=2606:4700:a0::8
2026-09-04T05:56:20Z ERR failed to run the datagram handler error="context canceled" connIndex=0 event=0 ip=2606:4700:a0::8
2026-09-04T05:56:20Z ERR failed to serve tunnel connection error="control stream encountered a failure while serving" connIndex=0 event=0 ip=2606:4700:a0::8
2026-09-04T05:56:20Z ERR Serve tunnel error error="control stream encountered a failure while serving" connIndex=0 event=0 ip=2606:4700:a0::8
2026-09-04T05:56:20Z INF Retrying connection in up to 1m4s connIndex=0 event=0 ip=2606:4700:a0::8
2026-09-04T05:56:28Z INF Tunnel connection curve preferences: [X25519MLKEM768 CurveID(65074) CurveP256] connIndex=0 event=0 ip=2606:4700:a0::8
2026-09-04T05:56:28Z ERR failed to run the datagram handler error="context canceled" connIndex=0 event=0 ip=2606:4700:a0::8
2026-09-04T05:56:28Z ERR failed to serve tunnel connection error="control stream encountered a failure while serving" connIndex=0 event=0 ip=2606:4700:a0::8
2026-09-04T05:56:28Z ERR Serve tunnel error error="control stream encountered a failure while serving" connIndex=0 event=0 ip=2606:4700:a0::8
2026-09-04T05:56:28Z INF Retrying connection in up to 1m4s connIndex=0 event=0 ip=2606:4700:a0::8
2026-09-04T05:56:29Z INF Tunnel connection curve preferences: [X25519MLKEM768 CurveID(65074) CurveP256] connIndex=0 event=0 ip=2606:4700:a0::8
2026-09-04T05:56:29Z ERR failed to run the datagram handler error="context canceled" connIndex=0 event=0 ip=2606:4700:a0::8
2026-09-04T05:56:29Z ERR failed to serve tunnel connection error="control stream encountered a failure while serving" connIndex=0 event=0 ip=2606:4700:a0::8
2026-09-04T05:56:29Z ERR Serve tunnel error error="control stream encountered a failure while serving" connIndex=0 event=0 ip=2606:4700:a0::8
2026-09-04T05:56:29Z INF Retrying connection in up to 1m4s connIndex=0 event=0 ip=2606:4700:a0::8
2026-09-04T05:56:55Z INF Tunnel connection curve preferences: [X25519MLKEM768 CurveID(65074) CurveP256] connIndex=0 event=0 ip=2606:4700:a0::8
2026-09-04T05:56:55Z ERR failed to run the datagram handler error="context canceled" connIndex=0 event=0 ip=2606:4700:a0::8
2026-09-04T05:56:55Z ERR failed to serve tunnel connection error="control stream encountered a failure while serving" connIndex=0 event=0 ip=2606:4700:a0::8
2026-09-04T05:56:55Z ERR Serve tunnel error error="control stream encountered a failure while serving" connIndex=0 event=0 ip=2606:4700:a0::8
2026-09-04T05:56:55Z INF Retrying connection in up to 1m4s connIndex=0 event=0 ip=2606:4700:a0::8
2026-09-04T05:56:57Z INF Tunnel connection curve preferences: [X25519MLKEM768 CurveID(65074) CurveP256] connIndex=0 event=0 ip=2606:4700:a0::8
2026-09-04T05:56:57Z ERR failed to run the datagram handler error="context canceled" connIndex=0 event=0 ip=2606:4700:a0::8
2026-09-04T05:56:57Z ERR failed to serve tunnel connection error="control stream encountered a failure while serving" connIndex=0 event=0 ip=2606:4700:a0::8
2026-09-04T05:56:57Z ERR Serve tunnel error error="control stream encountered a failure while serving" connIndex=0 event=0 ip=2606:4700:a0::8
2026-09-04T05:56:57Z INF Retrying connection in up to 1m4s connIndex=0 event=0 ip=2606:4700:a0::8
2026-09-04T05:57:19Z INF Tunnel connection curve preferences: [X25519MLKEM768 CurveID(65074) CurveP256] connIndex=0 event=0 ip=2606:4700:a0::8
2026-09-04T05:57:19Z ERR failed to run the datagram handler error="context canceled" connIndex=0 event=0 ip=2606:4700:a0::8
2026-09-04T05:57:19Z ERR failed to serve tunnel connection error="control stream encountered a failure while serving" connIndex=0 event=0 ip=2606:4700:a0::8
2026-09-04T05:57:19Z ERR Serve tunnel error error="control stream encountered a failure while serving" connIndex=0 event=0 ip=2606:4700:a0::8
2026-09-04T05:57:19Z INF Retrying connection in up to 1m4s connIndex=0 event=0 ip=2606:4700:a0::8
2026-09-04T05:57:27Z INF Tunnel connection curve preferences: [X25519MLKEM768 CurveID(65074) CurveP256] connIndex=0 event=0 ip=2606:4700:a0::8
2026-09-04T05:57:27Z ERR failed to run the datagram handler error="context canceled" connIndex=0 event=0 ip=2606:4700:a0::8
2026-09-04T05:57:27Z ERR failed to serve tunnel connection error="control stream encountered a failure while serving" connIndex=0 event=0 ip=2606:4700:a0::8
2026-09-04T05:57:27Z ERR Serve tunnel error error="control stream encountered a failure while serving" connIndex=0 event=0 ip=2606:4700:a0::8
2026-09-04T05:57:27Z INF Retrying connection in up to 1m4s connIndex=0 event=0 ip=2606:4700:a0::8
2026-09-04T05:57:55Z INF Tunnel connection curve preferences: [X25519MLKEM768 CurveID(65074) CurveP256] connIndex=0 event=0 ip=2606:4700:a0::8
2026-09-04T05:57:55Z ERR failed to run the datagram handler error="context canceled" connIndex=0 event=0 ip=2606:4700:a0::8
2026-09-04T05:57:55Z ERR failed to serve tunnel connection error="control stream encountered a failure while serving" connIndex=0 event=0 ip=2606:4700:a0::8
2026-09-04T05:57:55Z ERR Serve tunnel error error="control stream encountered a failure while serving" connIndex=0 event=0 ip=2606:4700:a0::8
2026-09-04T05:57:55Z INF Retrying connection in up to 1m4s connIndex=0 event=0 ip=2606:4700:a0::8
2026-09-04T05:58:05Z INF Tunnel connection curve preferences: [X25519MLKEM768 CurveID(65074) CurveP256] connIndex=0 event=0 ip=2606:4700:a0::8
2026-09-04T05:58:05Z ERR failed to run the datagram handler error="context canceled" connIndex=0 event=0 ip=2606:4700:a0::8
2026-09-04T05:58:05Z ERR failed to serve tunnel connection error="control stream encountered a failure while serving" connIndex=0 event=0 ip=2606:4700:a0::8
2026-09-04T05:58:05Z ERR Serve tunnel error error="control stream encountered a failure while serving" connIndex=0 event=0 ip=2606:4700:a0::8
2026-09-04T05:58:05Z INF Retrying connection in up to 1m4s connIndex=0 event=0 ip=2606:4700:a0::8
2026-09-04T05:58:27Z INF Tunnel connection curve preferences: [X25519MLKEM768 CurveID(65074) CurveP256] connIndex=0 event=0 ip=2606:4700:a0::8
2026-09-04T05:58:27Z ERR failed to run the datagram handler error="context canceled" connIndex=0 event=0 ip=2606:4700:a0::8
2026-09-04T05:58:27Z ERR failed to serve tunnel connection error="control stream encountered a failure while serving" connIndex=0 event=0 ip=2606:4700:a0::8
2026-09-04T05:58:27Z ERR Serve tunnel error error="control stream encountered a failure while serving" connIndex=0 event=0 ip=2606:4700:a0::8
2026-09-04T05:58:27Z INF Retrying connection in up to 1m4s connIndex=0 event=0 ip=2606:4700:a0::8
2026-09-04T05:58:54Z INF Tunnel connection curve preferences: [X25519MLKEM768 CurveID(65074) CurveP256] connIndex=0 event=0 ip=2606:4700:a0::8
2026-09-04T05:58:54Z ERR failed to run the datagram handler error="context canceled" connIndex=0 event=0 ip=2606:4700:a0::8
2026-09-04T05:58:54Z ERR failed to serve tunnel connection error="control stream encountered a failure while serving" connIndex=0 event=0 ip=2606:4700:a0::8
2026-09-04T05:58:54Z ERR Serve tunnel error error="control stream encountered a failure while serving" connIndex=0 event=0 ip=2606:4700:a0::8
2026-09-04T05:58:54Z INF Retrying connection in up to 1m4s connIndex=0 event=0 ip=2606:4700:a0::8
2026-09-04T05:58:56Z INF Tunnel connection curve preferences: [X25519MLKEM768 CurveID(65074) CurveP256] connIndex=0 event=0 ip=2606:4700:a0::8
2026-09-04T05:58:56Z ERR failed to run the datagram handler error="context canceled" connIndex=0 event=0 ip=2606:4700:a0::8
2026-09-04T05:58:56Z ERR failed to serve tunnel connection error="control stream encountered a failure while serving" connIndex=0 event=0 ip=2606:4700:a0::8
2026-09-04T05:58:56Z ERR Serve tunnel error error="control stream encountered a failure while serving" connIndex=0 event=0 ip=2606:4700:a0::8
2026-09-04T05:58:56Z INF Retrying connection in up to 1m4s connIndex=0 event=0 ip=2606:4700:a0::8
2026-09-04T05:59:08Z INF Tunnel connection curve preferences: [X25519MLKEM768 CurveID(65074) CurveP256] connIndex=0 event=0 ip=2606:4700:a0::8
2026-09-04T05:59:08Z ERR failed to run the datagram handler error="context canceled" connIndex=0 event=0 ip=2606:4700:a0::8
2026-09-04T05:59:08Z ERR failed to serve tunnel connection error="control stream encountered a failure while serving" connIndex=0 event=0 ip=2606:4700:a0::8
2026-09-04T05:59:08Z ERR Serve tunnel error error="control stream encountered a failure while serving" connIndex=0 event=0 ip=2606:4700:a0::8
2026-09-04T05:59:08Z INF Retrying connection in up to 1m4s connIndex=0 event=0 ip=2606:4700:a0::8
2026-09-04T05:59:30Z INF Tunnel connection curve preferences: [X25519MLKEM768 CurveID(65074) CurveP256] connIndex=0 event=0 ip=2606:4700:a0::8
2026-09-04T05:59:30Z ERR failed to run the datagram handler error="context canceled" connIndex=0 event=0 ip=2606:4700:a0::8
2026-09-04T05:59:30Z ERR failed to serve tunnel connection error="control stream encountered a failure while serving" connIndex=0 event=0 ip=2606:4700:a0::8
2026-09-04T05:59:30Z ERR Serve tunnel error error="control stream encountered a failure while serving" connIndex=0 event=0 ip=2606:4700:a0::8
2026-09-04T05:59:30Z INF Retrying connection in up to 1m4s connIndex=0 event=0 ip=2606:4700:a0::8
2026-09-04T05:59:43Z INF Tunnel connection curve preferences: [X25519MLKEM768 CurveID(65074) CurveP256] connIndex=0 event=0 ip=2606:4700:a0::8
2026-09-04T05:59:43Z ERR failed to run the datagram handler error="context canceled" connIndex=0 event=0 ip=2606:4700:a0::8
2026-09-04T05:59:43Z ERR failed to serve tunnel connection error="control stream encountered a failure while serving" connIndex=0 event=0 ip=2606:4700:a0::8
2026-09-04T05:59:43Z ERR Serve tunnel error error="control stream encountered a failure while serving" connIndex=0 event=0 ip=2606:4700:a0::8
2026-09-04T05:59:43Z INF Retrying connection in up to 1m4s connIndex=0 event=0 ip=2606:4700:a0::8
2026-09-04T05:59:56Z INF Tunnel connection curve preferences: [X25519MLKEM768 CurveID(65074) CurveP256] connIndex=0 event=0 ip=2606:4700:a0::8
2026-09-04T05:59:56Z ERR failed to run the datagram handler error="context canceled" connIndex=0 event=0 ip=2606:4700:a0::8
2026-09-04T05:59:56Z ERR failed to serve tunnel connection error="control stream encountered a failure while serving" connIndex=0 event=0 ip=2606:4700:a0::8
2026-09-04T05:59:56Z ERR Serve tunnel error error="control stream encountered a failure while serving" connIndex=0 event=0 ip=2606:4700:a0::8
2026-09-04T05:59:56Z INF Retrying connection in up to 1m4s connIndex=0 event=0 ip=2606:4700:a0::8
2026-09-04T06:00:04Z INF Tunnel connection curve preferences: [X25519MLKEM768 CurveID(65074) CurveP256] connIndex=0 event=0 ip=2606:4700:a0::8
2026-09-04T06:00:04Z ERR failed to run the datagram handler error="context canceled" connIndex=0 event=0 ip=2606:4700:a0::8
2026-09-04T06:00:04Z ERR failed to serve tunnel connection error="control stream encountered a failure while serving" connIndex=0 event=0 ip=2606:4700:a0::8
2026-09-04T06:00:04Z ERR Serve tunnel error error="control stream encountered a failure while serving" connIndex=0 event=0 ip=2606:4700:a0::8
2026-09-04T06:00:04Z INF Retrying connection in up to 1m4s connIndex=0 event=0 ip=2606:4700:a0::8
2026-09-04T06:00:25Z INF Tunnel connection curve preferences: [X25519MLKEM768 CurveID(65074) CurveP256] connIndex=0 event=0 ip=2606:4700:a0::8
2026-09-04T06:00:25Z ERR failed to run the datagram handler error="context canceled" connIndex=0 event=0 ip=2606:4700:a0::8
2026-09-04T06:00:25Z ERR failed to serve tunnel connection error="control stream encountered a failure while serving" connIndex=0 event=0 ip=2606:4700:a0::8
2026-09-04T06:00:25Z ERR Serve tunnel error error="control stream encountered a failure while serving" connIndex=0 event=0 ip=2606:4700:a0::8
2026-09-04T06:00:25Z INF Retrying connection in up to 1m4s connIndex=0 event=0 ip=2606:4700:a0::8
2026-09-04T06:00:57Z INF Tunnel connection curve preferences: [X25519MLKEM768 CurveID(65074) CurveP256] connIndex=0 event=0 ip=2606:4700:a0::8
2026-09-04T06:00:57Z ERR failed to run the datagram handler error="context canceled" connIndex=0 event=0 ip=2606:4700:a0::8
2026-09-04T06:00:57Z ERR failed to serve tunnel connection error="control stream encountered a failure while serving" connIndex=0 event=0 ip=2606:4700:a0::8
2026-09-04T06:00:57Z ERR Serve tunnel error error="control stream encountered a failure while serving" connIndex=0 event=0 ip=2606:4700:a0::8
2026-09-04T06:00:57Z INF Retrying connection in up to 1m4s connIndex=0 event=0 ip=2606:4700:a0::8
2026-09-04T06:01:04Z INF Tunnel connection curve preferences: [X25519MLKEM768 CurveID(65074) CurveP256] connIndex=0 event=0 ip=2606:4700:a0::8
2026-09-04T06:01:04Z ERR failed to run the datagram handler error="context canceled" connIndex=0 event=0 ip=2606:4700:a0::8
2026-09-04T06:01:04Z ERR failed to serve tunnel connection error="control stream encountered a failure while serving" connIndex=0 event=0 ip=2606:4700:a0::8
2026-09-04T06:01:04Z ERR Serve tunnel error error="control stream encountered a failure while serving" connIndex=0 event=0 ip=2606:4700:a0::8
2026-09-04T06:01:04Z INF Retrying connection in up to 1m4s connIndex=0 event=0 ip=2606:4700:a0::8
2026-09-04T06:01:05Z INF Tunnel connection curve preferences: [X25519MLKEM768 CurveID(65074) CurveP256] connIndex=0 event=0 ip=2606:4700:a0::8
2026-09-04T06:01:05Z ERR failed to run the datagram handler error="context canceled" connIndex=0 event=0 ip=2606:4700:a0::8
2026-09-04T06:01:05Z ERR failed to serve tunnel connection error="control stream encountered a failure while serving" connIndex=0 event=0 ip=2606:4700:a0::8
2026-09-04T06:01:05Z ERR Serve tunnel error error="control stream encountered a failure while serving" connIndex=0 event=0 ip=2606:4700:a0::8
2026-09-04T06:01:05Z INF Retrying connection in up to 1m4s connIndex=0 event=0 ip=2606:4700:a0::8
2026-09-04T06:01:29Z INF Tunnel connection curve preferences: [X25519MLKEM768 CurveID(65074) CurveP256] connIndex=0 event=0 ip=2606:4700:a0::8
2026-09-04T06:01:29Z ERR failed to run the datagram handler error="context canceled" connIndex=0 event=0 ip=2606:4700:a0::8
2026-09-04T06:01:29Z ERR failed to serve tunnel connection error="control stream encountered a failure while serving" connIndex=0 event=0 ip=2606:4700:a0::8
2026-09-04T06:01:29Z ERR Serve tunnel error error="control stream encountered a failure while serving" connIndex=0 event=0 ip=2606:4700:a0::8
2026-09-04T06:01:29Z INF Retrying connection in up to 1m4s connIndex=0 event=0 ip=2606:4700:a0::8
2026-09-04T06:01:47Z INF Tunnel connection curve preferences: [X25519MLKEM768 CurveID(65074) CurveP256] connIndex=0 event=0 ip=2606:4700:a0::8
2026-09-04T06:01:47Z ERR failed to run the datagram handler error="context canceled" connIndex=0 event=0 ip=2606:4700:a0::8
2026-09-04T06:01:47Z ERR failed to serve tunnel connection error="control stream encountered a failure while serving" connIndex=0 event=0 ip=2606:4700:a0::8
2026-09-04T06:01:47Z ERR Serve tunnel error error="control stream encountered a failure while serving" connIndex=0 event=0 ip=2606:4700:a0::8
2026-09-04T06:01:47Z INF Retrying connection in up to 1m4s connIndex=0 event=0 ip=2606:4700:a0::8
2026-09-04T06:02:11Z INF Tunnel connection curve preferences: [X25519MLKEM768 CurveID(65074) CurveP256] connIndex=0 event=0 ip=2606:4700:a0::8
2026-09-04T06:02:11Z ERR failed to run the datagram handler error="context canceled" connIndex=0 event=0 ip=2606:4700:a0::8
2026-09-04T06:02:11Z ERR failed to serve tunnel connection error="control stream encountered a failure while serving" connIndex=0 event=0 ip=2606:4700:a0::8
2026-09-04T06:02:11Z ERR Serve tunnel error error="control stream encountered a failure while serving" connIndex=0 event=0 ip=2606:4700:a0::8
2026-09-04T06:02:11Z INF Retrying connection in up to 1m4s connIndex=0 event=0 ip=2606:4700:a0::8
2026-09-04T06:02:20Z INF Tunnel connection curve preferences: [X25519MLKEM768 CurveID(65074) CurveP256] connIndex=0 event=0 ip=2606:4700:a0::8
2026-09-04T06:02:20Z ERR failed to run the datagram handler error="context canceled" connIndex=0 event=0 ip=2606:4700:a0::8
2026-09-04T06:02:20Z ERR failed to serve tunnel connection error="control stream encountered a failure while serving" connIndex=0 event=0 ip=2606:4700:a0::8
2026-09-04T06:02:20Z ERR Serve tunnel error error="control stream encountered a failure while serving" connIndex=0 event=0 ip=2606:4700:a0::8
2026-09-04T06:02:20Z INF Retrying connection in up to 1m4s connIndex=0 event=0 ip=2606:4700:a0::8
2026-09-04T06:02:39Z INF Tunnel connection curve preferences: [X25519MLKEM768 CurveID(65074) CurveP256] connIndex=0 event=0 ip=2606:4700:a0::8
2026-09-04T06:02:40Z ERR failed to run the datagram handler error="context canceled" connIndex=0 event=0 ip=2606:4700:a0::8
2026-09-04T06:02:40Z ERR failed to serve tunnel connection error="control stream encountered a failure while serving" connIndex=0 event=0 ip=2606:4700:a0::8
2026-09-04T06:02:40Z ERR Serve tunnel error error="control stream encountered a failure while serving" connIndex=0 event=0 ip=2606:4700:a0::8
2026-09-04T06:02:40Z INF Retrying connection in up to 1m4s connIndex=0 event=0 ip=2606:4700:a0::8
2026-09-04T06:02:45Z INF Tunnel connection curve preferences: [X25519MLKEM768 CurveID(65074) CurveP256] connIndex=0 event=0 ip=2606:4700:a0::8
2026-09-04T06:02:46Z ERR failed to run the datagram handler error="context canceled" connIndex=0 event=0 ip=2606:4700:a0::8
2026-09-04T06:02:46Z ERR failed to serve tunnel connection error="control stream encountered a failure while serving" connIndex=0 event=0 ip=2606:4700:a0::8
2026-09-04T06:02:46Z ERR Serve tunnel error error="control stream encountered a failure while serving" connIndex=0 event=0 ip=2606:4700:a0::8
2026-09-04T06:02:46Z INF Retrying connection in up to 1m4s connIndex=0 event=0 ip=2606:4700:a0::8
2026-09-04T06:02:46Z INF Tunnel connection curve preferences: [X25519MLKEM768 CurveID(65074) CurveP256] connIndex=0 event=0 ip=2606:4700:a0::8
2026-09-04T06:02:46Z ERR failed to run the datagram handler error="context canceled" connIndex=0 event=0 ip=2606:4700:a0::8
2026-09-04T06:02:46Z ERR failed to serve tunnel connection error="control stream encountered a failure while serving" connIndex=0 event=0 ip=2606:4700:a0::8
2026-09-04T06:02:46Z ERR Serve tunnel error error="control stream encountered a failure while serving" connIndex=0 event=0 ip=2606:4700:a0::8
2026-09-04T06:02:46Z INF Retrying connection in up to 1m4s connIndex=0 event=0 ip=2606:4700:a0::8
2026-09-04T06:02:56Z INF Tunnel connection curve preferences: [X25519MLKEM768 CurveID(65074) CurveP256] connIndex=0 event=0 ip=2606:4700:a0::8
2026-09-04T06:02:56Z ERR failed to run the datagram handler error="context canceled" connIndex=0 event=0 ip=2606:4700:a0::8
2026-09-04T06:02:56Z ERR failed to serve tunnel connection error="control stream encountered a failure while serving" connIndex=0 event=0 ip=2606:4700:a0::8
2026-09-04T06:02:56Z ERR Serve tunnel error error="control stream encountered a failure while serving" connIndex=0 event=0 ip=2606:4700:a0::8
2026-09-04T06:02:56Z INF Retrying connection in up to 1m4s connIndex=0 event=0 ip=2606:4700:a0::8
2026-09-04T06:02:56Z INF Tunnel connection curve preferences: [X25519MLKEM768 CurveID(65074) CurveP256] connIndex=0 event=0 ip=2606:4700:a0::8
2026-09-04T06:02:57Z ERR failed to run the datagram handler error="context canceled" connIndex=0 event=0 ip=2606:4700:a0::8
2026-09-04T06:02:57Z ERR failed to serve tunnel connection error="control stream encountered a failure while serving" connIndex=0 event=0 ip=2606:4700:a0::8
2026-09-04T06:02:57Z ERR Serve tunnel error error="control stream encountered a failure while serving" connIndex=0 event=0 ip=2606:4700:a0::8
2026-09-04T06:02:57Z INF Retrying connection in up to 1m4s connIndex=0 event=0 ip=2606:4700:a0::8
2026-09-04T06:03:22Z INF Tunnel connection curve preferences: [X25519MLKEM768 CurveID(65074) CurveP256] connIndex=0 event=0 ip=2606:4700:a0::8
2026-09-04T06:03:22Z ERR failed to run the datagram handler error="context canceled" connIndex=0 event=0 ip=2606:4700:a0::8
2026-09-04T06:03:22Z ERR failed to serve tunnel connection error="control stream encountered a failure while serving" connIndex=0 event=0 ip=2606:4700:a0::8
2026-09-04T06:03:22Z ERR Serve tunnel error error="control stream encountered a failure while serving" connIndex=0 event=0 ip=2606:4700:a0::8
2026-09-04T06:03:22Z INF Retrying connection in up to 1m4s connIndex=0 event=0 ip=2606:4700:a0::8
2026-09-04T06:03:30Z INF Tunnel connection curve preferences: [X25519MLKEM768 CurveID(65074) CurveP256] connIndex=0 event=0 ip=2606:4700:a0::8
2026-09-04T06:03:30Z ERR failed to run the datagram handler error="context canceled" connIndex=0 event=0 ip=2606:4700:a0::8
2026-09-04T06:03:30Z ERR failed to serve tunnel connection error="control stream encountered a failure while serving" connIndex=0 event=0 ip=2606:4700:a0::8
2026-09-04T06:03:30Z ERR Serve tunnel error error="control stream encountered a failure while serving" connIndex=0 event=0 ip=2606:4700:a0::8
2026-09-04T06:03:30Z INF Retrying connection in up to 1m4s connIndex=0 event=0 ip=2606:4700:a0::8
2026-09-04T06:03:50Z INF Tunnel connection curve preferences: [X25519MLKEM768 CurveID(65074) CurveP256] connIndex=0 event=0 ip=2606:4700:a0::8
2026-09-04T06:03:50Z ERR failed to run the datagram handler error="context canceled" connIndex=0 event=0 ip=2606:4700:a0::8
2026-09-04T06:03:50Z ERR failed to serve tunnel connection error="control stream encountered a failure while serving" connIndex=0 event=0 ip=2606:4700:a0::8
2026-09-04T06:03:50Z ERR Serve tunnel error error="control stream encountered a failure while serving" connIndex=0 event=0 ip=2606:4700:a0::8
2026-09-04T06:03:50Z INF Retrying connection in up to 1m4s connIndex=0 event=0 ip=2606:4700:a0::8
2026-09-04T06:04:07Z INF Tunnel connection curve preferences: [X25519MLKEM768 CurveID(65074) CurveP256] connIndex=0 event=0 ip=2606:4700:a0::8
2026-09-04T06:04:07Z ERR failed to run the datagram handler error="context canceled" connIndex=0 event=0 ip=2606:4700:a0::8
2026-09-04T06:04:07Z ERR failed to serve tunnel connection error="control stream encountered a failure while serving" connIndex=0 event=0 ip=2606:4700:a0::8
2026-09-04T06:04:07Z ERR Serve tunnel error error="control stream encountered a failure while serving" connIndex=0 event=0 ip=2606:4700:a0::8
2026-09-04T06:04:07Z INF Retrying connection in up to 1m4s connIndex=0 event=0 ip=2606:4700:a0::8
2026-09-04T06:04:21Z INF Tunnel connection curve preferences: [X25519MLKEM768 CurveID(65074) CurveP256] connIndex=0 event=0 ip=2606:4700:a0::8
2026-09-04T06:04:21Z ERR failed to run the datagram handler error="context canceled" connIndex=0 event=0 ip=2606:4700:a0::8
2026-09-04T06:04:21Z ERR failed to serve tunnel connection error="control stream encountered a failure while serving" connIndex=0 event=0 ip=2606:4700:a0::8
2026-09-04T06:04:21Z ERR Serve tunnel error error="control stream encountered a failure while serving" connIndex=0 event=0 ip=2606:4700:a0::8
2026-09-04T06:04:21Z INF Retrying connection in up to 1m4s connIndex=0 event=0 ip=2606:4700:a0::8
2026-09-04T06:04:28Z INF Tunnel connection curve preferences: [X25519MLKEM768 CurveID(65074) CurveP256] connIndex=0 event=0 ip=2606:4700:a0::8
2026-09-04T06:04:28Z ERR failed to run the datagram handler error="context canceled" connIndex=0 event=0 ip=2606:4700:a0::8
2026-09-04T06:04:28Z ERR failed to serve tunnel connection error="control stream encountered a failure while serving" connIndex=0 event=0 ip=2606:4700:a0::8
2026-09-04T06:04:28Z ERR Serve tunnel error error="control stream encountered a failure while serving" connIndex=0 event=0 ip=2606:4700:a0::8
2026-09-04T06:04:28Z INF Retrying connection in up to 1m4s connIndex=0 event=0 ip=2606:4700:a0::8
2026-09-04T06:04:53Z INF Tunnel connection curve preferences: [X25519MLKEM768 CurveID(65074) CurveP256] connIndex=0 event=0 ip=2606:4700:a0::8
2026-09-04T06:04:53Z ERR failed to run the datagram handler error="context canceled" connIndex=0 event=0 ip=2606:4700:a0::8
2026-09-04T06:04:53Z ERR failed to serve tunnel connection error="control stream encountered a failure while serving" connIndex=0 event=0 ip=2606:4700:a0::8
2026-09-04T06:04:53Z ERR Serve tunnel error error="control stream encountered a failure while serving" connIndex=0 event=0 ip=2606:4700:a0::8
2026-09-04T06:04:53Z INF Retrying connection in up to 1m4s connIndex=0 event=0 ip=2606:4700:a0::8
2026-09-04T06:05:09Z INF Tunnel connection curve preferences: [X25519MLKEM768 CurveID(65074) CurveP256] connIndex=0 event=0 ip=2606:4700:a0::8
2026-09-04T06:05:09Z ERR failed to run the datagram handler error="context canceled" connIndex=0 event=0 ip=2606:4700:a0::8
2026-09-04T06:05:09Z ERR failed to serve tunnel connection error="control stream encountered a failure while serving" connIndex=0 event=0 ip=2606:4700:a0::8
2026-09-04T06:05:09Z ERR Serve tunnel error error="control stream encountered a failure while serving" connIndex=0 event=0 ip=2606:4700:a0::8
2026-09-04T06:05:09Z INF Retrying connection in up to 1m4s connIndex=0 event=0 ip=2606:4700:a0::8
2026-09-04T06:05:18Z INF Tunnel connection curve preferences: [X25519MLKEM768 CurveID(65074) CurveP256] connIndex=0 event=0 ip=2606:4700:a0::8
2026-09-04T06:05:19Z ERR failed to run the datagram handler error="context canceled" connIndex=0 event=0 ip=2606:4700:a0::8
2026-09-04T06:05:19Z ERR failed to serve tunnel connection error="control stream encountered a failure while serving" connIndex=0 event=0 ip=2606:4700:a0::8
2026-09-04T06:05:19Z ERR Serve tunnel error error="control stream encountered a failure while serving" connIndex=0 event=0 ip=2606:4700:a0::8
2026-09-04T06:05:19Z INF Retrying connection in up to 1m4s connIndex=0 event=0 ip=2606:4700:a0::8
2026-09-04T06:05:30Z INF Tunnel connection curve preferences: [X25519MLKEM768 CurveID(65074) CurveP256] connIndex=0 event=0 ip=2606:4700:a0::8
2026-09-04T06:05:30Z ERR failed to run the datagram handler error="context canceled" connIndex=0 event=0 ip=2606:4700:a0::8
2026-09-04T06:05:30Z ERR failed to serve tunnel connection error="control stream encountered a failure while serving" connIndex=0 event=0 ip=2606:4700:a0::8
2026-09-04T06:05:30Z ERR Serve tunnel error error="control stream encountered a failure while serving" connIndex=0 event=0 ip=2606:4700:a0::8
2026-09-04T06:05:30Z INF Retrying connection in up to 1m4s connIndex=0 event=0 ip=2606:4700:a0::8
2026-09-04T06:05:40Z INF Tunnel connection curve preferences: [X25519MLKEM768 CurveID(65074) CurveP256] connIndex=0 event=0 ip=2606:4700:a0::8
2026-09-04T06:05:40Z ERR failed to run the datagram handler error="context canceled" connIndex=0 event=0 ip=2606:4700:a0::8
2026-09-04T06:05:40Z ERR failed to serve tunnel connection error="control stream encountered a failure while serving" connIndex=0 event=0 ip=2606:4700:a0::8
2026-09-04T06:05:40Z ERR Serve tunnel error error="control stream encountered a failure while serving" connIndex=0 event=0 ip=2606:4700:a0::8
2026-09-04T06:05:40Z INF Retrying connection in up to 1m4s connIndex=0 event=0 ip=2606:4700:a0::8
2026-09-04T06:06:12Z INF Tunnel connection curve preferences: [X25519MLKEM768 CurveID(65074) CurveP256] connIndex=0 event=0 ip=2606:4700:a0::8
2026-09-04T06:06:12Z ERR failed to run the datagram handler error="context canceled" connIndex=0 event=0 ip=2606:4700:a0::8
2026-09-04T06:06:12Z ERR failed to serve tunnel connection error="control stream encountered a failure while serving" connIndex=0 event=0 ip=2606:4700:a0::8
2026-09-04T06:06:12Z ERR Serve tunnel error error="control stream encountered a failure while serving" connIndex=0 event=0 ip=2606:4700:a0::8
2026-09-04T06:06:12Z INF Retrying connection in up to 1m4s connIndex=0 event=0 ip=2606:4700:a0::8
2026-09-04T06:06:33Z INF Tunnel connection curve preferences: [X25519MLKEM768 CurveID(65074) CurveP256] connIndex=0 event=0 ip=2606:4700:a0::8
2026-09-04T06:06:33Z ERR failed to run the datagram handler error="context canceled" connIndex=0 event=0 ip=2606:4700:a0::8
2026-09-04T06:06:33Z ERR failed to serve tunnel connection error="control stream encountered a failure while serving" connIndex=0 event=0 ip=2606:4700:a0::8
2026-09-04T06:06:33Z ERR Serve tunnel error error="control stream encountered a failure while serving" connIndex=0 event=0 ip=2606:4700:a0::8
2026-09-04T06:06:33Z INF Retrying connection in up to 1m4s connIndex=0 event=0 ip=2606:4700:a0::8
2026-09-04T06:06:33Z INF Tunnel connection curve preferences: [X25519MLKEM768 CurveID(65074) CurveP256] connIndex=0 event=0 ip=2606:4700:a0::8
2026-09-04T06:06:33Z ERR failed to run the datagram handler error="context canceled" connIndex=0 event=0 ip=2606:4700:a0::8
2026-09-04T06:06:33Z ERR failed to serve tunnel connection error="control stream encountered a failure while serving" connIndex=0 event=0 ip=2606:4700:a0::8
2026-09-04T06:06:33Z ERR Serve tunnel error error="control stream encountered a failure while serving" connIndex=0 event=0 ip=2606:4700:a0::8
2026-09-04T06:06:33Z INF Retrying connection in up to 1m4s connIndex=0 event=0 ip=2606:4700:a0::8
2026-09-04T06:06:59Z INF Tunnel connection curve preferences: [X25519MLKEM768 CurveID(65074) CurveP256] connIndex=0 event=0 ip=2606:4700:a0::8
2026-09-04T06:07:00Z ERR failed to run the datagram handler error="context canceled" connIndex=0 event=0 ip=2606:4700:a0::8
2026-09-04T06:07:00Z ERR failed to serve tunnel connection error="control stream encountered a failure while serving" connIndex=0 event=0 ip=2606:4700:a0::8
2026-09-04T06:07:00Z ERR Serve tunnel error error="control stream encountered a failure while serving" connIndex=0 event=0 ip=2606:4700:a0::8
2026-09-04T06:07:00Z INF Retrying connection in up to 1m4s connIndex=0 event=0 ip=2606:4700:a0::8
2026-09-04T06:07:04Z INF Tunnel connection curve preferences: [X25519MLKEM768 CurveID(65074) CurveP256] connIndex=0 event=0 ip=2606:4700:a0::8
2026-09-04T06:07:04Z ERR failed to run the datagram handler error="context canceled" connIndex=0 event=0 ip=2606:4700:a0::8
2026-09-04T06:07:04Z ERR failed to serve tunnel connection error="control stream encountered a failure while serving" connIndex=0 event=0 ip=2606:4700:a0::8
2026-09-04T06:07:04Z ERR Serve tunnel error error="control stream encountered a failure while serving" connIndex=0 event=0 ip=2606:4700:a0::8
2026-09-04T06:07:04Z INF Retrying connection in up to 1m4s connIndex=0 event=0 ip=2606:4700:a0::8
2026-09-04T06:07:13Z INF Tunnel connection curve preferences: [X25519MLKEM768 CurveID(65074) CurveP256] connIndex=0 event=0 ip=2606:4700:a0::8
2026-09-04T06:07:13Z ERR failed to run the datagram handler error="context canceled" connIndex=0 event=0 ip=2606:4700:a0::8
2026-09-04T06:07:13Z ERR failed to serve tunnel connection error="control stream encountered a failure while serving" connIndex=0 event=0 ip=2606:4700:a0::8
2026-09-04T06:07:13Z ERR Serve tunnel error error="control stream encountered a failure while serving" connIndex=0 event=0 ip=2606:4700:a0::8
2026-09-04T06:07:13Z INF Retrying connection in up to 1m4s connIndex=0 event=0 ip=2606:4700:a0::8
2026-09-04T06:07:28Z INF Tunnel connection curve preferences: [X25519MLKEM768 CurveID(65074) CurveP256] connIndex=0 event=0 ip=2606:4700:a0::8
2026-09-04T06:07:28Z ERR failed to run the datagram handler error="context canceled" connIndex=0 event=0 ip=2606:4700:a0::8
2026-09-04T06:07:28Z ERR failed to serve tunnel connection error="control stream encountered a failure while serving" connIndex=0 event=0 ip=2606:4700:a0::8
2026-09-04T06:07:28Z ERR Serve tunnel error error="control stream encountered a failure while serving" connIndex=0 event=0 ip=2606:4700:a0::8
2026-09-04T06:07:28Z INF Retrying connection in up to 1m4s connIndex=0 event=0 ip=2606:4700:a0::8
2026-09-04T06:07:46Z INF Tunnel connection curve preferences: [X25519MLKEM768 CurveID(65074) CurveP256] connIndex=0 event=0 ip=2606:4700:a0::8
2026-09-04T06:07:46Z ERR failed to run the datagram handler error="context canceled" connIndex=0 event=0 ip=2606:4700:a0::8
2026-09-04T06:07:46Z ERR failed to serve tunnel connection error="control stream encountered a failure while serving" connIndex=0 event=0 ip=2606:4700:a0::8
2026-09-04T06:07:46Z ERR Serve tunnel error error="control stream encountered a failure while serving" connIndex=0 event=0 ip=2606:4700:a0::8
2026-09-04T06:07:46Z INF Retrying connection in up to 1m4s connIndex=0 event=0 ip=2606:4700:a0::8
2026-09-04T06:07:55Z INF Tunnel connection curve preferences: [X25519MLKEM768 CurveID(65074) CurveP256] connIndex=0 event=0 ip=2606:4700:a0::8
2026-09-04T06:07:55Z ERR failed to run the datagram handler error="context canceled" connIndex=0 event=0 ip=2606:4700:a0::8
2026-09-04T06:07:55Z ERR failed to serve tunnel connection error="control stream encountered a failure while serving" connIndex=0 event=0 ip=2606:4700:a0::8
2026-09-04T06:07:55Z ERR Serve tunnel error error="control stream encountered a failure while serving" connIndex=0 event=0 ip=2606:4700:a0::8
2026-09-04T06:07:55Z INF Retrying connection in up to 1m4s connIndex=0 event=0 ip=2606:4700:a0::8
2026-09-04T06:08:18Z INF Tunnel connection curve preferences: [X25519MLKEM768 CurveID(65074) CurveP256] connIndex=0 event=0 ip=2606:4700:a0::8
2026-09-04T06:08:18Z ERR failed to run the datagram handler error="context canceled" connIndex=0 event=0 ip=2606:4700:a0::8
2026-09-04T06:08:18Z ERR failed to serve tunnel connection error="control stream encountered a failure while serving" connIndex=0 event=0 ip=2606:4700:a0::8
2026-09-04T06:08:18Z ERR Serve tunnel error error="control stream encountered a failure while serving" connIndex=0 event=0 ip=2606:4700:a0::8
2026-09-04T06:08:18Z INF Retrying connection in up to 1m4s connIndex=0 event=0 ip=2606:4700:a0::8
2026-09-04T06:08:44Z INF Tunnel connection curve preferences: [X25519MLKEM768 CurveID(65074) CurveP256] connIndex=0 event=0 ip=2606:4700:a0::8
2026-09-04T06:08:44Z ERR failed to run the datagram handler error="context canceled" connIndex=0 event=0 ip=2606:4700:a0::8
2026-09-04T06:08:44Z ERR failed to serve tunnel connection error="control stream encountered a failure while serving" connIndex=0 event=0 ip=2606:4700:a0::8
2026-09-04T06:08:44Z ERR Serve tunnel error error="control stream encountered a failure while serving" connIndex=0 event=0 ip=2606:4700:a0::8
2026-09-04T06:08:44Z INF Retrying connection in up to 1m4s connIndex=0 event=0 ip=2606:4700:a0::8
2026-09-04T06:08:46Z INF Tunnel connection curve preferences: [X25519MLKEM768 CurveID(65074) CurveP256] connIndex=0 event=0 ip=2606:4700:a0::8
2026-09-04T06:08:46Z ERR failed to run the datagram handler error="context canceled" connIndex=0 event=0 ip=2606:4700:a0::8
2026-09-04T06:08:46Z ERR failed to serve tunnel connection error="control stream encountered a failure while serving" connIndex=0 event=0 ip=2606:4700:a0::8
2026-09-04T06:08:46Z ERR Serve tunnel error error="control stream encountered a failure while serving" connIndex=0 event=0 ip=2606:4700:a0::8
2026-09-04T06:08:46Z INF Retrying connection in up to 1m4s connIndex=0 event=0 ip=2606:4700:a0::8
2026-09-04T06:08:57Z INF Tunnel connection curve preferences: [X25519MLKEM768 CurveID(65074) CurveP256] connIndex=0 event=0 ip=2606:4700:a0::8
2026-09-04T06:08:57Z ERR failed to run the datagram handler error="context canceled" connIndex=0 event=0 ip=2606:4700:a0::8
2026-09-04T06:08:57Z ERR failed to serve tunnel connection error="control stream encountered a failure while serving" connIndex=0 event=0 ip=2606:4700:a0::8
2026-09-04T06:08:57Z ERR Serve tunnel error error="control stream encountered a failure while serving" connIndex=0 event=0 ip=2606:4700:a0::8
2026-09-04T06:08:57Z INF Retrying connection in up to 1m4s connIndex=0 event=0 ip=2606:4700:a0::8
2026-09-04T06:09:12Z INF Tunnel connection curve preferences: [X25519MLKEM768 CurveID(65074) CurveP256] connIndex=0 event=0 ip=2606:4700:a0::8
2026-09-04T06:09:12Z ERR failed to run the datagram handler error="context canceled" connIndex=0 event=0 ip=2606:4700:a0::8
2026-09-04T06:09:12Z ERR failed to serve tunnel connection error="control stream encountered a failure while serving" connIndex=0 event=0 ip=2606:4700:a0::8
2026-09-04T06:09:12Z ERR Serve tunnel error error="control stream encountered a failure while serving" connIndex=0 event=0 ip=2606:4700:a0::8
2026-09-04T06:09:12Z INF Retrying connection in up to 1m4s connIndex=0 event=0 ip=2606:4700:a0::8
2026-09-04T06:09:12Z INF Tunnel connection curve preferences: [X25519MLKEM768 CurveID(65074) CurveP256] connIndex=0 event=0 ip=2606:4700:a0::8
2026-09-04T06:09:12Z ERR failed to run the datagram handler error="context canceled" connIndex=0 event=0 ip=2606:4700:a0::8
2026-09-04T06:09:12Z ERR failed to serve tunnel connection error="control stream encountered a failure while serving" connIndex=0 event=0 ip=2606:4700:a0::8
2026-09-04T06:09:12Z ERR Serve tunnel error error="control stream encountered a failure while serving" connIndex=0 event=0 ip=2606:4700:a0::8
2026-09-04T06:09:12Z INF Retrying connection in up to 1m4s connIndex=0 event=0 ip=2606:4700:a0::8
2026-09-04T06:09:21Z INF Tunnel connection curve preferences: [X25519MLKEM768 CurveID(65074) CurveP256] connIndex=0 event=0 ip=2606:4700:a0::8
2026-09-04T06:09:21Z ERR failed to run the datagram handler error="context canceled" connIndex=0 event=0 ip=2606:4700:a0::8
2026-09-04T06:09:21Z ERR failed to serve tunnel connection error="control stream encountered a failure while serving" connIndex=0 event=0 ip=2606:4700:a0::8
2026-09-04T06:09:21Z ERR Serve tunnel error error="control stream encountered a failure while serving" connIndex=0 event=0 ip=2606:4700:a0::8
2026-09-04T06:09:21Z INF Retrying connection in up to 1m4s connIndex=0 event=0 ip=2606:4700:a0::8
2026-09-04T06:09:29Z INF Tunnel connection curve preferences: [X25519MLKEM768 CurveID(65074) CurveP256] connIndex=0 event=0 ip=2606:4700:a0::8
2026-09-04T06:09:29Z ERR failed to run the datagram handler error="context canceled" connIndex=0 event=0 ip=2606:4700:a0::8
2026-09-04T06:09:29Z ERR failed to serve tunnel connection error="control stream encountered a failure while serving" connIndex=0 event=0 ip=2606:4700:a0::8
2026-09-04T06:09:29Z ERR Serve tunnel error error="control stream encountered a failure while serving" connIndex=0 event=0 ip=2606:4700:a0::8
2026-09-04T06:09:29Z INF Retrying connection in up to 1m4s connIndex=0 event=0 ip=2606:4700:a0::8
2026-09-04T06:09:47Z INF Tunnel connection curve preferences: [X25519MLKEM768 CurveID(65074) CurveP256] connIndex=0 event=0 ip=2606:4700:a0::8
2026-09-04T06:09:47Z ERR failed to run the datagram handler error="context canceled" connIndex=0 event=0 ip=2606:4700:a0::8
2026-09-04T06:09:47Z ERR failed to serve tunnel connection error="control stream encountered a failure while serving" connIndex=0 event=0 ip=2606:4700:a0::8
2026-09-04T06:09:47Z ERR Serve tunnel error error="control stream encountered a failure while serving" connIndex=0 event=0 ip=2606:4700:a0::8
2026-09-04T06:09:47Z INF Retrying connection in up to 1m4s connIndex=0 event=0 ip=2606:4700:a0::8
2026-09-04T06:10:16Z INF Tunnel connection curve preferences: [X25519MLKEM768 CurveID(65074) CurveP256] connIndex=0 event=0 ip=2606:4700:a0::8
2026-09-04T06:10:16Z ERR failed to run the datagram handler error="context canceled" connIndex=0 event=0 ip=2606:4700:a0::8
2026-09-04T06:10:16Z ERR failed to serve tunnel connection error="control stream encountered a failure while serving" connIndex=0 event=0 ip=2606:4700:a0::8
2026-09-04T06:10:16Z ERR Serve tunnel error error="control stream encountered a failure while serving" connIndex=0 event=0 ip=2606:4700:a0::8
2026-09-04T06:10:16Z INF Retrying connection in up to 1m4s connIndex=0 event=0 ip=2606:4700:a0::8
2026-09-04T06:10:19Z INF Tunnel connection curve preferences: [X25519MLKEM768 CurveID(65074) CurveP256] connIndex=0 event=0 ip=2606:4700:a0::8
2026-09-04T06:10:19Z ERR failed to run the datagram handler error="context canceled" connIndex=0 event=0 ip=2606:4700:a0::8
2026-09-04T06:10:19Z ERR failed to serve tunnel connection error="control stream encountered a failure while serving" connIndex=0 event=0 ip=2606:4700:a0::8
2026-09-04T06:10:19Z ERR Serve tunnel error error="control stream encountered a failure while serving" connIndex=0 event=0 ip=2606:4700:a0::8
2026-09-04T06:10:19Z INF Retrying connection in up to 1m4s connIndex=0 event=0 ip=2606:4700:a0::8
2026-09-04T06:10:34Z INF Tunnel connection curve preferences: [X25519MLKEM768 CurveID(65074) CurveP256] connIndex=0 event=0 ip=2606:4700:a0::8
2026-09-04T06:10:34Z ERR failed to run the datagram handler error="context canceled" connIndex=0 event=0 ip=2606:4700:a0::8
2026-09-04T06:10:34Z ERR failed to serve tunnel connection error="control stream encountered a failure while serving" connIndex=0 event=0 ip=2606:4700:a0::8
2026-09-04T06:10:34Z ERR Serve tunnel error error="control stream encountered a failure while serving" connIndex=0 event=0 ip=2606:4700:a0::8
2026-09-04T06:10:34Z INF Retrying connection in up to 1m4s connIndex=0 event=0 ip=2606:4700:a0::8
2026-09-04T06:10:41Z INF Tunnel connection curve preferences: [X25519MLKEM768 CurveID(65074) CurveP256] connIndex=0 event=0 ip=2606:4700:a0::8
2026-09-04T06:10:41Z ERR failed to run the datagram handler error="context canceled" connIndex=0 event=0 ip=2606:4700:a0::8
2026-09-04T06:10:41Z ERR failed to serve tunnel connection error="control stream encountered a failure while serving" connIndex=0 event=0 ip=2606:4700:a0::8
2026-09-04T06:10:41Z ERR Serve tunnel error error="control stream encountered a failure while serving" connIndex=0 event=0 ip=2606:4700:a0::8
2026-09-04T06:10:41Z INF Retrying connection in up to 1m4s connIndex=0 event=0 ip=2606:4700:a0::8
2026-09-04T06:10:56Z INF Tunnel connection curve preferences: [X25519MLKEM768 CurveID(65074) CurveP256] connIndex=0 event=0 ip=2606:4700:a0::8
2026-09-04T06:10:56Z ERR failed to run the datagram handler error="context canceled" connIndex=0 event=0 ip=2606:4700:a0::8
2026-09-04T06:10:56Z ERR failed to serve tunnel connection error="control stream encountered a failure while serving" connIndex=0 event=0 ip=2606:4700:a0::8
2026-09-04T06:10:56Z ERR Serve tunnel error error="control stream encountered a failure while serving" connIndex=0 event=0 ip=2606:4700:a0::8
2026-09-04T06:10:56Z INF Retrying connection in up to 1m4s connIndex=0 event=0 ip=2606:4700:a0::8
2026-09-04T06:11:15Z INF Tunnel connection curve preferences: [X25519MLKEM768 CurveID(65074) CurveP256] connIndex=0 event=0 ip=2606:4700:a0::8
2026-09-04T06:11:15Z ERR failed to run the datagram handler error="context canceled" connIndex=0 event=0 ip=2606:4700:a0::8
2026-09-04T06:11:15Z ERR failed to serve tunnel connection error="control stream encountered a failure while serving" connIndex=0 event=0 ip=2606:4700:a0::8
2026-09-04T06:11:15Z ERR Serve tunnel error error="control stream encountered a failure while serving" connIndex=0 event=0 ip=2606:4700:a0::8
2026-09-04T06:11:15Z INF Retrying connection in up to 1m4s connIndex=0 event=0 ip=2606:4700:a0::8
2026-09-04T06:11:42Z INF Tunnel connection curve preferences: [X25519MLKEM768 CurveID(65074) CurveP256] connIndex=0 event=0 ip=2606:4700:a0::8
2026-09-04T06:11:42Z ERR failed to run the datagram handler error="context canceled" connIndex=0 event=0 ip=2606:4700:a0::8
2026-09-04T06:11:42Z ERR failed to serve tunnel connection error="control stream encountered a failure while serving" connIndex=0 event=0 ip=2606:4700:a0::8
2026-09-04T06:11:42Z ERR Serve tunnel error error="control stream encountered a failure while serving" connIndex=0 event=0 ip=2606:4700:a0::8
2026-09-04T06:11:42Z INF Retrying connection in up to 1m4s connIndex=0 event=0 ip=2606:4700:a0::8
2026-09-04T06:11:48Z INF Tunnel connection curve preferences: [X25519MLKEM768 CurveID(65074) CurveP256] connIndex=0 event=0 ip=2606:4700:a0::8
2026-09-04T06:11:48Z ERR failed to run the datagram handler error="context canceled" connIndex=0 event=0 ip=2606:4700:a0::8
2026-09-04T06:11:48Z ERR failed to serve tunnel connection error="control stream encountered a failure while serving" connIndex=0 event=0 ip=2606:4700:a0::8
2026-09-04T06:11:48Z ERR Serve tunnel error error="control stream encountered a failure while serving" connIndex=0 event=0 ip=2606:4700:a0::8
2026-09-04T06:11:48Z INF Retrying connection in up to 1m4s connIndex=0 event=0 ip=2606:4700:a0::8
2026-09-04T06:12:20Z INF Tunnel connection curve preferences: [X25519MLKEM768 CurveID(65074) CurveP256] connIndex=0 event=0 ip=2606:4700:a0::8
2026-09-04T06:12:20Z ERR failed to run the datagram handler error="context canceled" connIndex=0 event=0 ip=2606:4700:a0::8
2026-09-04T06:12:20Z ERR failed to serve tunnel connection error="control stream encountered a failure while serving" connIndex=0 event=0 ip=2606:4700:a0::8
2026-09-04T06:12:20Z ERR Serve tunnel error error="control stream encountered a failure while serving" connIndex=0 event=0 ip=2606:4700:a0::8
2026-09-04T06:12:20Z INF Retrying connection in up to 1m4s connIndex=0 event=0 ip=2606:4700:a0::8
2026-09-04T06:12:43Z INF Tunnel connection curve preferences: [X25519MLKEM768 CurveID(65074) CurveP256] connIndex=0 event=0 ip=2606:4700:a0::8
2026-09-04T06:12:43Z ERR failed to run the datagram handler error="context canceled" connIndex=0 event=0 ip=2606:4700:a0::8
2026-09-04T06:12:43Z ERR failed to serve tunnel connection error="control stream encountered a failure while serving" connIndex=0 event=0 ip=2606:4700:a0::8
2026-09-04T06:12:43Z ERR Serve tunnel error error="control stream encountered a failure while serving" connIndex=0 event=0 ip=2606:4700:a0::8
2026-09-04T06:12:43Z INF Retrying connection in up to 1m4s connIndex=0 event=0 ip=2606:4700:a0::8
2026-09-04T06:12:59Z INF Tunnel connection curve preferences: [X25519MLKEM768 CurveID(65074) CurveP256] connIndex=0 event=0 ip=2606:4700:a0::8
2026-09-04T06:12:59Z ERR failed to run the datagram handler error="context canceled" connIndex=0 event=0 ip=2606:4700:a0::8
2026-09-04T06:12:59Z ERR failed to serve tunnel connection error="control stream encountered a failure while serving" connIndex=0 event=0 ip=2606:4700:a0::8
2026-09-04T06:12:59Z ERR Serve tunnel error error="control stream encountered a failure while serving" connIndex=0 event=0 ip=2606:4700:a0::8
2026-09-04T06:12:59Z INF Retrying connection in up to 1m4s connIndex=0 event=0 ip=2606:4700:a0::8
2026-09-04T06:13:05Z INF Tunnel connection curve preferences: [X25519MLKEM768 CurveID(65074) CurveP256] connIndex=0 event=0 ip=2606:4700:a0::8
2026-09-04T06:13:05Z ERR failed to run the datagram handler error="context canceled" connIndex=0 event=0 ip=2606:4700:a0::8
2026-09-04T06:13:05Z ERR failed to serve tunnel connection error="control stream encountered a failure while serving" connIndex=0 event=0 ip=2606:4700:a0::8
2026-09-04T06:13:05Z ERR Serve tunnel error error="control stream encountered a failure while serving" connIndex=0 event=0 ip=2606:4700:a0::8
2026-09-04T06:13:05Z INF Retrying connection in up to 1m4s connIndex=0 event=0 ip=2606:4700:a0::8
2026-09-04T06:13:20Z INF Tunnel connection curve preferences: [X25519MLKEM768 CurveID(65074) CurveP256] connIndex=0 event=0 ip=2606:4700:a0::8
2026-09-04T06:13:20Z ERR failed to run the datagram handler error="context canceled" connIndex=0 event=0 ip=2606:4700:a0::8
2026-09-04T06:13:20Z ERR failed to serve tunnel connection error="control stream encountered a failure while serving" connIndex=0 event=0 ip=2606:4700:a0::8
2026-09-04T06:13:20Z ERR Serve tunnel error error="control stream encountered a failure while serving" connIndex=0 event=0 ip=2606:4700:a0::8
2026-09-04T06:13:20Z INF Retrying connection in up to 1m4s connIndex=0 event=0 ip=2606:4700:a0::8
2026-09-04T06:13:33Z INF Tunnel connection curve preferences: [X25519MLKEM768 CurveID(65074) CurveP256] connIndex=0 event=0 ip=2606:4700:a0::8
2026-09-04T06:13:33Z ERR failed to run the datagram handler error="context canceled" connIndex=0 event=0 ip=2606:4700:a0::8
2026-09-04T06:13:33Z ERR failed to serve tunnel connection error="control stream encountered a failure while serving" connIndex=0 event=0 ip=2606:4700:a0::8
2026-09-04T06:13:33Z ERR Serve tunnel error error="control stream encountered a failure while serving" connIndex=0 event=0 ip=2606:4700:a0::8
2026-09-04T06:13:33Z INF Retrying connection in up to 1m4s connIndex=0 event=0 ip=2606:4700:a0::8
2026-09-04T06:14:04Z INF Tunnel connection curve preferences: [X25519MLKEM768 CurveID(65074) CurveP256] connIndex=0 event=0 ip=2606:4700:a0::8
2026-09-04T06:14:04Z ERR failed to run the datagram handler error="context canceled" connIndex=0 event=0 ip=2606:4700:a0::8
2026-09-04T06:14:04Z ERR failed to serve tunnel connection error="control stream encountered a failure while serving" connIndex=0 event=0 ip=2606:4700:a0::8
2026-09-04T06:14:04Z ERR Serve tunnel error error="control stream encountered a failure while serving" connIndex=0 event=0 ip=2606:4700:a0::8
2026-09-04T06:14:04Z INF Retrying connection in up to 1m4s connIndex=0 event=0 ip=2606:4700:a0::8
2026-09-04T06:14:23Z INF Tunnel connection curve preferences: [X25519MLKEM768 CurveID(65074) CurveP256] connIndex=0 event=0 ip=2606:4700:a0::8
2026-09-04T06:14:23Z ERR failed to run the datagram handler error="context canceled" connIndex=0 event=0 ip=2606:4700:a0::8
2026-09-04T06:14:23Z ERR failed to serve tunnel connection error="control stream encountered a failure while serving" connIndex=0 event=0 ip=2606:4700:a0::8
2026-09-04T06:14:23Z ERR Serve tunnel error error="control stream encountered a failure while serving" connIndex=0 event=0 ip=2606:4700:a0::8
2026-09-04T06:14:23Z INF Retrying connection in up to 1m4s connIndex=0 event=0 ip=2606:4700:a0::8
2026-09-04T06:14:31Z INF Tunnel connection curve preferences: [X25519MLKEM768 CurveID(65074) CurveP256] connIndex=0 event=0 ip=2606:4700:a0::8
2026-09-04T06:14:31Z ERR failed to run the datagram handler error="context canceled" connIndex=0 event=0 ip=2606:4700:a0::8
2026-09-04T06:14:31Z ERR failed to serve tunnel connection error="control stream encountered a failure while serving" connIndex=0 event=0 ip=2606:4700:a0::8
2026-09-04T06:14:31Z ERR Serve tunnel error error="control stream encountered a failure while serving" connIndex=0 event=0 ip=2606:4700:a0::8
2026-09-04T06:14:31Z INF Retrying connection in up to 1m4s connIndex=0 event=0 ip=2606:4700:a0::8
2026-09-04T06:14:54Z INF Tunnel connection curve preferences: [X25519MLKEM768 CurveID(65074) CurveP256] connIndex=0 event=0 ip=2606:4700:a0::8
2026-09-04T06:14:54Z ERR failed to run the datagram handler error="context canceled" connIndex=0 event=0 ip=2606:4700:a0::8
2026-09-04T06:14:54Z ERR failed to serve tunnel connection error="control stream encountered a failure while serving" connIndex=0 event=0 ip=2606:4700:a0::8
2026-09-04T06:14:54Z ERR Serve tunnel error error="control stream encountered a failure while serving" connIndex=0 event=0 ip=2606:4700:a0::8
2026-09-04T06:14:54Z INF Retrying connection in up to 1m4s connIndex=0 event=0 ip=2606:4700:a0::8
2026-09-04T06:15:24Z INF Tunnel connection curve preferences: [X25519MLKEM768 CurveID(65074) CurveP256] connIndex=0 event=0 ip=2606:4700:a0::8
2026-09-04T06:15:24Z ERR failed to run the datagram handler error="context canceled" connIndex=0 event=0 ip=2606:4700:a0::8
2026-09-04T06:15:24Z ERR failed to serve tunnel connection error="control stream encountered a failure while serving" connIndex=0 event=0 ip=2606:4700:a0::8
2026-09-04T06:15:24Z ERR Serve tunnel error error="control stream encountered a failure while serving" connIndex=0 event=0 ip=2606:4700:a0::8
2026-09-04T06:15:24Z INF Retrying connection in up to 1m4s connIndex=0 event=0 ip=2606:4700:a0::8
2026-09-04T06:15:55Z INF Tunnel connection curve preferences: [X25519MLKEM768 CurveID(65074) CurveP256] connIndex=0 event=0 ip=2606:4700:a0::8
2026-09-04T06:15:55Z ERR failed to run the datagram handler error="context canceled" connIndex=0 event=0 ip=2606:4700:a0::8
2026-09-04T06:15:55Z ERR failed to serve tunnel connection error="control stream encountered a failure while serving" connIndex=0 event=0 ip=2606:4700:a0::8
2026-09-04T06:15:55Z ERR Serve tunnel error error="control stream encountered a failure while serving" connIndex=0 event=0 ip=2606:4700:a0::8
2026-09-04T06:15:55Z INF Retrying connection in up to 1m4s connIndex=0 event=0 ip=2606:4700:a0::8
2026-09-04T06:16:08Z INF Tunnel connection curve preferences: [X25519MLKEM768 CurveID(65074) CurveP256] connIndex=0 event=0 ip=2606:4700:a0::8
2026-09-04T06:16:08Z ERR failed to run the datagram handler error="context canceled" connIndex=0 event=0 ip=2606:4700:a0::8
2026-09-04T06:16:08Z ERR failed to serve tunnel connection error="control stream encountered a failure while serving" connIndex=0 event=0 ip=2606:4700:a0::8
2026-09-04T06:16:08Z ERR Serve tunnel error error="control stream encountered a failure while serving" connIndex=0 event=0 ip=2606:4700:a0::8
2026-09-04T06:16:08Z INF Retrying connection in up to 1m4s connIndex=0 event=0 ip=2606:4700:a0::8
2026-09-04T06:16:28Z INF Tunnel connection curve preferences: [X25519MLKEM768 CurveID(65074) CurveP256] connIndex=0 event=0 ip=2606:4700:a0::8
2026-09-04T06:16:28Z ERR failed to run the datagram handler error="context canceled" connIndex=0 event=0 ip=2606:4700:a0::8
2026-09-04T06:16:28Z ERR failed to serve tunnel connection error="control stream encountered a failure while serving" connIndex=0 event=0 ip=2606:4700:a0::8
2026-09-04T06:16:28Z ERR Serve tunnel error error="control stream encountered a failure while serving" connIndex=0 event=0 ip=2606:4700:a0::8
2026-09-04T06:16:28Z INF Retrying connection in up to 1m4s connIndex=0 event=0 ip=2606:4700:a0::8
2026-09-04T06:16:46Z INF Tunnel connection curve preferences: [X25519MLKEM768 CurveID(65074) CurveP256] connIndex=0 event=0 ip=2606:4700:a0::8
2026-09-04T06:16:46Z ERR failed to run the datagram handler error="context canceled" connIndex=0 event=0 ip=2606:4700:a0::8
2026-09-04T06:16:46Z ERR failed to serve tunnel connection error="control stream encountered a failure while serving" connIndex=0 event=0 ip=2606:4700:a0::8
2026-09-04T06:16:46Z ERR Serve tunnel error error="control stream encountered a failure while serving" connIndex=0 event=0 ip=2606:4700:a0::8
2026-09-04T06:16:46Z INF Retrying connection in up to 1m4s connIndex=0 event=0 ip=2606:4700:a0::8
2026-09-04T06:16:47Z INF Tunnel connection curve preferences: [X25519MLKEM768 CurveID(65074) CurveP256] connIndex=0 event=0 ip=2606:4700:a0::8
2026-09-04T06:16:47Z ERR failed to run the datagram handler error="context canceled" connIndex=0 event=0 ip=2606:4700:a0::8
2026-09-04T06:16:47Z ERR failed to serve tunnel connection error="control stream encountered a failure while serving" connIndex=0 event=0 ip=2606:4700:a0::8
2026-09-04T06:16:47Z ERR Serve tunnel error error="control stream encountered a failure while serving" connIndex=0 event=0 ip=2606:4700:a0::8
2026-09-04T06:16:47Z INF Retrying connection in up to 1m4s connIndex=0 event=0 ip=2606:4700:a0::8
2026-09-04T06:17:15Z INF Tunnel connection curve preferences: [X25519MLKEM768 CurveID(65074) CurveP256] connIndex=0 event=0 ip=2606:4700:a0::8
2026-09-04T06:17:15Z ERR failed to run the datagram handler error="context canceled" connIndex=0 event=0 ip=2606:4700:a0::8
2026-09-04T06:17:15Z ERR failed to serve tunnel connection error="control stream encountered a failure while serving" connIndex=0 event=0 ip=2606:4700:a0::8
2026-09-04T06:17:15Z ERR Serve tunnel error error="control stream encountered a failure while serving" connIndex=0 event=0 ip=2606:4700:a0::8
2026-09-04T06:17:15Z INF Retrying connection in up to 1m4s connIndex=0 event=0 ip=2606:4700:a0::8
2026-09-04T06:17:23Z INF Tunnel connection curve preferences: [X25519MLKEM768 CurveID(65074) CurveP256] connIndex=0 event=0 ip=2606:4700:a0::8
2026-09-04T06:17:24Z ERR failed to run the datagram handler error="context canceled" connIndex=0 event=0 ip=2606:4700:a0::8
2026-09-04T06:17:24Z ERR failed to serve tunnel connection error="control stream encountered a failure while serving" connIndex=0 event=0 ip=2606:4700:a0::8
2026-09-04T06:17:24Z ERR Serve tunnel error error="control stream encountered a failure while serving" connIndex=0 event=0 ip=2606:4700:a0::8
2026-09-04T06:17:24Z INF Retrying connection in up to 1m4s connIndex=0 event=0 ip=2606:4700:a0::8
2026-09-04T06:17:32Z INF Tunnel connection curve preferences: [X25519MLKEM768 CurveID(65074) CurveP256] connIndex=0 event=0 ip=2606:4700:a0::8
2026-09-04T06:17:32Z ERR failed to run the datagram handler error="context canceled" connIndex=0 event=0 ip=2606:4700:a0::8
2026-09-04T06:17:32Z ERR failed to serve tunnel connection error="control stream encountered a failure while serving" connIndex=0 event=0 ip=2606:4700:a0::8
2026-09-04T06:17:32Z ERR Serve tunnel error error="control stream encountered a failure while serving" connIndex=0 event=0 ip=2606:4700:a0::8
2026-09-04T06:17:32Z INF Retrying connection in up to 1m4s connIndex=0 event=0 ip=2606:4700:a0::8
2026-09-04T06:17:44Z INF Tunnel connection curve preferences: [X25519MLKEM768 CurveID(65074) CurveP256] connIndex=0 event=0 ip=2606:4700:a0::8
2026-09-04T06:17:44Z ERR failed to run the datagram handler error="context canceled" connIndex=0 event=0 ip=2606:4700:a0::8
2026-09-04T06:17:44Z ERR failed to serve tunnel connection error="control stream encountered a failure while serving" connIndex=0 event=0 ip=2606:4700:a0::8
2026-09-04T06:17:44Z ERR Serve tunnel error error="control stream encountered a failure while serving" connIndex=0 event=0 ip=2606:4700:a0::8
2026-09-04T06:17:44Z INF Retrying connection in up to 1m4s connIndex=0 event=0 ip=2606:4700:a0::8
2026-09-04T06:17:53Z INF Tunnel connection curve preferences: [X25519MLKEM768 CurveID(65074) CurveP256] connIndex=0 event=0 ip=2606:4700:a0::8
2026-09-04T06:17:53Z ERR failed to run the datagram handler error="context canceled" connIndex=0 event=0 ip=2606:4700:a0::8
2026-09-04T06:17:53Z ERR failed to serve tunnel connection error="control stream encountered a failure while serving" connIndex=0 event=0 ip=2606:4700:a0::8
2026-09-04T06:17:53Z ERR Serve tunnel error error="control stream encountered a failure while serving" connIndex=0 event=0 ip=2606:4700:a0::8
2026-09-04T06:17:53Z INF Retrying connection in up to 1m4s connIndex=0 event=0 ip=2606:4700:a0::8
2026-09-04T06:18:04Z INF Tunnel connection curve preferences: [X25519MLKEM768 CurveID(65074) CurveP256] connIndex=0 event=0 ip=2606:4700:a0::8
2026-09-04T06:18:04Z ERR failed to run the datagram handler error="context canceled" connIndex=0 event=0 ip=2606:4700:a0::8
2026-09-04T06:18:04Z ERR failed to serve tunnel connection error="control stream encountered a failure while serving" connIndex=0 event=0 ip=2606:4700:a0::8
2026-09-04T06:18:04Z ERR Serve tunnel error error="control stream encountered a failure while serving" connIndex=0 event=0 ip=2606:4700:a0::8
2026-09-04T06:18:04Z INF Retrying connection in up to 1m4s connIndex=0 event=0 ip=2606:4700:a0::8
2026-09-04T06:18:06Z INF Tunnel connection curve preferences: [X25519MLKEM768 CurveID(65074) CurveP256] connIndex=0 event=0 ip=2606:4700:a0::8
2026-09-04T06:18:06Z ERR failed to run the datagram handler error="context canceled" connIndex=0 event=0 ip=2606:4700:a0::8
2026-09-04T06:18:06Z ERR failed to serve tunnel connection error="control stream encountered a failure while serving" connIndex=0 event=0 ip=2606:4700:a0::8
2026-09-04T06:18:06Z ERR Serve tunnel error error="control stream encountered a failure while serving" connIndex=0 event=0 ip=2606:4700:a0::8
2026-09-04T06:18:06Z INF Retrying connection in up to 1m4s connIndex=0 event=0 ip=2606:4700:a0::8
2026-09-04T06:18:24Z INF Tunnel connection curve preferences: [X25519MLKEM768 CurveID(65074) CurveP256] connIndex=0 event=0 ip=2606:4700:a0::8
2026-09-04T06:18:24Z ERR failed to run the datagram handler error="context canceled" connIndex=0 event=0 ip=2606:4700:a0::8
2026-09-04T06:18:24Z ERR failed to serve tunnel connection error="control stream encountered a failure while serving" connIndex=0 event=0 ip=2606:4700:a0::8
2026-09-04T06:18:24Z ERR Serve tunnel error error="control stream encountered a failure while serving" connIndex=0 event=0 ip=2606:4700:a0::8
2026-09-04T06:18:24Z INF Retrying connection in up to 1m4s connIndex=0 event=0 ip=2606:4700:a0::8
2026-09-04T06:18:26Z INF Tunnel connection curve preferences: [X25519MLKEM768 CurveID(65074) CurveP256] connIndex=0 event=0 ip=2606:4700:a0::8
2026-09-04T06:18:26Z ERR failed to run the datagram handler error="context canceled" connIndex=0 event=0 ip=2606:4700:a0::8
2026-09-04T06:18:26Z ERR failed to serve tunnel connection error="control stream encountered a failure while serving" connIndex=0 event=0 ip=2606:4700:a0::8
2026-09-04T06:18:26Z ERR Serve tunnel error error="control stream encountered a failure while serving" connIndex=0 event=0 ip=2606:4700:a0::8
2026-09-04T06:18:26Z INF Retrying connection in up to 1m4s connIndex=0 event=0 ip=2606:4700:a0::8
2026-09-04T06:18:32Z INF Tunnel connection curve preferences: [X25519MLKEM768 CurveID(65074) CurveP256] connIndex=0 event=0 ip=2606:4700:a0::8
2026-09-04T06:18:32Z ERR failed to run the datagram handler error="context canceled" connIndex=0 event=0 ip=2606:4700:a0::8
2026-09-04T06:18:32Z ERR failed to serve tunnel connection error="control stream encountered a failure while serving" connIndex=0 event=0 ip=2606:4700:a0::8
2026-09-04T06:18:32Z ERR Serve tunnel error error="control stream encountered a failure while serving" connIndex=0 event=0 ip=2606:4700:a0::8
2026-09-04T06:18:32Z INF Retrying connection in up to 1m4s connIndex=0 event=0 ip=2606:4700:a0::8
2026-09-04T06:18:36Z INF Tunnel connection curve preferences: [X25519MLKEM768 CurveID(65074) CurveP256] connIndex=0 event=0 ip=2606:4700:a0::8
2026-09-04T06:18:36Z ERR failed to run the datagram handler error="context canceled" connIndex=0 event=0 ip=2606:4700:a0::8
2026-09-04T06:18:36Z ERR failed to serve tunnel connection error="control stream encountered a failure while serving" connIndex=0 event=0 ip=2606:4700:a0::8
2026-09-04T06:18:36Z ERR Serve tunnel error error="control stream encountered a failure while serving" connIndex=0 event=0 ip=2606:4700:a0::8
2026-09-04T06:18:36Z INF Retrying connection in up to 1m4s connIndex=0 event=0 ip=2606:4700:a0::8
2026-09-04T06:18:52Z INF Tunnel connection curve preferences: [X25519MLKEM768 CurveID(65074) CurveP256] connIndex=0 event=0 ip=2606:4700:a0::8
2026-09-04T06:18:52Z ERR failed to run the datagram handler error="context canceled" connIndex=0 event=0 ip=2606:4700:a0::8
2026-09-04T06:18:52Z ERR failed to serve tunnel connection error="control stream encountered a failure while serving" connIndex=0 event=0 ip=2606:4700:a0::8
2026-09-04T06:18:52Z ERR Serve tunnel error error="control stream encountered a failure while serving" connIndex=0 event=0 ip=2606:4700:a0::8
2026-09-04T06:18:52Z INF Retrying connection in up to 1m4s connIndex=0 event=0 ip=2606:4700:a0::8
2026-09-04T06:19:19Z INF Tunnel connection curve preferences: [X25519MLKEM768 CurveID(65074) CurveP256] connIndex=0 event=0 ip=2606:4700:a0::8
2026-09-04T06:19:19Z ERR failed to run the datagram handler error="context canceled" connIndex=0 event=0 ip=2606:4700:a0::8
2026-09-04T06:19:19Z ERR failed to serve tunnel connection error="control stream encountered a failure while serving" connIndex=0 event=0 ip=2606:4700:a0::8
2026-09-04T06:19:19Z ERR Serve tunnel error error="control stream encountered a failure while serving" connIndex=0 event=0 ip=2606:4700:a0::8
2026-09-04T06:19:19Z INF Retrying connection in up to 1m4s connIndex=0 event=0 ip=2606:4700:a0::8
2026-09-04T06:19:51Z INF Tunnel connection curve preferences: [X25519MLKEM768 CurveID(65074) CurveP256] connIndex=0 event=0 ip=2606:4700:a0::8
2026-09-04T06:19:51Z ERR failed to run the datagram handler error="context canceled" connIndex=0 event=0 ip=2606:4700:a0::8
2026-09-04T06:19:51Z ERR failed to serve tunnel connection error="control stream encountered a failure while serving" connIndex=0 event=0 ip=2606:4700:a0::8
2026-09-04T06:19:51Z ERR Serve tunnel error error="control stream encountered a failure while serving" connIndex=0 event=0 ip=2606:4700:a0::8
2026-09-04T06:19:51Z INF Retrying connection in up to 1m4s connIndex=0 event=0 ip=2606:4700:a0::8
2026-09-04T06:19:51Z INF Tunnel connection curve preferences: [X25519MLKEM768 CurveID(65074) CurveP256] connIndex=0 event=0 ip=2606:4700:a0::8
2026-09-04T06:19:51Z ERR failed to run the datagram handler error="context canceled" connIndex=0 event=0 ip=2606:4700:a0::8
2026-09-04T06:19:51Z ERR failed to serve tunnel connection error="control stream encountered a failure while serving" connIndex=0 event=0 ip=2606:4700:a0::8
2026-09-04T06:19:51Z ERR Serve tunnel error error="control stream encountered a failure while serving" connIndex=0 event=0 ip=2606:4700:a0::8
2026-09-04T06:19:51Z INF Retrying connection in up to 1m4s connIndex=0 event=0 ip=2606:4700:a0::8
2026-09-04T06:20:16Z INF Tunnel connection curve preferences: [X25519MLKEM768 CurveID(65074) CurveP256] connIndex=0 event=0 ip=2606:4700:a0::8
2026-09-04T06:20:16Z ERR failed to run the datagram handler error="context canceled" connIndex=0 event=0 ip=2606:4700:a0::8
2026-09-04T06:20:16Z ERR failed to serve tunnel connection error="control stream encountered a failure while serving" connIndex=0 event=0 ip=2606:4700:a0::8
2026-09-04T06:20:16Z ERR Serve tunnel error error="control stream encountered a failure while serving" connIndex=0 event=0 ip=2606:4700:a0::8
2026-09-04T06:20:16Z INF Retrying connection in up to 1m4s connIndex=0 event=0 ip=2606:4700:a0::8
2026-09-04T06:20:38Z INF Tunnel connection curve preferences: [X25519MLKEM768 CurveID(65074) CurveP256] connIndex=0 event=0 ip=2606:4700:a0::8
2026-09-04T06:20:38Z ERR failed to run the datagram handler error="context canceled" connIndex=0 event=0 ip=2606:4700:a0::8
2026-09-04T06:20:38Z ERR failed to serve tunnel connection error="control stream encountered a failure while serving" connIndex=0 event=0 ip=2606:4700:a0::8
2026-09-04T06:20:38Z ERR Serve tunnel error error="control stream encountered a failure while serving" connIndex=0 event=0 ip=2606:4700:a0::8
2026-09-04T06:20:38Z INF Retrying connection in up to 1m4s connIndex=0 event=0 ip=2606:4700:a0::8
2026-09-04T06:20:43Z INF Tunnel connection curve preferences: [X25519MLKEM768 CurveID(65074) CurveP256] connIndex=0 event=0 ip=2606:4700:a0::8
2026-09-04T06:20:43Z ERR failed to run the datagram handler error="context canceled" connIndex=0 event=0 ip=2606:4700:a0::8
2026-09-04T06:20:43Z ERR failed to serve tunnel connection error="control stream encountered a failure while serving" connIndex=0 event=0 ip=2606:4700:a0::8
2026-09-04T06:20:43Z ERR Serve tunnel error error="control stream encountered a failure while serving" connIndex=0 event=0 ip=2606:4700:a0::8
2026-09-04T06:20:43Z INF Retrying connection in up to 1m4s connIndex=0 event=0 ip=2606:4700:a0::8
2026-09-04T06:20:48Z INF Tunnel connection curve preferences: [X25519MLKEM768 CurveID(65074) CurveP256] connIndex=0 event=0 ip=2606:4700:a0::8
2026-09-04T06:20:48Z ERR failed to run the datagram handler error="context canceled" connIndex=0 event=0 ip=2606:4700:a0::8
2026-09-04T06:20:48Z ERR failed to serve tunnel connection error="control stream encountered a failure while serving" connIndex=0 event=0 ip=2606:4700:a0::8
2026-09-04T06:20:48Z ERR Serve tunnel error error="control stream encountered a failure while serving" connIndex=0 event=0 ip=2606:4700:a0::8
2026-09-04T06:20:48Z INF Retrying connection in up to 1m4s connIndex=0 event=0 ip=2606:4700:a0::8
2026-09-04T06:21:03Z INF Tunnel connection curve preferences: [X25519MLKEM768 CurveID(65074) CurveP256] connIndex=0 event=0 ip=2606:4700:a0::8
2026-09-04T06:21:03Z ERR failed to run the datagram handler error="context canceled" connIndex=0 event=0 ip=2606:4700:a0::8
2026-09-04T06:21:03Z ERR failed to serve tunnel connection error="control stream encountered a failure while serving" connIndex=0 event=0 ip=2606:4700:a0::8
2026-09-04T06:21:03Z ERR Serve tunnel error error="control stream encountered a failure while serving" connIndex=0 event=0 ip=2606:4700:a0::8
2026-09-04T06:21:03Z INF Retrying connection in up to 1m4s connIndex=0 event=0 ip=2606:4700:a0::8
2026-09-04T06:21:30Z INF Tunnel connection curve preferences: [X25519MLKEM768 CurveID(65074) CurveP256] connIndex=0 event=0 ip=2606:4700:a0::8
2026-09-04T06:21:30Z ERR failed to run the datagram handler error="context canceled" connIndex=0 event=0 ip=2606:4700:a0::8
2026-09-04T06:21:30Z ERR failed to serve tunnel connection error="control stream encountered a failure while serving" connIndex=0 event=0 ip=2606:4700:a0::8
2026-09-04T06:21:30Z ERR Serve tunnel error error="control stream encountered a failure while serving" connIndex=0 event=0 ip=2606:4700:a0::8
2026-09-04T06:21:30Z INF Retrying connection in up to 1m4s connIndex=0 event=0 ip=2606:4700:a0::8
2026-09-04T06:21:54Z INF Tunnel connection curve preferences: [X25519MLKEM768 CurveID(65074) CurveP256] connIndex=0 event=0 ip=2606:4700:a0::8
2026-09-04T06:21:54Z ERR failed to run the datagram handler error="context canceled" connIndex=0 event=0 ip=2606:4700:a0::8
2026-09-04T06:21:54Z ERR failed to serve tunnel connection error="control stream encountered a failure while serving" connIndex=0 event=0 ip=2606:4700:a0::8
2026-09-04T06:21:54Z ERR Serve tunnel error error="control stream encountered a failure while serving" connIndex=0 event=0 ip=2606:4700:a0::8
2026-09-04T06:21:54Z INF Retrying connection in up to 1m4s connIndex=0 event=0 ip=2606:4700:a0::8
2026-09-04T06:22:10Z INF Tunnel connection curve preferences: [X25519MLKEM768 CurveID(65074) CurveP256] connIndex=0 event=0 ip=2606:4700:a0::8
2026-09-04T06:22:10Z ERR failed to run the datagram handler error="context canceled" connIndex=0 event=0 ip=2606:4700:a0::8
2026-09-04T06:22:10Z ERR failed to serve tunnel connection error="control stream encountered a failure while serving" connIndex=0 event=0 ip=2606:4700:a0::8
2026-09-04T06:22:10Z ERR Serve tunnel error error="control stream encountered a failure while serving" connIndex=0 event=0 ip=2606:4700:a0::8
2026-09-04T06:22:10Z INF Retrying connection in up to 1m4s connIndex=0 event=0 ip=2606:4700:a0::8
2026-09-04T06:22:20Z INF Tunnel connection curve preferences: [X25519MLKEM768 CurveID(65074) CurveP256] connIndex=0 event=0 ip=2606:4700:a0::8
2026-09-04T06:22:20Z ERR failed to run the datagram handler error="context canceled" connIndex=0 event=0 ip=2606:4700:a0::8
2026-09-04T06:22:20Z ERR failed to serve tunnel connection error="control stream encountered a failure while serving" connIndex=0 event=0 ip=2606:4700:a0::8
2026-09-04T06:22:20Z ERR Serve tunnel error error="control stream encountered a failure while serving" connIndex=0 event=0 ip=2606:4700:a0::8
2026-09-04T06:22:20Z INF Retrying connection in up to 1m4s connIndex=0 event=0 ip=2606:4700:a0::8
2026-09-04T06:22:47Z INF Tunnel connection curve preferences: [X25519MLKEM768 CurveID(65074) CurveP256] connIndex=0 event=0 ip=2606:4700:a0::8
2026-09-04T06:22:47Z ERR failed to run the datagram handler error="context canceled" connIndex=0 event=0 ip=2606:4700:a0::8
2026-09-04T06:22:47Z ERR failed to serve tunnel connection error="control stream encountered a failure while serving" connIndex=0 event=0 ip=2606:4700:a0::8
2026-09-04T06:22:47Z ERR Serve tunnel error error="control stream encountered a failure while serving" connIndex=0 event=0 ip=2606:4700:a0::8
2026-09-04T06:22:47Z INF Retrying connection in up to 1m4s connIndex=0 event=0 ip=2606:4700:a0::8
2026-09-04T06:22:56Z INF Tunnel connection curve preferences: [X25519MLKEM768 CurveID(65074) CurveP256] connIndex=0 event=0 ip=2606:4700:a0::8
2026-09-04T06:22:56Z ERR failed to run the datagram handler error="context canceled" connIndex=0 event=0 ip=2606:4700:a0::8
2026-09-04T06:22:56Z ERR failed to serve tunnel connection error="control stream encountered a failure while serving" connIndex=0 event=0 ip=2606:4700:a0::8
2026-09-04T06:22:56Z ERR Serve tunnel error error="control stream encountered a failure while serving" connIndex=0 event=0 ip=2606:4700:a0::8
2026-09-04T06:22:56Z INF Retrying connection in up to 1m4s connIndex=0 event=0 ip=2606:4700:a0::8
2026-09-04T06:23:01Z INF Tunnel connection curve preferences: [X25519MLKEM768 CurveID(65074) CurveP256] connIndex=0 event=0 ip=2606:4700:a0::8
2026-09-04T06:23:01Z ERR failed to run the datagram handler error="context canceled" connIndex=0 event=0 ip=2606:4700:a0::8
2026-09-04T06:23:01Z ERR failed to serve tunnel connection error="control stream encountered a failure while serving" connIndex=0 event=0 ip=2606:4700:a0::8
2026-09-04T06:23:01Z ERR Serve tunnel error error="control stream encountered a failure while serving" connIndex=0 event=0 ip=2606:4700:a0::8
2026-09-04T06:23:01Z INF Retrying connection in up to 1m4s connIndex=0 event=0 ip=2606:4700:a0::8
2026-09-04T06:23:17Z INF Tunnel connection curve preferences: [X25519MLKEM768 CurveID(65074) CurveP256] connIndex=0 event=0 ip=2606:4700:a0::8
2026-09-04T06:23:17Z ERR failed to run the datagram handler error="context canceled" connIndex=0 event=0 ip=2606:4700:a0::8
2026-09-04T06:23:17Z ERR failed to serve tunnel connection error="control stream encountered a failure while serving" connIndex=0 event=0 ip=2606:4700:a0::8
2026-09-04T06:23:17Z ERR Serve tunnel error error="control stream encountered a failure while serving" connIndex=0 event=0 ip=2606:4700:a0::8
2026-09-04T06:23:17Z INF Retrying connection in up to 1m4s connIndex=0 event=0 ip=2606:4700:a0::8
2026-09-04T06:23:38Z INF Tunnel connection curve preferences: [X25519MLKEM768 CurveID(65074) CurveP256] connIndex=0 event=0 ip=2606:4700:a0::8
2026-09-04T06:23:38Z ERR failed to run the datagram handler error="context canceled" connIndex=0 event=0 ip=2606:4700:a0::8
2026-09-04T06:23:38Z ERR failed to serve tunnel connection error="control stream encountered a failure while serving" connIndex=0 event=0 ip=2606:4700:a0::8
2026-09-04T06:23:38Z ERR Serve tunnel error error="control stream encountered a failure while serving" connIndex=0 event=0 ip=2606:4700:a0::8
2026-09-04T06:23:38Z INF Retrying connection in up to 1m4s connIndex=0 event=0 ip=2606:4700:a0::8
2026-09-04T06:23:51Z INF Tunnel connection curve preferences: [X25519MLKEM768 CurveID(65074) CurveP256] connIndex=0 event=0 ip=2606:4700:a0::8
2026-09-04T06:23:51Z ERR failed to run the datagram handler error="context canceled" connIndex=0 event=0 ip=2606:4700:a0::8
2026-09-04T06:23:51Z ERR failed to serve tunnel connection error="control stream encountered a failure while serving" connIndex=0 event=0 ip=2606:4700:a0::8
2026-09-04T06:23:51Z ERR Serve tunnel error error="control stream encountered a failure while serving" connIndex=0 event=0 ip=2606:4700:a0::8
2026-09-04T06:23:51Z INF Retrying connection in up to 1m4s connIndex=0 event=0 ip=2606:4700:a0::8
2026-09-04T06:24:05Z INF Tunnel connection curve preferences: [X25519MLKEM768 CurveID(65074) CurveP256] connIndex=0 event=0 ip=2606:4700:a0::8
2026-09-04T06:24:05Z ERR failed to run the datagram handler error="context canceled" connIndex=0 event=0 ip=2606:4700:a0::8
2026-09-04T06:24:05Z ERR failed to serve tunnel connection error="control stream encountered a failure while serving" connIndex=0 event=0 ip=2606:4700:a0::8
2026-09-04T06:24:05Z ERR Serve tunnel error error="control stream encountered a failure while serving" connIndex=0 event=0 ip=2606:4700:a0::8
2026-09-04T06:24:05Z INF Retrying connection in up to 1m4s connIndex=0 event=0 ip=2606:4700:a0::8
2026-09-04T06:24:33Z INF Tunnel connection curve preferences: [X25519MLKEM768 CurveID(65074) CurveP256] connIndex=0 event=0 ip=2606:4700:a0::8
2026-09-04T06:24:33Z ERR failed to run the datagram handler error="context canceled" connIndex=0 event=0 ip=2606:4700:a0::8
2026-09-04T06:24:33Z ERR failed to serve tunnel connection error="control stream encountered a failure while serving" connIndex=0 event=0 ip=2606:4700:a0::8
2026-09-04T06:24:33Z ERR Serve tunnel error error="control stream encountered a failure while serving" connIndex=0 event=0 ip=2606:4700:a0::8
2026-09-04T06:24:33Z INF Retrying connection in up to 1m4s connIndex=0 event=0 ip=2606:4700:a0::8
2026-09-04T06:24:34Z INF Tunnel connection curve preferences: [X25519MLKEM768 CurveID(65074) CurveP256] connIndex=0 event=0 ip=2606:4700:a0::8
2026-09-04T06:24:34Z ERR failed to run the datagram handler error="context canceled" connIndex=0 event=0 ip=2606:4700:a0::8
2026-09-04T06:24:34Z ERR failed to serve tunnel connection error="control stream encountered a failure while serving" connIndex=0 event=0 ip=2606:4700:a0::8
2026-09-04T06:24:34Z ERR Serve tunnel error error="control stream encountered a failure while serving" connIndex=0 event=0 ip=2606:4700:a0::8
2026-09-04T06:24:34Z INF Retrying connection in up to 1m4s connIndex=0 event=0 ip=2606:4700:a0::8
2026-09-04T06:24:40Z INF Tunnel connection curve preferences: [X25519MLKEM768 CurveID(65074) CurveP256] connIndex=0 event=0 ip=2606:4700:a0::8
2026-09-04T06:24:40Z ERR failed to run the datagram handler error="context canceled" connIndex=0 event=0 ip=2606:4700:a0::8
2026-09-04T06:24:40Z ERR failed to serve tunnel connection error="control stream encountered a failure while serving" connIndex=0 event=0 ip=2606:4700:a0::8
2026-09-04T06:24:40Z ERR Serve tunnel error error="control stream encountered a failure while serving" connIndex=0 event=0 ip=2606:4700:a0::8
2026-09-04T06:24:40Z INF Retrying connection in up to 1m4s connIndex=0 event=0 ip=2606:4700:a0::8
2026-09-04T06:24:46Z INF Tunnel connection curve preferences: [X25519MLKEM768 CurveID(65074) CurveP256] connIndex=0 event=0 ip=2606:4700:a0::8
2026-09-04T06:24:46Z ERR failed to run the datagram handler error="context canceled" connIndex=0 event=0 ip=2606:4700:a0::8
2026-09-04T06:24:46Z ERR failed to serve tunnel connection error="control stream encountered a failure while serving" connIndex=0 event=0 ip=2606:4700:a0::8
2026-09-04T06:24:46Z ERR Serve tunnel error error="control stream encountered a failure while serving" connIndex=0 event=0 ip=2606:4700:a0::8
2026-09-04T06:24:46Z INF Retrying connection in up to 1m4s connIndex=0 event=0 ip=2606:4700:a0::8
2026-09-04T06:24:48Z INF Tunnel connection curve preferences: [X25519MLKEM768 CurveID(65074) CurveP256] connIndex=0 event=0 ip=2606:4700:a0::8
2026-09-04T06:24:48Z ERR failed to run the datagram handler error="context canceled" connIndex=0 event=0 ip=2606:4700:a0::8
2026-09-04T06:24:48Z ERR failed to serve tunnel connection error="control stream encountered a failure while serving" connIndex=0 event=0 ip=2606:4700:a0::8
2026-09-04T06:24:48Z ERR Serve tunnel error error="control stream encountered a failure while serving" connIndex=0 event=0 ip=2606:4700:a0::8
2026-09-04T06:24:48Z INF Retrying connection in up to 1m4s connIndex=0 event=0 ip=2606:4700:a0::8
2026-09-04T06:25:19Z INF Tunnel connection curve preferences: [X25519MLKEM768 CurveID(65074) CurveP256] connIndex=0 event=0 ip=2606:4700:a0::8
2026-09-04T06:25:19Z ERR failed to run the datagram handler error="context canceled" connIndex=0 event=0 ip=2606:4700:a0::8
2026-09-04T06:25:19Z ERR failed to serve tunnel connection error="control stream encountered a failure while serving" connIndex=0 event=0 ip=2606:4700:a0::8
2026-09-04T06:25:19Z ERR Serve tunnel error error="control stream encountered a failure while serving" connIndex=0 event=0 ip=2606:4700:a0::8
2026-09-04T06:25:19Z INF Retrying connection in up to 1m4s connIndex=0 event=0 ip=2606:4700:a0::8
2026-09-04T06:25:19Z INF Tunnel connection curve preferences: [X25519MLKEM768 CurveID(65074) CurveP256] connIndex=0 event=0 ip=2606:4700:a0::8
2026-09-04T06:25:19Z ERR failed to run the datagram handler error="context canceled" connIndex=0 event=0 ip=2606:4700:a0::8
2026-09-04T06:25:19Z ERR failed to serve tunnel connection error="control stream encountered a failure while serving" connIndex=0 event=0 ip=2606:4700:a0::8
2026-09-04T06:25:19Z ERR Serve tunnel error error="control stream encountered a failure while serving" connIndex=0 event=0 ip=2606:4700:a0::8
2026-09-04T06:25:19Z INF Retrying connection in up to 1m4s connIndex=0 event=0 ip=2606:4700:a0::8
2026-09-04T06:25:42Z INF Tunnel connection curve preferences: [X25519MLKEM768 CurveID(65074) CurveP256] connIndex=0 event=0 ip=2606:4700:a0::8
2026-09-04T06:25:42Z ERR failed to run the datagram handler error="context canceled" connIndex=0 event=0 ip=2606:4700:a0::8
2026-09-04T06:25:42Z ERR failed to serve tunnel connection error="control stream encountered a failure while serving" connIndex=0 event=0 ip=2606:4700:a0::8
2026-09-04T06:25:42Z ERR Serve tunnel error error="control stream encountered a failure while serving" connIndex=0 event=0 ip=2606:4700:a0::8
2026-09-04T06:25:42Z INF Retrying connection in up to 1m4s connIndex=0 event=0 ip=2606:4700:a0::8
2026-09-04T06:25:53Z INF Tunnel connection curve preferences: [X25519MLKEM768 CurveID(65074) CurveP256] connIndex=0 event=0 ip=2606:4700:a0::8
2026-09-04T06:25:53Z ERR failed to run the datagram handler error="context canceled" connIndex=0 event=0 ip=2606:4700:a0::8
2026-09-04T06:25:53Z ERR failed to serve tunnel connection error="control stream encountered a failure while serving" connIndex=0 event=0 ip=2606:4700:a0::8
2026-09-04T06:25:53Z ERR Serve tunnel error error="control stream encountered a failure while serving" connIndex=0 event=0 ip=2606:4700:a0::8
2026-09-04T06:25:53Z INF Retrying connection in up to 1m4s connIndex=0 event=0 ip=2606:4700:a0::8
2026-09-04T06:26:10Z INF Tunnel connection curve preferences: [X25519MLKEM768 CurveID(65074) CurveP256] connIndex=0 event=0 ip=2606:4700:a0::8
2026-09-04T06:26:10Z ERR failed to run the datagram handler error="context canceled" connIndex=0 event=0 ip=2606:4700:a0::8
2026-09-04T06:26:10Z ERR failed to serve tunnel connection error="control stream encountered a failure while serving" connIndex=0 event=0 ip=2606:4700:a0::8
2026-09-04T06:26:10Z ERR Serve tunnel error error="control stream encountered a failure while serving" connIndex=0 event=0 ip=2606:4700:a0::8
2026-09-04T06:26:10Z INF Retrying connection in up to 1m4s connIndex=0 event=0 ip=2606:4700:a0::8
2026-09-04T06:26:17Z INF Tunnel connection curve preferences: [X25519MLKEM768 CurveID(65074) CurveP256] connIndex=0 event=0 ip=2606:4700:a0::8
2026-09-04T06:26:17Z ERR failed to run the datagram handler error="context canceled" connIndex=0 event=0 ip=2606:4700:a0::8
2026-09-04T06:26:17Z ERR failed to serve tunnel connection error="control stream encountered a failure while serving" connIndex=0 event=0 ip=2606:4700:a0::8
2026-09-04T06:26:17Z ERR Serve tunnel error error="control stream encountered a failure while serving" connIndex=0 event=0 ip=2606:4700:a0::8
2026-09-04T06:26:17Z INF Retrying connection in up to 1m4s connIndex=0 event=0 ip=2606:4700:a0::8
2026-09-04T06:26:32Z INF Tunnel connection curve preferences: [X25519MLKEM768 CurveID(65074) CurveP256] connIndex=0 event=0 ip=2606:4700:a0::8
2026-09-04T06:26:32Z ERR failed to run the datagram handler error="context canceled" connIndex=0 event=0 ip=2606:4700:a0::8
2026-09-04T06:26:32Z ERR failed to serve tunnel connection error="control stream encountered a failure while serving" connIndex=0 event=0 ip=2606:4700:a0::8
2026-09-04T06:26:32Z ERR Serve tunnel error error="control stream encountered a failure while serving" connIndex=0 event=0 ip=2606:4700:a0::8
2026-09-04T06:26:32Z INF Retrying connection in up to 1m4s connIndex=0 event=0 ip=2606:4700:a0::8
2026-09-04T06:26:46Z INF Tunnel connection curve preferences: [X25519MLKEM768 CurveID(65074) CurveP256] connIndex=0 event=0 ip=2606:4700:a0::8
2026-09-04T06:26:46Z ERR failed to run the datagram handler error="context canceled" connIndex=0 event=0 ip=2606:4700:a0::8
2026-09-04T06:26:46Z ERR failed to serve tunnel connection error="control stream encountered a failure while serving" connIndex=0 event=0 ip=2606:4700:a0::8
2026-09-04T06:26:46Z ERR Serve tunnel error error="control stream encountered a failure while serving" connIndex=0 event=0 ip=2606:4700:a0::8
2026-09-04T06:26:46Z INF Retrying connection in up to 1m4s connIndex=0 event=0 ip=2606:4700:a0::8
2026-09-04T06:26:53Z INF Tunnel connection curve preferences: [X25519MLKEM768 CurveID(65074) CurveP256] connIndex=0 event=0 ip=2606:4700:a0::8
2026-09-04T06:26:53Z ERR failed to run the datagram handler error="context canceled" connIndex=0 event=0 ip=2606:4700:a0::8
2026-09-04T06:26:53Z ERR failed to serve tunnel connection error="control stream encountered a failure while serving" connIndex=0 event=0 ip=2606:4700:a0::8
2026-09-04T06:26:53Z ERR Serve tunnel error error="control stream encountered a failure while serving" connIndex=0 event=0 ip=2606:4700:a0::8
2026-09-04T06:26:53Z INF Retrying connection in up to 1m4s connIndex=0 event=0 ip=2606:4700:a0::8
2026-09-04T06:27:10Z INF Tunnel connection curve preferences: [X25519MLKEM768 CurveID(65074) CurveP256] connIndex=0 event=0 ip=2606:4700:a0::8
2026-09-04T06:27:10Z ERR failed to run the datagram handler error="context canceled" connIndex=0 event=0 ip=2606:4700:a0::8
2026-09-04T06:27:10Z ERR failed to serve tunnel connection error="control stream encountered a failure while serving" connIndex=0 event=0 ip=2606:4700:a0::8
2026-09-04T06:27:10Z ERR Serve tunnel error error="control stream encountered a failure while serving" connIndex=0 event=0 ip=2606:4700:a0::8
2026-09-04T06:27:10Z INF Retrying connection in up to 1m4s connIndex=0 event=0 ip=2606:4700:a0::8
2026-09-04T06:27:13Z INF Tunnel connection curve preferences: [X25519MLKEM768 CurveID(65074) CurveP256] connIndex=0 event=0 ip=2606:4700:a0::8
2026-09-04T06:27:13Z ERR failed to run the datagram handler error="context canceled" connIndex=0 event=0 ip=2606:4700:a0::8
2026-09-04T06:27:13Z ERR failed to serve tunnel connection error="control stream encountered a failure while serving" connIndex=0 event=0 ip=2606:4700:a0::8
2026-09-04T06:27:13Z ERR Serve tunnel error error="control stream encountered a failure while serving" connIndex=0 event=0 ip=2606:4700:a0::8
2026-09-04T06:27:13Z INF Retrying connection in up to 1m4s connIndex=0 event=0 ip=2606:4700:a0::8
2026-09-04T06:27:43Z INF Tunnel connection curve preferences: [X25519MLKEM768 CurveID(65074) CurveP256] connIndex=0 event=0 ip=2606:4700:a0::8
2026-09-04T06:27:43Z ERR failed to run the datagram handler error="context canceled" connIndex=0 event=0 ip=2606:4700:a0::8
2026-09-04T06:27:43Z ERR failed to serve tunnel connection error="control stream encountered a failure while serving" connIndex=0 event=0 ip=2606:4700:a0::8
2026-09-04T06:27:43Z ERR Serve tunnel error error="control stream encountered a failure while serving" connIndex=0 event=0 ip=2606:4700:a0::8
2026-09-04T06:27:43Z INF Retrying connection in up to 1m4s connIndex=0 event=0 ip=2606:4700:a0::8
2026-09-04T06:28:04Z INF Tunnel connection curve preferences: [X25519MLKEM768 CurveID(65074) CurveP256] connIndex=0 event=0 ip=2606:4700:a0::8
2026-09-04T06:28:04Z ERR failed to run the datagram handler error="context canceled" connIndex=0 event=0 ip=2606:4700:a0::8
2026-09-04T06:28:04Z ERR failed to serve tunnel connection error="control stream encountered a failure while serving" connIndex=0 event=0 ip=2606:4700:a0::8
2026-09-04T06:28:04Z ERR Serve tunnel error error="control stream encountered a failure while serving" connIndex=0 event=0 ip=2606:4700:a0::8
2026-09-04T06:28:04Z INF Retrying connection in up to 1m4s connIndex=0 event=0 ip=2606:4700:a0::8
2026-09-04T06:28:18Z INF Tunnel connection curve preferences: [X25519MLKEM768 CurveID(65074) CurveP256] connIndex=0 event=0 ip=2606:4700:a0::8
2026-09-04T06:28:18Z ERR failed to run the datagram handler error="context canceled" connIndex=0 event=0 ip=2606:4700:a0::8
2026-09-04T06:28:18Z ERR failed to serve tunnel connection error="control stream encountered a failure while serving" connIndex=0 event=0 ip=2606:4700:a0::8
2026-09-04T06:28:18Z ERR Serve tunnel error error="control stream encountered a failure while serving" connIndex=0 event=0 ip=2606:4700:a0::8
2026-09-04T06:28:18Z INF Retrying connection in up to 1m4s connIndex=0 event=0 ip=2606:4700:a0::8
2026-09-04T06:28:33Z INF Tunnel connection curve preferences: [X25519MLKEM768 CurveID(65074) CurveP256] connIndex=0 event=0 ip=2606:4700:a0::8
2026-09-04T06:28:33Z ERR failed to run the datagram handler error="context canceled" connIndex=0 event=0 ip=2606:4700:a0::8
2026-09-04T06:28:33Z ERR failed to serve tunnel connection error="control stream encountered a failure while serving" connIndex=0 event=0 ip=2606:4700:a0::8
2026-09-04T06:28:33Z ERR Serve tunnel error error="control stream encountered a failure while serving" connIndex=0 event=0 ip=2606:4700:a0::8
2026-09-04T06:28:33Z INF Retrying connection in up to 1m4s connIndex=0 event=0 ip=2606:4700:a0::8
2026-09-04T06:28:58Z INF Tunnel connection curve preferences: [X25519MLKEM768 CurveID(65074) CurveP256] connIndex=0 event=0 ip=2606:4700:a0::8
2026-09-04T06:28:58Z ERR failed to run the datagram handler error="context canceled" connIndex=0 event=0 ip=2606:4700:a0::8
2026-09-04T06:28:58Z ERR failed to serve tunnel connection error="control stream encountered a failure while serving" connIndex=0 event=0 ip=2606:4700:a0::8
2026-09-04T06:28:58Z ERR Serve tunnel error error="control stream encountered a failure while serving" connIndex=0 event=0 ip=2606:4700:a0::8
2026-09-04T06:28:58Z INF Retrying connection in up to 1m4s connIndex=0 event=0 ip=2606:4700:a0::8
2026-09-04T06:29:16Z INF Tunnel connection curve preferences: [X25519MLKEM768 CurveID(65074) CurveP256] connIndex=0 event=0 ip=2606:4700:a0::8
2026-09-04T06:29:16Z ERR failed to run the datagram handler error="context canceled" connIndex=0 event=0 ip=2606:4700:a0::8
2026-09-04T06:29:16Z ERR failed to serve tunnel connection error="control stream encountered a failure while serving" connIndex=0 event=0 ip=2606:4700:a0::8
2026-09-04T06:29:16Z ERR Serve tunnel error error="control stream encountered a failure while serving" connIndex=0 event=0 ip=2606:4700:a0::8
2026-09-04T06:29:16Z INF Retrying connection in up to 1m4s connIndex=0 event=0 ip=2606:4700:a0::8
2026-09-04T06:29:29Z INF Tunnel connection curve preferences: [X25519MLKEM768 CurveID(65074) CurveP256] connIndex=0 event=0 ip=2606:4700:a0::8
2026-09-04T06:29:30Z ERR failed to run the datagram handler error="context canceled" connIndex=0 event=0 ip=2606:4700:a0::8
2026-09-04T06:29:30Z ERR failed to serve tunnel connection error="control stream encountered a failure while serving" connIndex=0 event=0 ip=2606:4700:a0::8
2026-09-04T06:29:30Z ERR Serve tunnel error error="control stream encountered a failure while serving" connIndex=0 event=0 ip=2606:4700:a0::8
2026-09-04T06:29:30Z INF Retrying connection in up to 1m4s connIndex=0 event=0 ip=2606:4700:a0::8
2026-09-04T06:29:36Z INF Tunnel connection curve preferences: [X25519MLKEM768 CurveID(65074) CurveP256] connIndex=0 event=0 ip=2606:4700:a0::8
2026-09-04T06:29:36Z ERR failed to run the datagram handler error="context canceled" connIndex=0 event=0 ip=2606:4700:a0::8
2026-09-04T06:29:36Z ERR failed to serve tunnel connection error="control stream encountered a failure while serving" connIndex=0 event=0 ip=2606:4700:a0::8
2026-09-04T06:29:36Z ERR Serve tunnel error error="control stream encountered a failure while serving" connIndex=0 event=0 ip=2606:4700:a0::8
2026-09-04T06:29:36Z INF Retrying connection in up to 1m4s connIndex=0 event=0 ip=2606:4700:a0::8
2026-09-04T06:30:04Z INF Tunnel connection curve preferences: [X25519MLKEM768 CurveID(65074) CurveP256] connIndex=0 event=0 ip=2606:4700:a0::8
2026-09-04T06:30:04Z ERR failed to run the datagram handler error="context canceled" connIndex=0 event=0 ip=2606:4700:a0::8
2026-09-04T06:30:04Z ERR failed to serve tunnel connection error="control stream encountered a failure while serving" connIndex=0 event=0 ip=2606:4700:a0::8
2026-09-04T06:30:04Z ERR Serve tunnel error error="control stream encountered a failure while serving" connIndex=0 event=0 ip=2606:4700:a0::8
2026-09-04T06:30:04Z INF Retrying connection in up to 1m4s connIndex=0 event=0 ip=2606:4700:a0::8
2026-09-04T06:30:17Z INF Tunnel connection curve preferences: [X25519MLKEM768 CurveID(65074) CurveP256] connIndex=0 event=0 ip=2606:4700:a0::8
2026-09-04T06:30:18Z ERR failed to run the datagram handler error="context canceled" connIndex=0 event=0 ip=2606:4700:a0::8
2026-09-04T06:30:18Z ERR failed to serve tunnel connection error="control stream encountered a failure while serving" connIndex=0 event=0 ip=2606:4700:a0::8
2026-09-04T06:30:18Z ERR Serve tunnel error error="control stream encountered a failure while serving" connIndex=0 event=0 ip=2606:4700:a0::8
2026-09-04T06:30:18Z INF Retrying connection in up to 1m4s connIndex=0 event=0 ip=2606:4700:a0::8
2026-09-04T06:30:35Z INF Tunnel connection curve preferences: [X25519MLKEM768 CurveID(65074) CurveP256] connIndex=0 event=0 ip=2606:4700:a0::8
2026-09-04T06:30:35Z ERR failed to run the datagram handler error="context canceled" connIndex=0 event=0 ip=2606:4700:a0::8
2026-09-04T06:30:35Z ERR failed to serve tunnel connection error="control stream encountered a failure while serving" connIndex=0 event=0 ip=2606:4700:a0::8
2026-09-04T06:30:35Z ERR Serve tunnel error error="control stream encountered a failure while serving" connIndex=0 event=0 ip=2606:4700:a0::8
2026-09-04T06:30:35Z INF Retrying connection in up to 1m4s connIndex=0 event=0 ip=2606:4700:a0::8
2026-09-04T06:30:55Z INF Tunnel connection curve preferences: [X25519MLKEM768 CurveID(65074) CurveP256] connIndex=0 event=0 ip=2606:4700:a0::8
2026-09-04T06:30:55Z ERR failed to run the datagram handler error="context canceled" connIndex=0 event=0 ip=2606:4700:a0::8
2026-09-04T06:30:55Z ERR failed to serve tunnel connection error="control stream encountered a failure while serving" connIndex=0 event=0 ip=2606:4700:a0::8
2026-09-04T06:30:55Z ERR Serve tunnel error error="control stream encountered a failure while serving" connIndex=0 event=0 ip=2606:4700:a0::8
2026-09-04T06:30:55Z INF Retrying connection in up to 1m4s connIndex=0 event=0 ip=2606:4700:a0::8
2026-09-04T06:31:25Z INF Tunnel connection curve preferences: [X25519MLKEM768 CurveID(65074) CurveP256] connIndex=0 event=0 ip=2606:4700:a0::8
2026-09-04T06:31:26Z ERR failed to run the datagram handler error="context canceled" connIndex=0 event=0 ip=2606:4700:a0::8
2026-09-04T06:31:26Z ERR failed to serve tunnel connection error="control stream encountered a failure while serving" connIndex=0 event=0 ip=2606:4700:a0::8
2026-09-04T06:31:26Z ERR Serve tunnel error error="control stream encountered a failure while serving" connIndex=0 event=0 ip=2606:4700:a0::8
2026-09-04T06:31:26Z INF Retrying connection in up to 1m4s connIndex=0 event=0 ip=2606:4700:a0::8
2026-09-04T06:31:50Z INF Tunnel connection curve preferences: [X25519MLKEM768 CurveID(65074) CurveP256] connIndex=0 event=0 ip=2606:4700:a0::8
2026-09-04T06:31:50Z ERR failed to run the datagram handler error="context canceled" connIndex=0 event=0 ip=2606:4700:a0::8
2026-09-04T06:31:50Z ERR failed to serve tunnel connection error="control stream encountered a failure while serving" connIndex=0 event=0 ip=2606:4700:a0::8
2026-09-04T06:31:50Z ERR Serve tunnel error error="control stream encountered a failure while serving" connIndex=0 event=0 ip=2606:4700:a0::8
2026-09-04T06:31:50Z INF Retrying connection in up to 1m4s connIndex=0 event=0 ip=2606:4700:a0::8
2026-09-04T06:32:16Z INF Tunnel connection curve preferences: [X25519MLKEM768 CurveID(65074) CurveP256] connIndex=0 event=0 ip=2606:4700:a0::8
2026-09-04T06:32:16Z ERR failed to run the datagram handler error="context canceled" connIndex=0 event=0 ip=2606:4700:a0::8
2026-09-04T06:32:16Z ERR failed to serve tunnel connection error="control stream encountered a failure while serving" connIndex=0 event=0 ip=2606:4700:a0::8
2026-09-04T06:32:16Z ERR Serve tunnel error error="control stream encountered a failure while serving" connIndex=0 event=0 ip=2606:4700:a0::8
2026-09-04T06:32:16Z INF Retrying connection in up to 1m4s connIndex=0 event=0 ip=2606:4700:a0::8
2026-09-04T06:32:39Z INF Tunnel connection curve preferences: [X25519MLKEM768 CurveID(65074) CurveP256] connIndex=0 event=0 ip=2606:4700:a0::8
2026-09-04T06:32:39Z ERR failed to run the datagram handler error="context canceled" connIndex=0 event=0 ip=2606:4700:a0::8
2026-09-04T06:32:39Z ERR failed to serve tunnel connection error="control stream encountered a failure while serving" connIndex=0 event=0 ip=2606:4700:a0::8
2026-09-04T06:32:39Z ERR Serve tunnel error error="control stream encountered a failure while serving" connIndex=0 event=0 ip=2606:4700:a0::8
2026-09-04T06:32:39Z INF Retrying connection in up to 1m4s connIndex=0 event=0 ip=2606:4700:a0::8
2026-09-04T06:33:06Z INF Tunnel connection curve preferences: [X25519MLKEM768 CurveID(65074) CurveP256] connIndex=0 event=0 ip=2606:4700:a0::8
2026-09-04T06:33:06Z ERR failed to run the datagram handler error="context canceled" connIndex=0 event=0 ip=2606:4700:a0::8
2026-09-04T06:33:06Z ERR failed to serve tunnel connection error="control stream encountered a failure while serving" connIndex=0 event=0 ip=2606:4700:a0::8
2026-09-04T06:33:06Z ERR Serve tunnel error error="control stream encountered a failure while serving" connIndex=0 event=0 ip=2606:4700:a0::8
2026-09-04T06:33:06Z INF Retrying connection in up to 1m4s connIndex=0 event=0 ip=2606:4700:a0::8
2026-09-04T06:33:32Z INF Tunnel connection curve preferences: [X25519MLKEM768 CurveID(65074) CurveP256] connIndex=0 event=0 ip=2606:4700:a0::8
2026-09-04T06:33:33Z ERR failed to run the datagram handler error="context canceled" connIndex=0 event=0 ip=2606:4700:a0::8
2026-09-04T06:33:33Z ERR failed to serve tunnel connection error="control stream encountered a failure while serving" connIndex=0 event=0 ip=2606:4700:a0::8
2026-09-04T06:33:33Z ERR Serve tunnel error error="control stream encountered a failure while serving" connIndex=0 event=0 ip=2606:4700:a0::8
2026-09-04T06:33:33Z INF Retrying connection in up to 1m4s connIndex=0 event=0 ip=2606:4700:a0::8
2026-09-04T06:33:49Z INF Tunnel connection curve preferences: [X25519MLKEM768 CurveID(65074) CurveP256] connIndex=0 event=0 ip=2606:4700:a0::8
2026-09-04T06:33:49Z ERR failed to run the datagram handler error="context canceled" connIndex=0 event=0 ip=2606:4700:a0::8
2026-09-04T06:33:49Z ERR failed to serve tunnel connection error="control stream encountered a failure while serving" connIndex=0 event=0 ip=2606:4700:a0::8
2026-09-04T06:33:49Z ERR Serve tunnel error error="control stream encountered a failure while serving" connIndex=0 event=0 ip=2606:4700:a0::8
2026-09-04T06:33:49Z INF Retrying connection in up to 1m4s connIndex=0 event=0 ip=2606:4700:a0::8
2026-09-04T06:34:19Z INF Tunnel connection curve preferences: [X25519MLKEM768 CurveID(65074) CurveP256] connIndex=0 event=0 ip=2606:4700:a0::8
2026-09-04T06:34:19Z ERR failed to run the datagram handler error="context canceled" connIndex=0 event=0 ip=2606:4700:a0::8
2026-09-04T06:34:19Z ERR failed to serve tunnel connection error="control stream encountered a failure while serving" connIndex=0 event=0 ip=2606:4700:a0::8
2026-09-04T06:34:19Z ERR Serve tunnel error error="control stream encountered a failure while serving" connIndex=0 event=0 ip=2606:4700:a0::8
2026-09-04T06:34:19Z INF Retrying connection in up to 1m4s connIndex=0 event=0 ip=2606:4700:a0::8
2026-09-04T06:34:47Z INF Tunnel connection curve preferences: [X25519MLKEM768 CurveID(65074) CurveP256] connIndex=0 event=0 ip=2606:4700:a0::8
2026-09-04T06:34:47Z ERR failed to run the datagram handler error="context canceled" connIndex=0 event=0 ip=2606:4700:a0::8
2026-09-04T06:34:47Z ERR failed to serve tunnel connection error="control stream encountered a failure while serving" connIndex=0 event=0 ip=2606:4700:a0::8
2026-09-04T06:34:47Z ERR Serve tunnel error error="control stream encountered a failure while serving" connIndex=0 event=0 ip=2606:4700:a0::8
2026-09-04T06:34:47Z INF Retrying connection in up to 1m4s connIndex=0 event=0 ip=2606:4700:a0::8
2026-09-04T06:35:05Z INF Tunnel connection curve preferences: [X25519MLKEM768 CurveID(65074) CurveP256] connIndex=0 event=0 ip=2606:4700:a0::8
2026-09-04T06:35:05Z ERR failed to run the datagram handler error="context canceled" connIndex=0 event=0 ip=2606:4700:a0::8
2026-09-04T06:35:05Z ERR failed to serve tunnel connection error="control stream encountered a failure while serving" connIndex=0 event=0 ip=2606:4700:a0::8
2026-09-04T06:35:05Z ERR Serve tunnel error error="control stream encountered a failure while serving" connIndex=0 event=0 ip=2606:4700:a0::8
2026-09-04T06:35:05Z INF Retrying connection in up to 1m4s connIndex=0 event=0 ip=2606:4700:a0::8
2026-09-04T06:35:35Z INF Tunnel connection curve preferences: [X25519MLKEM768 CurveID(65074) CurveP256] connIndex=0 event=0 ip=2606:4700:a0::8
2026-09-04T06:35:35Z ERR failed to run the datagram handler error="context canceled" connIndex=0 event=0 ip=2606:4700:a0::8
2026-09-04T06:35:35Z ERR failed to serve tunnel connection error="control stream encountered a failure while serving" connIndex=0 event=0 ip=2606:4700:a0::8
2026-09-04T06:35:35Z ERR Serve tunnel error error="control stream encountered a failure while serving" connIndex=0 event=0 ip=2606:4700:a0::8
2026-09-04T06:35:35Z INF Retrying connection in up to 1m4s connIndex=0 event=0 ip=2606:4700:a0::8
2026-09-04T06:36:03Z INF Tunnel connection curve preferences: [X25519MLKEM768 CurveID(65074) CurveP256] connIndex=0 event=0 ip=2606:4700:a0::8
2026-09-04T06:36:03Z ERR failed to run the datagram handler error="context canceled" connIndex=0 event=0 ip=2606:4700:a0::8
2026-09-04T06:36:03Z ERR failed to serve tunnel connection error="control stream encountered a failure while serving" connIndex=0 event=0 ip=2606:4700:a0::8
2026-09-04T06:36:03Z ERR Serve tunnel error error="control stream encountered a failure while serving" connIndex=0 event=0 ip=2606:4700:a0::8
2026-09-04T06:36:03Z INF Retrying connection in up to 1m4s connIndex=0 event=0 ip=2606:4700:a0::8
2026-09-04T06:36:15Z INF Tunnel connection curve preferences: [X25519MLKEM768 CurveID(65074) CurveP256] connIndex=0 event=0 ip=2606:4700:a0::8
2026-09-04T06:36:15Z ERR failed to run the datagram handler error="context canceled" connIndex=0 event=0 ip=2606:4700:a0::8
2026-09-04T06:36:15Z ERR failed to serve tunnel connection error="control stream encountered a failure while serving" connIndex=0 event=0 ip=2606:4700:a0::8
2026-09-04T06:36:15Z ERR Serve tunnel error error="control stream encountered a failure while serving" connIndex=0 event=0 ip=2606:4700:a0::8
2026-09-04T06:36:15Z INF Retrying connection in up to 1m4s connIndex=0 event=0 ip=2606:4700:a0::8
2026-09-04T06:36:45Z INF Tunnel connection curve preferences: [X25519MLKEM768 CurveID(65074) CurveP256] connIndex=0 event=0 ip=2606:4700:a0::8
2026-09-04T06:36:45Z ERR failed to run the datagram handler error="context canceled" connIndex=0 event=0 ip=2606:4700:a0::8
2026-09-04T06:36:45Z ERR failed to serve tunnel connection error="control stream encountered a failure while serving" connIndex=0 event=0 ip=2606:4700:a0::8
2026-09-04T06:36:45Z ERR Serve tunnel error error="control stream encountered a failure while serving" connIndex=0 event=0 ip=2606:4700:a0::8
2026-09-04T06:36:45Z INF Retrying connection in up to 1m4s connIndex=0 event=0 ip=2606:4700:a0::8
2026-09-04T06:36:47Z INF Tunnel connection curve preferences: [X25519MLKEM768 CurveID(65074) CurveP256] connIndex=0 event=0 ip=2606:4700:a0::8
2026-09-04T06:36:47Z ERR failed to run the datagram handler error="context canceled" connIndex=0 event=0 ip=2606:4700:a0::8
2026-09-04T06:36:47Z ERR failed to serve tunnel connection error="control stream encountered a failure while serving" connIndex=0 event=0 ip=2606:4700:a0::8
2026-09-04T06:36:47Z ERR Serve tunnel error error="control stream encountered a failure while serving" connIndex=0 event=0 ip=2606:4700:a0::8
2026-09-04T06:36:47Z INF Retrying connection in up to 1m4s connIndex=0 event=0 ip=2606:4700:a0::8
2026-09-04T06:36:49Z INF Tunnel connection curve preferences: [X25519MLKEM768 CurveID(65074) CurveP256] connIndex=0 event=0 ip=2606:4700:a0::8
2026-09-04T06:36:49Z ERR failed to run the datagram handler error="context canceled" connIndex=0 event=0 ip=2606:4700:a0::8
2026-09-04T06:36:49Z ERR failed to serve tunnel connection error="control stream encountered a failure while serving" connIndex=0 event=0 ip=2606:4700:a0::8
2026-09-04T06:36:49Z ERR Serve tunnel error error="control stream encountered a failure while serving" connIndex=0 event=0 ip=2606:4700:a0::8
2026-09-04T06:36:49Z INF Retrying connection in up to 1m4s connIndex=0 event=0 ip=2606:4700:a0::8
2026-09-04T06:37:16Z INF Tunnel connection curve preferences: [X25519MLKEM768 CurveID(65074) CurveP256] connIndex=0 event=0 ip=2606:4700:a0::8
2026-09-04T06:37:16Z ERR failed to run the datagram handler error="context canceled" connIndex=0 event=0 ip=2606:4700:a0::8
2026-09-04T06:37:16Z ERR failed to serve tunnel connection error="control stream encountered a failure while serving" connIndex=0 event=0 ip=2606:4700:a0::8
2026-09-04T06:37:16Z ERR Serve tunnel error error="control stream encountered a failure while serving" connIndex=0 event=0 ip=2606:4700:a0::8
2026-09-04T06:37:16Z INF Retrying connection in up to 1m4s connIndex=0 event=0 ip=2606:4700:a0::8
2026-09-04T06:37:40Z INF Tunnel connection curve preferences: [X25519MLKEM768 CurveID(65074) CurveP256] connIndex=0 event=0 ip=2606:4700:a0::8
2026-09-04T06:37:40Z ERR failed to run the datagram handler error="context canceled" connIndex=0 event=0 ip=2606:4700:a0::8
2026-09-04T06:37:40Z ERR failed to serve tunnel connection error="control stream encountered a failure while serving" connIndex=0 event=0 ip=2606:4700:a0::8
2026-09-04T06:37:40Z ERR Serve tunnel error error="control stream encountered a failure while serving" connIndex=0 event=0 ip=2606:4700:a0::8
2026-09-04T06:37:40Z INF Retrying connection in up to 1m4s connIndex=0 event=0 ip=2606:4700:a0::8
2026-09-04T06:37:58Z INF Tunnel connection curve preferences: [X25519MLKEM768 CurveID(65074) CurveP256] connIndex=0 event=0 ip=2606:4700:a0::8
2026-09-04T06:37:58Z ERR failed to run the datagram handler error="context canceled" connIndex=0 event=0 ip=2606:4700:a0::8
2026-09-04T06:37:58Z ERR failed to serve tunnel connection error="control stream encountered a failure while serving" connIndex=0 event=0 ip=2606:4700:a0::8
2026-09-04T06:37:58Z ERR Serve tunnel error error="control stream encountered a failure while serving" connIndex=0 event=0 ip=2606:4700:a0::8
2026-09-04T06:37:58Z INF Retrying connection in up to 1m4s connIndex=0 event=0 ip=2606:4700:a0::8
2026-09-04T06:38:14Z INF Tunnel connection curve preferences: [X25519MLKEM768 CurveID(65074) CurveP256] connIndex=0 event=0 ip=2606:4700:a0::8
2026-09-04T06:38:14Z ERR failed to run the datagram handler error="context canceled" connIndex=0 event=0 ip=2606:4700:a0::8
2026-09-04T06:38:14Z ERR failed to serve tunnel connection error="control stream encountered a failure while serving" connIndex=0 event=0 ip=2606:4700:a0::8
2026-09-04T06:38:14Z ERR Serve tunnel error error="control stream encountered a failure while serving" connIndex=0 event=0 ip=2606:4700:a0::8
2026-09-04T06:38:14Z INF Retrying connection in up to 1m4s connIndex=0 event=0 ip=2606:4700:a0::8
2026-09-04T06:38:42Z INF Tunnel connection curve preferences: [X25519MLKEM768 CurveID(65074) CurveP256] connIndex=0 event=0 ip=2606:4700:a0::8
2026-09-04T06:38:43Z ERR failed to run the datagram handler error="context canceled" connIndex=0 event=0 ip=2606:4700:a0::8
2026-09-04T06:38:43Z ERR failed to serve tunnel connection error="control stream encountered a failure while serving" connIndex=0 event=0 ip=2606:4700:a0::8
2026-09-04T06:38:43Z ERR Serve tunnel error error="control stream encountered a failure while serving" connIndex=0 event=0 ip=2606:4700:a0::8
2026-09-04T06:38:43Z INF Retrying connection in up to 1m4s connIndex=0 event=0 ip=2606:4700:a0::8
2026-09-04T06:39:10Z INF Tunnel connection curve preferences: [X25519MLKEM768 CurveID(65074) CurveP256] connIndex=0 event=0 ip=2606:4700:a0::8
2026-09-04T06:39:10Z ERR failed to run the datagram handler error="context canceled" connIndex=0 event=0 ip=2606:4700:a0::8
2026-09-04T06:39:10Z ERR failed to serve tunnel connection error="control stream encountered a failure while serving" connIndex=0 event=0 ip=2606:4700:a0::8
2026-09-04T06:39:10Z ERR Serve tunnel error error="control stream encountered a failure while serving" connIndex=0 event=0 ip=2606:4700:a0::8
2026-09-04T06:39:10Z INF Retrying connection in up to 1m4s connIndex=0 event=0 ip=2606:4700:a0::8
2026-09-04T06:39:14Z INF Tunnel connection curve preferences: [X25519MLKEM768 CurveID(65074) CurveP256] connIndex=0 event=0 ip=2606:4700:a0::8
2026-09-04T06:39:14Z ERR failed to run the datagram handler error="context canceled" connIndex=0 event=0 ip=2606:4700:a0::8
2026-09-04T06:39:14Z ERR failed to serve tunnel connection error="control stream encountered a failure while serving" connIndex=0 event=0 ip=2606:4700:a0::8
2026-09-04T06:39:14Z ERR Serve tunnel error error="control stream encountered a failure while serving" connIndex=0 event=0 ip=2606:4700:a0::8
2026-09-04T06:39:14Z INF Retrying connection in up to 1m4s connIndex=0 event=0 ip=2606:4700:a0::8
2026-09-04T06:39:22Z INF Tunnel connection curve preferences: [X25519MLKEM768 CurveID(65074) CurveP256] connIndex=0 event=0 ip=2606:4700:a0::8
2026-09-04T06:39:22Z ERR failed to run the datagram handler error="context canceled" connIndex=0 event=0 ip=2606:4700:a0::8
2026-09-04T06:39:22Z ERR failed to serve tunnel connection error="control stream encountered a failure while serving" connIndex=0 event=0 ip=2606:4700:a0::8
2026-09-04T06:39:22Z ERR Serve tunnel error error="control stream encountered a failure while serving" connIndex=0 event=0 ip=2606:4700:a0::8
2026-09-04T06:39:22Z INF Retrying connection in up to 1m4s connIndex=0 event=0 ip=2606:4700:a0::8
2026-09-04T06:39:52Z INF Tunnel connection curve preferences: [X25519MLKEM768 CurveID(65074) CurveP256] connIndex=0 event=0 ip=2606:4700:a0::8
2026-09-04T06:39:52Z ERR failed to run the datagram handler error="context canceled" connIndex=0 event=0 ip=2606:4700:a0::8
2026-09-04T06:39:52Z ERR failed to serve tunnel connection error="control stream encountered a failure while serving" connIndex=0 event=0 ip=2606:4700:a0::8
2026-09-04T06:39:52Z ERR Serve tunnel error error="control stream encountered a failure while serving" connIndex=0 event=0 ip=2606:4700:a0::8
2026-09-04T06:39:52Z INF Retrying connection in up to 1m4s connIndex=0 event=0 ip=2606:4700:a0::8
2026-09-04T06:40:03Z INF Tunnel connection curve preferences: [X25519MLKEM768 CurveID(65074) CurveP256] connIndex=0 event=0 ip=2606:4700:a0::8
2026-09-04T06:40:03Z ERR failed to run the datagram handler error="context canceled" connIndex=0 event=0 ip=2606:4700:a0::8
2026-09-04T06:40:03Z ERR failed to serve tunnel connection error="control stream encountered a failure while serving" connIndex=0 event=0 ip=2606:4700:a0::8
2026-09-04T06:40:03Z ERR Serve tunnel error error="control stream encountered a failure while serving" connIndex=0 event=0 ip=2606:4700:a0::8
2026-09-04T06:40:03Z INF Retrying connection in up to 1m4s connIndex=0 event=0 ip=2606:4700:a0::8
2026-09-04T06:40:33Z INF Tunnel connection curve preferences: [X25519MLKEM768 CurveID(65074) CurveP256] connIndex=0 event=0 ip=2606:4700:a0::8
2026-09-04T06:40:34Z ERR failed to run the datagram handler error="context canceled" connIndex=0 event=0 ip=2606:4700:a0::8
2026-09-04T06:40:34Z ERR failed to serve tunnel connection error="control stream encountered a failure while serving" connIndex=0 event=0 ip=2606:4700:a0::8
2026-09-04T06:40:34Z ERR Serve tunnel error error="control stream encountered a failure while serving" connIndex=0 event=0 ip=2606:4700:a0::8
2026-09-04T06:40:34Z INF Retrying connection in up to 1m4s connIndex=0 event=0 ip=2606:4700:a0::8
2026-09-04T06:40:51Z INF Tunnel connection curve preferences: [X25519MLKEM768 CurveID(65074) CurveP256] connIndex=0 event=0 ip=2606:4700:a0::8
2026-09-04T06:40:51Z ERR failed to run the datagram handler error="context canceled" connIndex=0 event=0 ip=2606:4700:a0::8
2026-09-04T06:40:51Z ERR failed to serve tunnel connection error="control stream encountered a failure while serving" connIndex=0 event=0 ip=2606:4700:a0::8
2026-09-04T06:40:51Z ERR Serve tunnel error error="control stream encountered a failure while serving" connIndex=0 event=0 ip=2606:4700:a0::8
2026-09-04T06:40:51Z INF Retrying connection in up to 1m4s connIndex=0 event=0 ip=2606:4700:a0::8
2026-09-04T06:41:23Z INF Tunnel connection curve preferences: [X25519MLKEM768 CurveID(65074) CurveP256] connIndex=0 event=0 ip=2606:4700:a0::8
2026-09-04T06:41:23Z ERR failed to run the datagram handler error="context canceled" connIndex=0 event=0 ip=2606:4700:a0::8
2026-09-04T06:41:23Z ERR failed to serve tunnel connection error="control stream encountered a failure while serving" connIndex=0 event=0 ip=2606:4700:a0::8
2026-09-04T06:41:23Z ERR Serve tunnel error error="control stream encountered a failure while serving" connIndex=0 event=0 ip=2606:4700:a0::8
2026-09-04T06:41:23Z INF Retrying connection in up to 1m4s connIndex=0 event=0 ip=2606:4700:a0::8
2026-09-04T06:41:23Z INF Tunnel connection curve preferences: [X25519MLKEM768 CurveID(65074) CurveP256] connIndex=0 event=0 ip=2606:4700:a0::8
2026-09-04T06:41:23Z ERR failed to run the datagram handler error="context canceled" connIndex=0 event=0 ip=2606:4700:a0::8
2026-09-04T06:41:23Z ERR failed to serve tunnel connection error="control stream encountered a failure while serving" connIndex=0 event=0 ip=2606:4700:a0::8
2026-09-04T06:41:23Z ERR Serve tunnel error error="control stream encountered a failure while serving" connIndex=0 event=0 ip=2606:4700:a0::8
2026-09-04T06:41:23Z INF Retrying connection in up to 1m4s connIndex=0 event=0 ip=2606:4700:a0::8
2026-09-04T06:41:53Z INF Tunnel connection curve preferences: [X25519MLKEM768 CurveID(65074) CurveP256] connIndex=0 event=0 ip=2606:4700:a0::8
2026-09-04T06:41:53Z ERR failed to run the datagram handler error="context canceled" connIndex=0 event=0 ip=2606:4700:a0::8
2026-09-04T06:41:53Z ERR failed to serve tunnel connection error="control stream encountered a failure while serving" connIndex=0 event=0 ip=2606:4700:a0::8
2026-09-04T06:41:53Z ERR Serve tunnel error error="control stream encountered a failure while serving" connIndex=0 event=0 ip=2606:4700:a0::8
2026-09-04T06:41:53Z INF Retrying connection in up to 1m4s connIndex=0 event=0 ip=2606:4700:a0::8
2026-09-04T06:42:16Z INF Tunnel connection curve preferences: [X25519MLKEM768 CurveID(65074) CurveP256] connIndex=0 event=0 ip=2606:4700:a0::8
2026-09-04T06:42:16Z ERR failed to run the datagram handler error="context canceled" connIndex=0 event=0 ip=2606:4700:a0::8
2026-09-04T06:42:16Z ERR failed to serve tunnel connection error="control stream encountered a failure while serving" connIndex=0 event=0 ip=2606:4700:a0::8
2026-09-04T06:42:16Z ERR Serve tunnel error error="control stream encountered a failure while serving" connIndex=0 event=0 ip=2606:4700:a0::8
2026-09-04T06:42:16Z INF Retrying connection in up to 1m4s connIndex=0 event=0 ip=2606:4700:a0::8
2026-09-04T06:42:48Z INF Tunnel connection curve preferences: [X25519MLKEM768 CurveID(65074) CurveP256] connIndex=0 event=0 ip=2606:4700:a0::8
2026-09-04T06:42:48Z ERR failed to run the datagram handler error="context canceled" connIndex=0 event=0 ip=2606:4700:a0::8
2026-09-04T06:42:48Z ERR failed to serve tunnel connection error="control stream encountered a failure while serving" connIndex=0 event=0 ip=2606:4700:a0::8
2026-09-04T06:42:48Z ERR Serve tunnel error error="control stream encountered a failure while serving" connIndex=0 event=0 ip=2606:4700:a0::8
2026-09-04T06:42:48Z INF Retrying connection in up to 1m4s connIndex=0 event=0 ip=2606:4700:a0::8
2026-09-04T06:43:17Z INF Tunnel connection curve preferences: [X25519MLKEM768 CurveID(65074) CurveP256] connIndex=0 event=0 ip=2606:4700:a0::8
2026-09-04T06:43:17Z ERR failed to run the datagram handler error="context canceled" connIndex=0 event=0 ip=2606:4700:a0::8
2026-09-04T06:43:17Z ERR failed to serve tunnel connection error="control stream encountered a failure while serving" connIndex=0 event=0 ip=2606:4700:a0::8
2026-09-04T06:43:17Z ERR Serve tunnel error error="control stream encountered a failure while serving" connIndex=0 event=0 ip=2606:4700:a0::8
2026-09-04T06:43:17Z INF Retrying connection in up to 1m4s connIndex=0 event=0 ip=2606:4700:a0::8
2026-09-04T06:43:23Z INF Tunnel connection curve preferences: [X25519MLKEM768 CurveID(65074) CurveP256] connIndex=0 event=0 ip=2606:4700:a0::8
2026-09-04T06:43:23Z ERR failed to run the datagram handler error="context canceled" connIndex=0 event=0 ip=2606:4700:a0::8
2026-09-04T06:43:23Z ERR failed to serve tunnel connection error="control stream encountered a failure while serving" connIndex=0 event=0 ip=2606:4700:a0::8
2026-09-04T06:43:23Z ERR Serve tunnel error error="control stream encountered a failure while serving" connIndex=0 event=0 ip=2606:4700:a0::8
2026-09-04T06:43:23Z INF Retrying connection in up to 1m4s connIndex=0 event=0 ip=2606:4700:a0::8
2026-09-04T06:43:51Z INF Tunnel connection curve preferences: [X25519MLKEM768 CurveID(65074) CurveP256] connIndex=0 event=0 ip=2606:4700:a0::8
2026-09-04T06:43:51Z ERR failed to run the datagram handler error="context canceled" connIndex=0 event=0 ip=2606:4700:a0::8
2026-09-04T06:43:51Z ERR failed to serve tunnel connection error="control stream encountered a failure while serving" connIndex=0 event=0 ip=2606:4700:a0::8
2026-09-04T06:43:51Z ERR Serve tunnel error error="control stream encountered a failure while serving" connIndex=0 event=0 ip=2606:4700:a0::8
2026-09-04T06:43:51Z INF Retrying connection in up to 1m4s connIndex=0 event=0 ip=2606:4700:a0::8
2026-09-04T06:43:59Z INF Tunnel connection curve preferences: [X25519MLKEM768 CurveID(65074) CurveP256] connIndex=0 event=0 ip=2606:4700:a0::8
2026-09-04T06:43:59Z ERR failed to run the datagram handler error="context canceled" connIndex=0 event=0 ip=2606:4700:a0::8
2026-09-04T06:43:59Z ERR failed to serve tunnel connection error="control stream encountered a failure while serving" connIndex=0 event=0 ip=2606:4700:a0::8
2026-09-04T06:43:59Z ERR Serve tunnel error error="control stream encountered a failure while serving" connIndex=0 event=0 ip=2606:4700:a0::8
2026-09-04T06:43:59Z INF Retrying connection in up to 1m4s connIndex=0 event=0 ip=2606:4700:a0::8
2026-09-04T06:44:17Z INF Tunnel connection curve preferences: [X25519MLKEM768 CurveID(65074) CurveP256] connIndex=0 event=0 ip=2606:4700:a0::8
2026-09-04T06:44:17Z ERR failed to run the datagram handler error="context canceled" connIndex=0 event=0 ip=2606:4700:a0::8
2026-09-04T06:44:17Z ERR failed to serve tunnel connection error="control stream encountered a failure while serving" connIndex=0 event=0 ip=2606:4700:a0::8
2026-09-04T06:44:17Z ERR Serve tunnel error error="control stream encountered a failure while serving" connIndex=0 event=0 ip=2606:4700:a0::8
2026-09-04T06:44:17Z INF Retrying connection in up to 1m4s connIndex=0 event=0 ip=2606:4700:a0::8
2026-09-04T06:44:34Z INF Tunnel connection curve preferences: [X25519MLKEM768 CurveID(65074) CurveP256] connIndex=0 event=0 ip=2606:4700:a0::8
2026-09-04T06:44:34Z ERR failed to run the datagram handler error="context canceled" connIndex=0 event=0 ip=2606:4700:a0::8
2026-09-04T06:44:34Z ERR failed to serve tunnel connection error="control stream encountered a failure while serving" connIndex=0 event=0 ip=2606:4700:a0::8
2026-09-04T06:44:34Z ERR Serve tunnel error error="control stream encountered a failure while serving" connIndex=0 event=0 ip=2606:4700:a0::8
2026-09-04T06:44:34Z INF Retrying connection in up to 1m4s connIndex=0 event=0 ip=2606:4700:a0::8
