{"level":"info","time":"2026-09-03T03:29:49Z","message":"Thank you for trying Cloudflare Tunnel. Doing so, without a Cloudflare account, is a quick way to experiment and try it out. However, be aware that these account-less Tunnels have no uptime guarantee, are subject to the Cloudflare Online Services Terms of Use (https://www.cloudflare.com/website-terms/), and Cloudflare reserves the right to investigate your use of Tunnels for violations of such terms. If you intend to use Tunnels in production you should use a pre-created named tunnel by following: https://developers.cloudflare.com/cloudflare-one/connections/connect-apps"}
{"level":"info","time":"2026-09-03T03:29:49Z","message":"Requesting new quick Tunnel on trycloudflare.com..."}
{"level":"info","time":"2026-09-03T03:29:52Z","message":"+--------------------------------------------------------------------------------------------+"}
{"level":"info","time":"2026-09-03T03:29:52Z","message":"|  Your quick Tunnel has been created! Visit it at (it may take some time to be reachable):  |"}
{"level":"info","time":"2026-09-03T03:29:52Z","message":"|  https://closing-tub-field-exclusive.trycloudflare.com                                     |"}
{"level":"info","time":"2026-09-03T03:29:52Z","message":"+--------------------------------------------------------------------------------------------+"}
{"level":"info","time":"2026-09-03T03:29:52Z","message":"Cannot determine default configuration path. No file [config.yml config.yaml] in [~/.cloudflared ~/.cloudflare-warp ~/cloudflare-warp /etc/cloudflared /usr/local/etc/cloudflared]"}
{"level":"info","time":"2026-09-03T03:29:52Z","message":"Version 2026.8.3 (Checksum cda6e0f6652fec97547746a7de03c478c68c8b3b7b8f8ae8df2a22cd7a1f61e5)"}
{"level":"info","time":"2026-09-03T03:29:52Z","message":"GOOS: darwin, GOVersion: go1.27.0, GoArch: arm64"}
{"level":"info","time":"2026-09-03T03:29:52Z","message":"Settings: map[ha-connections:1 logfile:/Users/genesis/Desktop/Oxyderm-Build/data/cloudflared-tunnel.log protocol:quic url:http://localhost:4790]"}
{"level":"info","time":"2026-09-03T03:29:52Z","message":"cloudflared will not automatically update if installed by a package manager."}
{"level":"info","time":"2026-09-03T03:29:52Z","message":"Generated Connector ID: ae26aed1-2525-4d02-919f-9536b16d36b1"}
{"level":"info","time":"2026-09-03T03:29:52Z","message":"Initial protocol quic"}
{"level":"info","time":"2026-09-03T03:29:52Z","message":"ICMP proxy will use 10.0.0.230 as source for IPv4"}
{"level":"info","time":"2026-09-03T03:29:52Z","message":"ICMP proxy will use fe80::c01:2e6f:9fc:c0e7 in zone en0 as source for IPv6"}
{"level":"info","time":"2026-09-03T03:29:52Z","message":"Created ICMP proxy listening on 10.0.0.230:0"}
{"level":"info","time":"2026-09-03T03:29:52Z","message":"ICMP proxy will use 10.0.0.230 as source for IPv4"}
{"level":"info","time":"2026-09-03T03:29:52Z","message":"ICMP proxy will use fe80::c01:2e6f:9fc:c0e7 in zone en0 as source for IPv6"}
{"level":"info","time":"2026-09-03T03:29:52Z","message":"Starting metrics server on 127.0.0.1:20241/metrics"}
{"level":"info","event":0,"ip":"2606:4700:a0::10","connIndex":0,"time":"2026-09-03T03:29:52Z","message":"Tunnel connection curve preferences: [X25519MLKEM768 CurveID(65074) CurveP256]"}
{"level":"info","time":"2026-09-03T03:29:52Z","message":"+-------------------------------------------------------------------------------------+"}
{"level":"info","time":"2026-09-03T03:29:52Z","message":"|                               CONNECTIVITY PRE-CHECKS                               |"}
{"level":"info","time":"2026-09-03T03:29:52Z","message":"+-------------------------------------------------------------------------------------+"}
{"level":"info","time":"2026-09-03T03:29:52Z","message":"|  COMPONENT         TARGET                     STATUS  DETAILS                       |"}
{"level":"info","time":"2026-09-03T03:29:52Z","message":"|  DNS Resolution    region1.v2.argotunnel.com  PASS    DNS Resolved successfully     |"}
{"level":"info","time":"2026-09-03T03:29:52Z","message":"|  DNS Resolution    region2.v2.argotunnel.com  PASS    DNS Resolved successfully     |"}
{"level":"info","time":"2026-09-03T03:29:52Z","message":"|  UDP Connectivity  region1.v2.argotunnel.com  PASS    QUIC connection successful    |"}
{"level":"info","time":"2026-09-03T03:29:52Z","message":"|  UDP Connectivity  region2.v2.argotunnel.com  PASS    QUIC connection successful    |"}
{"level":"info","time":"2026-09-03T03:29:52Z","message":"|  TCP Connectivity  region1.v2.argotunnel.com  PASS    HTTP/2 connection successful  |"}
{"level":"info","time":"2026-09-03T03:29:52Z","message":"|  TCP Connectivity  region2.v2.argotunnel.com  PASS    HTTP/2 connection successful  |"}
{"level":"info","time":"2026-09-03T03:29:52Z","message":"|  Cloudflare API    api.cloudflare.com:443     PASS    API is reachable              |"}
{"level":"info","time":"2026-09-03T03:29:52Z","message":"|                                                                                     |"}
{"level":"info","time":"2026-09-03T03:29:52Z","message":"|  SUMMARY: Environment is healthy. cloudflared will use 'quic' as primary protocol.  |"}
{"level":"info","time":"2026-09-03T03:29:52Z","message":"+-------------------------------------------------------------------------------------+"}
{"level":"info","run_id":"839f4604-004b-40b0-89c6-0c2ac37ba971","component":"DNS Resolution","target":"region1.v2.argotunnel.com","status":"pass","details":"DNS Resolved successfully","time":"2026-09-03T03:29:52Z","message":"precheck"}
{"level":"info","run_id":"839f4604-004b-40b0-89c6-0c2ac37ba971","component":"DNS Resolution","target":"region2.v2.argotunnel.com","status":"pass","details":"DNS Resolved successfully","time":"2026-09-03T03:29:52Z","message":"precheck"}
{"level":"info","run_id":"839f4604-004b-40b0-89c6-0c2ac37ba971","component":"UDP Connectivity","target":"region1.v2.argotunnel.com","status":"pass","details":"QUIC connection successful","time":"2026-09-03T03:29:52Z","message":"precheck"}
{"level":"info","run_id":"839f4604-004b-40b0-89c6-0c2ac37ba971","component":"UDP Connectivity","target":"region2.v2.argotunnel.com","status":"pass","details":"QUIC connection successful","time":"2026-09-03T03:29:52Z","message":"precheck"}
{"level":"info","run_id":"839f4604-004b-40b0-89c6-0c2ac37ba971","component":"TCP Connectivity","target":"region1.v2.argotunnel.com","status":"pass","details":"HTTP/2 connection successful","time":"2026-09-03T03:29:52Z","message":"precheck"}
{"level":"info","run_id":"839f4604-004b-40b0-89c6-0c2ac37ba971","component":"TCP Connectivity","target":"region2.v2.argotunnel.com","status":"pass","details":"HTTP/2 connection successful","time":"2026-09-03T03:29:52Z","message":"precheck"}
{"level":"info","run_id":"839f4604-004b-40b0-89c6-0c2ac37ba971","component":"Cloudflare API","target":"api.cloudflare.com:443","status":"pass","details":"API is reachable","time":"2026-09-03T03:29:52Z","message":"precheck"}
{"level":"info","run_id":"839f4604-004b-40b0-89c6-0c2ac37ba971","hard_fail":false,"suggested_protocol":"quic","time":"2026-09-03T03:29:52Z","message":"precheck complete"}
{"level":"info","event":0,"connection":"8c9ca518-687b-4721-92d1-e1211c2b8325","connIndex":0,"location":"yvr02","ip":"2606:4700:a0::10","protocol":"quic","time":"2026-09-03T03:29:52Z","message":"Registered tunnel connection"}
{"level":"error","event":0,"ip":"2606:4700:a0::10","connIndex":0,"error":"timeout: no recent network activity","time":"2026-09-03T04:11:25Z","message":"failed to run the datagram handler"}
{"level":"error","event":0,"ip":"2606:4700:a0::10","connIndex":0,"error":"failed to accept QUIC stream: timeout: no recent network activity","time":"2026-09-03T04:11:25Z","message":"failed to accept incoming stream requests"}
{"level":"error","event":0,"ip":"2606:4700:a0::10","connIndex":0,"error":"datagram manager encountered a failure while serving","time":"2026-09-03T04:11:25Z","message":"failed to serve tunnel connection"}
{"level":"error","event":0,"ip":"2606:4700:a0::10","connIndex":0,"error":"datagram manager encountered a failure while serving","time":"2026-09-03T04:11:25Z","message":"Serve tunnel error"}
{"level":"info","event":0,"ip":"2606:4700:a0::10","connIndex":0,"time":"2026-09-03T04:11:25Z","message":"Retrying connection in up to 1s"}
{"level":"info","event":0,"ip":"2606:4700:a0::10","connIndex":0,"time":"2026-09-03T04:11:27Z","message":"Tunnel connection curve preferences: [X25519MLKEM768 CurveID(65074) CurveP256]"}
{"level":"info","event":0,"connection":"f334e301-f192-4c02-9788-27d350a267f2","connIndex":0,"location":"yvr01","ip":"2606:4700:a0::10","protocol":"quic","time":"2026-09-03T04:11:27Z","message":"Registered tunnel connection"}
{"level":"error","event":0,"ip":"2606:4700:a0::10","connIndex":0,"error":"failed to accept QUIC stream: timeout: no recent network activity","time":"2026-09-03T06:11:33Z","message":"failed to accept incoming stream requests"}
{"level":"error","event":0,"ip":"2606:4700:a0::10","connIndex":0,"error":"timeout: no recent network activity","time":"2026-09-03T06:11:33Z","message":"failed to run the datagram handler"}
{"level":"error","event":0,"ip":"2606:4700:a0::10","connIndex":0,"error":"accept stream listener encountered a failure while serving","time":"2026-09-03T06:11:35Z","message":"failed to serve tunnel connection"}
{"level":"error","event":0,"ip":"2606:4700:a0::10","connIndex":0,"error":"accept stream listener encountered a failure while serving","time":"2026-09-03T06:11:38Z","message":"Serve tunnel error"}
{"level":"info","event":0,"ip":"2606:4700:a0::10","connIndex":0,"time":"2026-09-03T06:11:39Z","message":"Retrying connection in up to 1s"}
{"level":"info","event":0,"ip":"2606:4700:a0::10","connIndex":0,"time":"2026-09-03T06:11:41Z","message":"Tunnel connection curve preferences: [X25519MLKEM768 CurveID(65074) CurveP256]"}
{"level":"info","time":"2026-09-03T06:15:31Z","message":"Thank you for trying Cloudflare Tunnel. Doing so, without a Cloudflare account, is a quick way to experiment and try it out. However, be aware that these account-less Tunnels have no uptime guarantee, are subject to the Cloudflare Online Services Terms of Use (https://www.cloudflare.com/website-terms/), and Cloudflare reserves the right to investigate your use of Tunnels for violations of such terms. If you intend to use Tunnels in production you should use a pre-created named tunnel by following: https://developers.cloudflare.com/cloudflare-one/connections/connect-apps"}
{"level":"info","time":"2026-09-03T06:15:31Z","message":"Requesting new quick Tunnel on trycloudflare.com..."}
{"level":"info","time":"2026-09-03T06:15:34Z","message":"+--------------------------------------------------------------------------------------------+"}
{"level":"info","time":"2026-09-03T06:15:34Z","message":"|  Your quick Tunnel has been created! Visit it at (it may take some time to be reachable):  |"}
{"level":"info","time":"2026-09-03T06:15:34Z","message":"|  https://tactics-retailers-pearl-intensive.trycloudflare.com                               |"}
{"level":"info","time":"2026-09-03T06:15:34Z","message":"+--------------------------------------------------------------------------------------------+"}
{"level":"info","time":"2026-09-03T06:15:34Z","message":"Cannot determine default configuration path. No file [config.yml config.yaml] in [~/.cloudflared ~/.cloudflare-warp ~/cloudflare-warp /etc/cloudflared /usr/local/etc/cloudflared]"}
{"level":"info","time":"2026-09-03T06:15:34Z","message":"Version 2026.8.3 (Checksum cda6e0f6652fec97547746a7de03c478c68c8b3b7b8f8ae8df2a22cd7a1f61e5)"}
{"level":"info","time":"2026-09-03T06:15:34Z","message":"GOOS: darwin, GOVersion: go1.27.0, GoArch: arm64"}
{"level":"info","time":"2026-09-03T06:15:34Z","message":"Settings: map[ha-connections:1 logfile:/Users/genesis/Desktop/Oxyderm-Build/data/cloudflared-tunnel.log protocol:quic url:http://localhost:4790]"}
{"level":"info","time":"2026-09-03T06:15:34Z","message":"cloudflared will not automatically update if installed by a package manager."}
{"level":"info","time":"2026-09-03T06:15:34Z","message":"Generated Connector ID: dde02692-5945-4752-8ae9-cb5efd6761aa"}
{"level":"info","time":"2026-09-03T06:15:34Z","message":"Initial protocol quic"}
{"level":"info","time":"2026-09-03T06:15:34Z","message":"ICMP proxy will use 10.0.0.230 as source for IPv4"}
{"level":"info","time":"2026-09-03T06:15:34Z","message":"ICMP proxy will use fe80::14b3:b140:8271:9c30 in zone en0 as source for IPv6"}
{"level":"info","time":"2026-09-03T06:15:34Z","message":"Created ICMP proxy listening on 10.0.0.230:0"}
{"level":"info","time":"2026-09-03T06:15:34Z","message":"ICMP proxy will use 10.0.0.230 as source for IPv4"}
{"level":"info","time":"2026-09-03T06:15:34Z","message":"ICMP proxy will use fe80::14b3:b140:8271:9c30 in zone en0 as source for IPv6"}
{"level":"info","time":"2026-09-03T06:15:34Z","message":"Starting metrics server on 127.0.0.1:20241/metrics"}
{"level":"info","event":0,"ip":"2606:4700:a8::1","connIndex":0,"time":"2026-09-03T06:15:34Z","message":"Tunnel connection curve preferences: [X25519MLKEM768 CurveID(65074) CurveP256]"}
{"level":"info","event":0,"connection":"1b863d15-e81d-4a05-accf-925970f02214","connIndex":0,"location":"sea08","ip":"2606:4700:a8::1","protocol":"quic","time":"2026-09-03T06:15:35Z","message":"Registered tunnel connection"}
{"level":"info","time":"2026-09-03T06:15:35Z","message":"+-------------------------------------------------------------------------------------+"}
{"level":"info","time":"2026-09-03T06:15:35Z","message":"|                               CONNECTIVITY PRE-CHECKS                               |"}
{"level":"info","time":"2026-09-03T06:15:35Z","message":"+-------------------------------------------------------------------------------------+"}
{"level":"info","time":"2026-09-03T06:15:35Z","message":"|  COMPONENT         TARGET                     STATUS  DETAILS                       |"}
{"level":"info","time":"2026-09-03T06:15:35Z","message":"|  DNS Resolution    region1.v2.argotunnel.com  PASS    DNS Resolved successfully     |"}
{"level":"info","time":"2026-09-03T06:15:35Z","message":"|  DNS Resolution    region2.v2.argotunnel.com  PASS    DNS Resolved successfully     |"}
{"level":"info","time":"2026-09-03T06:15:35Z","message":"|  UDP Connectivity  region1.v2.argotunnel.com  PASS    QUIC connection successful    |"}
{"level":"info","time":"2026-09-03T06:15:35Z","message":"|  UDP Connectivity  region2.v2.argotunnel.com  PASS    QUIC connection successful    |"}
{"level":"info","time":"2026-09-03T06:15:35Z","message":"|  TCP Connectivity  region1.v2.argotunnel.com  PASS    HTTP/2 connection successful  |"}
{"level":"info","time":"2026-09-03T06:15:35Z","message":"|  TCP Connectivity  region2.v2.argotunnel.com  PASS    HTTP/2 connection successful  |"}
{"level":"info","time":"2026-09-03T06:15:35Z","message":"|  Cloudflare API    api.cloudflare.com:443     PASS    API is reachable              |"}
{"level":"info","time":"2026-09-03T06:15:35Z","message":"|                                                                                     |"}
{"level":"info","time":"2026-09-03T06:15:35Z","message":"|  SUMMARY: Environment is healthy. cloudflared will use 'quic' as primary protocol.  |"}
{"level":"info","time":"2026-09-03T06:15:35Z","message":"+-------------------------------------------------------------------------------------+"}
{"level":"info","run_id":"a7dfba94-ffa1-4657-b09a-ce4dfb9258c3","component":"DNS Resolution","target":"region1.v2.argotunnel.com","status":"pass","details":"DNS Resolved successfully","time":"2026-09-03T06:15:35Z","message":"precheck"}
{"level":"info","run_id":"a7dfba94-ffa1-4657-b09a-ce4dfb9258c3","component":"DNS Resolution","target":"region2.v2.argotunnel.com","status":"pass","details":"DNS Resolved successfully","time":"2026-09-03T06:15:35Z","message":"precheck"}
{"level":"info","run_id":"a7dfba94-ffa1-4657-b09a-ce4dfb9258c3","component":"UDP Connectivity","target":"region1.v2.argotunnel.com","status":"pass","details":"QUIC connection successful","time":"2026-09-03T06:15:35Z","message":"precheck"}
{"level":"info","run_id":"a7dfba94-ffa1-4657-b09a-ce4dfb9258c3","component":"UDP Connectivity","target":"region2.v2.argotunnel.com","status":"pass","details":"QUIC connection successful","time":"2026-09-03T06:15:35Z","message":"precheck"}
{"level":"info","run_id":"a7dfba94-ffa1-4657-b09a-ce4dfb9258c3","component":"TCP Connectivity","target":"region1.v2.argotunnel.com","status":"pass","details":"HTTP/2 connection successful","time":"2026-09-03T06:15:35Z","message":"precheck"}
{"level":"info","run_id":"a7dfba94-ffa1-4657-b09a-ce4dfb9258c3","component":"TCP Connectivity","target":"region2.v2.argotunnel.com","status":"pass","details":"HTTP/2 connection successful","time":"2026-09-03T06:15:35Z","message":"precheck"}
{"level":"info","run_id":"a7dfba94-ffa1-4657-b09a-ce4dfb9258c3","component":"Cloudflare API","target":"api.cloudflare.com:443","status":"pass","details":"API is reachable","time":"2026-09-03T06:15:35Z","message":"precheck"}
{"level":"info","run_id":"a7dfba94-ffa1-4657-b09a-ce4dfb9258c3","hard_fail":false,"suggested_protocol":"quic","time":"2026-09-03T06:15:35Z","message":"precheck complete"}
{"level":"error","event":0,"ip":"2606:4700:a8::1","connIndex":0,"error":"timeout: no recent network activity","time":"2026-09-03T09:02:32Z","message":"failed to run the datagram handler"}
{"level":"error","event":0,"ip":"2606:4700:a8::1","connIndex":0,"error":"failed to accept QUIC stream: timeout: no recent network activity","time":"2026-09-03T09:02:32Z","message":"failed to accept incoming stream requests"}
{"level":"error","event":0,"ip":"2606:4700:a8::1","connIndex":0,"error":"datagram manager encountered a failure while serving","time":"2026-09-03T09:02:32Z","message":"failed to serve tunnel connection"}
{"level":"error","event":0,"ip":"2606:4700:a8::1","connIndex":0,"error":"datagram manager encountered a failure while serving","time":"2026-09-03T09:02:32Z","message":"Serve tunnel error"}
{"level":"info","event":0,"ip":"2606:4700:a8::1","connIndex":0,"time":"2026-09-03T09:02:32Z","message":"Retrying connection in up to 1s"}
{"level":"info","event":0,"ip":"2606:4700:a8::1","connIndex":0,"time":"2026-09-03T09:02:33Z","message":"Tunnel connection curve preferences: [X25519MLKEM768 CurveID(65074) CurveP256]"}
{"level":"info","event":0,"connection":"04118e6b-944c-449e-a302-2cf8cc5e21ae","connIndex":0,"location":"sea08","ip":"2606:4700:a8::1","protocol":"quic","time":"2026-09-03T09:02:33Z","message":"Registered tunnel connection"}
{"level":"error","event":0,"ip":"2606:4700:a8::1","connIndex":0,"error":"timeout: no recent network activity","time":"2026-09-03T17:53:32Z","message":"failed to run the datagram handler"}
{"level":"error","event":0,"ip":"2606:4700:a8::1","connIndex":0,"error":"failed to accept QUIC stream: timeout: no recent network activity","time":"2026-09-03T17:53:32Z","message":"failed to accept incoming stream requests"}
{"level":"error","event":0,"ip":"2606:4700:a8::1","connIndex":0,"error":"datagram manager encountered a failure while serving","time":"2026-09-03T17:53:32Z","message":"failed to serve tunnel connection"}
{"level":"error","event":0,"ip":"2606:4700:a8::1","connIndex":0,"error":"datagram manager encountered a failure while serving","time":"2026-09-03T17:53:32Z","message":"Serve tunnel error"}
{"level":"info","event":0,"ip":"2606:4700:a8::1","connIndex":0,"time":"2026-09-03T17:53:32Z","message":"Retrying connection in up to 1s"}
{"level":"info","event":0,"ip":"2606:4700:a8::1","connIndex":0,"time":"2026-09-03T17:53:33Z","message":"Tunnel connection curve preferences: [X25519MLKEM768 CurveID(65074) CurveP256]"}
{"level":"info","event":0,"connection":"3177a4e0-c3be-4fe3-911f-981b821b7232","connIndex":0,"location":"sea08","ip":"2606:4700:a8::1","protocol":"quic","time":"2026-09-03T17:53:33Z","message":"Registered tunnel connection"}
{"level":"error","event":0,"ip":"2606:4700:a8::1","connIndex":0,"error":"timeout: no recent network activity","time":"2026-09-03T18:35:18Z","message":"failed to run the datagram handler"}
{"level":"error","event":0,"ip":"2606:4700:a8::1","connIndex":0,"error":"failed to accept QUIC stream: timeout: no recent network activity","time":"2026-09-03T18:35:18Z","message":"failed to accept incoming stream requests"}
{"level":"error","event":0,"ip":"2606:4700:a8::1","connIndex":0,"error":"datagram manager encountered a failure while serving","time":"2026-09-03T18:35:18Z","message":"failed to serve tunnel connection"}
{"level":"error","event":0,"ip":"2606:4700:a8::1","connIndex":0,"error":"datagram manager encountered a failure while serving","time":"2026-09-03T18:35:18Z","message":"Serve tunnel error"}
{"level":"info","event":0,"ip":"2606:4700:a8::1","connIndex":0,"time":"2026-09-03T18:35:18Z","message":"Retrying connection in up to 1s"}
{"level":"info","event":0,"ip":"2606:4700:a8::1","connIndex":0,"time":"2026-09-03T18:35:20Z","message":"Tunnel connection curve preferences: [X25519MLKEM768 CurveID(65074) CurveP256]"}
{"level":"info","event":0,"connection":"d94866ee-727e-44b6-95fe-2b58eb14cf30","connIndex":0,"location":"sea08","ip":"2606:4700:a8::1","protocol":"quic","time":"2026-09-03T18:35:20Z","message":"Registered tunnel connection"}
{"level":"error","event":0,"ip":"2606:4700:a8::1","connIndex":0,"error":"failed to accept QUIC stream: write udp6 [::]:58609->[2606:4700:a8::1]:7844: sendmsg: no route to host","time":"2026-09-03T20:01:18Z","message":"failed to accept incoming stream requests"}
{"level":"error","event":0,"ip":"2606:4700:a8::1","connIndex":0,"error":"write udp6 [::]:58609->[2606:4700:a8::1]:7844: sendmsg: no route to host","time":"2026-09-03T20:01:18Z","message":"failed to run the datagram handler"}
{"level":"error","event":0,"ip":"2606:4700:a8::1","connIndex":0,"error":"accept stream listener encountered a failure while serving","time":"2026-09-03T20:01:18Z","message":"failed to serve tunnel connection"}
{"level":"error","event":0,"ip":"2606:4700:a8::1","connIndex":0,"error":"accept stream listener encountered a failure while serving","time":"2026-09-03T20:01:18Z","message":"Serve tunnel error"}
{"level":"info","event":0,"ip":"2606:4700:a8::1","connIndex":0,"time":"2026-09-03T20:01:18Z","message":"Retrying connection in up to 1s"}
{"level":"info","event":0,"ip":"2606:4700:a8::1","connIndex":0,"time":"2026-09-03T20:01:20Z","message":"Tunnel connection curve preferences: [X25519MLKEM768 CurveID(65074) CurveP256]"}
{"level":"info","event":0,"connection":"6c5513e4-aa1d-4a32-8cb4-54131e4ffdd3","connIndex":0,"location":"sea08","ip":"2606:4700:a8::1","protocol":"quic","time":"2026-09-03T20:01:20Z","message":"Registered tunnel connection"}
{"level":"error","event":0,"ip":"2606:4700:a8::1","connIndex":0,"error":"failed to accept QUIC stream: write udp6 [::]:58609->[2606:4700:a8::1]:7844: sendmsg: no route to host","time":"2026-09-03T20:06:16Z","message":"failed to accept incoming stream requests"}
{"level":"error","event":0,"ip":"2606:4700:a8::1","connIndex":0,"error":"write udp6 [::]:58609->[2606:4700:a8::1]:7844: sendmsg: no route to host","time":"2026-09-03T20:06:16Z","message":"failed to run the datagram handler"}
{"level":"error","event":0,"ip":"2606:4700:a8::1","connIndex":0,"error":"accept stream listener encountered a failure while serving","time":"2026-09-03T20:06:16Z","message":"failed to serve tunnel connection"}
{"level":"error","event":0,"ip":"2606:4700:a8::1","connIndex":0,"error":"accept stream listener encountered a failure while serving","time":"2026-09-03T20:06:16Z","message":"Serve tunnel error"}
{"level":"info","event":0,"ip":"2606:4700:a8::1","connIndex":0,"time":"2026-09-03T20:06:16Z","message":"Retrying connection in up to 1s"}
{"level":"info","event":0,"ip":"2606:4700:a8::1","connIndex":0,"time":"2026-09-03T20:06:17Z","message":"Tunnel connection curve preferences: [X25519MLKEM768 CurveID(65074) CurveP256]"}
{"level":"error","event":0,"ip":"2606:4700:a8::1","connIndex":0,"error":"failed to dial to edge with quic: write udp6 [::]:58609->[2606:4700:a8::1]:7844: sendmsg: no route to host","time":"2026-09-03T20:06:17Z","message":"Failed to dial a quic connection"}
{"level":"info","event":0,"ip":"2606:4700:a8::1","connIndex":0,"time":"2026-09-03T20:06:17Z","message":"Retrying connection in up to 4s"}
{"level":"info","event":0,"ip":"2606:4700:a0::8","connIndex":0,"time":"2026-09-03T20:06:20Z","message":"Tunnel connection curve preferences: [X25519MLKEM768 CurveID(65074) CurveP256]"}
{"level":"info","event":0,"connection":"f14b904a-631c-47fe-b7ed-a599a0cfd7d4","connIndex":0,"location":"yvr01","ip":"2606:4700:a0::8","protocol":"quic","time":"2026-09-03T20:06:20Z","message":"Registered tunnel connection"}
{"level":"error","event":0,"ip":"2606:4700:a0::8","connIndex":0,"error":"timeout: no recent network activity","time":"2026-09-03T20:25:25Z","message":"failed to run the datagram handler"}
{"level":"error","event":0,"ip":"2606:4700:a0::8","connIndex":0,"error":"failed to accept QUIC stream: timeout: no recent network activity","time":"2026-09-03T20:25:25Z","message":"failed to accept incoming stream requests"}
{"level":"error","event":0,"ip":"2606:4700:a0::8","connIndex":0,"error":"datagram manager encountered a failure while serving","time":"2026-09-03T20:25:25Z","message":"failed to serve tunnel connection"}
{"level":"error","event":0,"ip":"2606:4700:a0::8","connIndex":0,"error":"datagram manager encountered a failure while serving","time":"2026-09-03T20:25:25Z","message":"Serve tunnel error"}
{"level":"info","event":0,"ip":"2606:4700:a0::8","connIndex":0,"time":"2026-09-03T20:25:25Z","message":"Retrying connection in up to 1s"}
{"level":"info","event":0,"ip":"2606:4700:a0::8","connIndex":0,"time":"2026-09-03T20:25:26Z","message":"Tunnel connection curve preferences: [X25519MLKEM768 CurveID(65074) CurveP256]"}
{"level":"info","event":0,"connection":"1b8a930a-74ed-49c7-88e9-bf85362ee080","connIndex":0,"location":"yvr01","ip":"2606:4700:a0::8","protocol":"quic","time":"2026-09-03T20:25:26Z","message":"Registered tunnel connection"}
{"level":"error","event":0,"ip":"2606:4700:a0::8","connIndex":0,"error":"failed to accept QUIC stream: timeout: no recent network activity","time":"2026-09-03T21:45:43Z","message":"failed to accept incoming stream requests"}
{"level":"error","event":0,"ip":"2606:4700:a0::8","connIndex":0,"error":"timeout: no recent network activity","time":"2026-09-03T21:45:43Z","message":"failed to run the datagram handler"}
{"level":"error","event":0,"ip":"2606:4700:a0::8","connIndex":0,"error":"accept stream listener encountered a failure while serving","time":"2026-09-03T21:45:43Z","message":"failed to serve tunnel connection"}
{"level":"error","event":0,"ip":"2606:4700:a0::8","connIndex":0,"error":"accept stream listener encountered a failure while serving","time":"2026-09-03T21:45:43Z","message":"Serve tunnel error"}
{"level":"info","event":0,"ip":"2606:4700:a0::8","connIndex":0,"time":"2026-09-03T21:45:43Z","message":"Retrying connection in up to 1s"}
{"level":"info","event":0,"ip":"2606:4700:a0::8","connIndex":0,"time":"2026-09-03T21:45:43Z","message":"Tunnel connection curve preferences: [X25519MLKEM768 CurveID(65074) CurveP256]"}
{"level":"error","event":0,"ip":"2606:4700:a0::8","connIndex":0,"error":"failed to accept QUIC stream: write udp6 [::]:58609->[2606:4700:a0::8]:7844: sendmsg: no route to host","time":"2026-09-03T21:45:43Z","message":"failed to accept incoming stream requests"}
{"level":"error","event":0,"ip":"2606:4700:a0::8","connIndex":0,"error":"context canceled","time":"2026-09-03T21:45:43Z","message":"failed to run the datagram handler"}
{"level":"error","event":0,"ip":"2606:4700:a0::8","connIndex":0,"error":"accept stream listener encountered a failure while serving","time":"2026-09-03T21:45:43Z","message":"failed to serve tunnel connection"}
{"level":"error","event":0,"ip":"2606:4700:a0::8","connIndex":0,"error":"accept stream listener encountered a failure while serving","time":"2026-09-03T21:45:43Z","message":"Serve tunnel error"}
{"level":"info","event":0,"ip":"2606:4700:a0::8","connIndex":0,"time":"2026-09-03T21:45:43Z","message":"Retrying connection in up to 4s"}
{"level":"info","event":0,"ip":"2606:4700:a0::8","connIndex":0,"time":"2026-09-03T21:45:46Z","message":"Tunnel connection curve preferences: [X25519MLKEM768 CurveID(65074) CurveP256]"}
{"level":"error","event":0,"ip":"2606:4700:a0::8","connIndex":0,"error":"context canceled","time":"2026-09-03T21:45:46Z","message":"failed to run the datagram handler"}
{"level":"error","event":0,"ip":"2606:4700:a0::8","connIndex":0,"error":"control stream encountered a failure while serving","time":"2026-09-03T21:45:46Z","message":"failed to serve tunnel connection"}
{"level":"error","event":0,"ip":"2606:4700:a0::8","connIndex":0,"error":"control stream encountered a failure while serving","time":"2026-09-03T21:45:46Z","message":"Serve tunnel error"}
{"level":"info","event":0,"ip":"2606:4700:a0::8","connIndex":0,"time":"2026-09-03T21:45:46Z","message":"Retrying connection in up to 8s"}
{"level":"info","event":0,"ip":"2606:4700:a0::8","connIndex":0,"time":"2026-09-03T22:18:47Z","message":"Tunnel connection curve preferences: [X25519MLKEM768 CurveID(65074) CurveP256]"}
{"level":"error","event":0,"ip":"2606:4700:a0::8","connIndex":0,"error":"failed to accept QUIC stream: write udp6 [::]:58609->[2606:4700:a0::8]:7844: sendmsg: no route to host","time":"2026-09-03T22:18:47Z","message":"failed to accept incoming stream requests"}
{"level":"error","event":0,"ip":"2606:4700:a0::8","connIndex":0,"error":"write udp6 [::]:58609->[2606:4700:a0::8]:7844: sendmsg: no route to host","time":"2026-09-03T22:18:47Z","message":"failed to run the datagram handler"}
{"level":"error","event":0,"ip":"2606:4700:a0::8","connIndex":0,"error":"accept stream listener encountered a failure while serving","time":"2026-09-03T22:18:47Z","message":"failed to serve tunnel connection"}
{"level":"error","event":0,"ip":"2606:4700:a0::8","connIndex":0,"error":"accept stream listener encountered a failure while serving","time":"2026-09-03T22:18:47Z","message":"Serve tunnel error"}
{"level":"info","event":0,"ip":"2606:4700:a0::8","connIndex":0,"time":"2026-09-03T22:18:47Z","message":"Retrying connection in up to 16s"}
{"level":"info","event":0,"ip":"2606:4700:a0::8","connIndex":0,"time":"2026-09-03T22:18:48Z","message":"Tunnel connection curve preferences: [X25519MLKEM768 CurveID(65074) CurveP256]"}
{"level":"error","event":0,"ip":"2606:4700:a0::8","connIndex":0,"error":"context canceled","time":"2026-09-03T22:18:48Z","message":"failed to run the datagram handler"}
{"level":"error","event":0,"ip":"2606:4700:a0::8","connIndex":0,"error":"control stream encountered a failure while serving","time":"2026-09-03T22:18:48Z","message":"failed to serve tunnel connection"}
{"level":"error","event":0,"ip":"2606:4700:a0::8","connIndex":0,"error":"control stream encountered a failure while serving","time":"2026-09-03T22:18:48Z","message":"Serve tunnel error"}
{"level":"info","event":0,"ip":"2606:4700:a0::8","connIndex":0,"time":"2026-09-03T22:18:48Z","message":"Retrying connection in up to 32s"}
{"level":"info","event":0,"ip":"2606:4700:a0::8","connIndex":0,"time":"2026-09-03T23:13:49Z","message":"Tunnel connection curve preferences: [X25519MLKEM768 CurveID(65074) CurveP256]"}
{"level":"error","event":0,"ip":"2606:4700:a0::8","connIndex":0,"error":"context canceled","time":"2026-09-03T23:13:49Z","message":"failed to run the datagram handler"}
{"level":"error","event":0,"ip":"2606:4700:a0::8","connIndex":0,"error":"control stream encountered a failure while serving","time":"2026-09-03T23:13:49Z","message":"failed to serve tunnel connection"}
{"level":"error","event":0,"ip":"2606:4700:a0::8","connIndex":0,"error":"control stream encountered a failure while serving","time":"2026-09-03T23:13:49Z","message":"Serve tunnel error"}
{"level":"info","event":0,"ip":"2606:4700:a0::8","connIndex":0,"time":"2026-09-03T23:13:49Z","message":"Retrying connection in up to 1m4s"}
{"level":"info","event":0,"ip":"2606:4700:a0::8","connIndex":0,"time":"2026-09-03T23:44:53Z","message":"Tunnel connection curve preferences: [X25519MLKEM768 CurveID(65074) CurveP256]"}
{"level":"error","event":0,"ip":"2606:4700:a0::8","connIndex":0,"error":"context canceled","time":"2026-09-03T23:44:53Z","message":"failed to run the datagram handler"}
{"level":"error","event":0,"ip":"2606:4700:a0::8","connIndex":0,"error":"control stream encountered a failure while serving","time":"2026-09-03T23:44:53Z","message":"failed to serve tunnel connection"}
{"level":"error","event":0,"ip":"2606:4700:a0::8","connIndex":0,"error":"control stream encountered a failure while serving","time":"2026-09-03T23:44:53Z","message":"Serve tunnel error"}
{"level":"info","event":0,"ip":"2606:4700:a0::8","connIndex":0,"time":"2026-09-03T23:44:53Z","message":"Retrying connection in up to 1m4s"}
{"level":"info","event":0,"ip":"2606:4700:a0::8","connIndex":0,"time":"2026-09-04T00:14:51Z","message":"Tunnel connection curve preferences: [X25519MLKEM768 CurveID(65074) CurveP256]"}
{"level":"error","event":0,"ip":"2606:4700:a0::8","connIndex":0,"error":"context canceled","time":"2026-09-04T00:14:51Z","message":"failed to run the datagram handler"}
{"level":"error","event":0,"ip":"2606:4700:a0::8","connIndex":0,"error":"control stream encountered a failure while serving","time":"2026-09-04T00:14:51Z","message":"failed to serve tunnel connection"}
{"level":"error","event":0,"ip":"2606:4700:a0::8","connIndex":0,"error":"control stream encountered a failure while serving","time":"2026-09-04T00:14:51Z","message":"Serve tunnel error"}
{"level":"info","event":0,"ip":"2606:4700:a0::8","connIndex":0,"time":"2026-09-04T00:14:51Z","message":"Retrying connection in up to 1m4s"}
{"level":"info","event":0,"ip":"2606:4700:a0::8","connIndex":0,"time":"2026-09-04T01:05:26Z","message":"Tunnel connection curve preferences: [X25519MLKEM768 CurveID(65074) CurveP256]"}
{"level":"error","event":0,"ip":"2606:4700:a0::8","connIndex":0,"error":"failed to accept QUIC stream: write udp6 [::]:58609->[2606:4700:a0::8]:7844: sendmsg: no route to host","time":"2026-09-04T01:05:26Z","message":"failed to accept incoming stream requests"}
{"level":"error","event":0,"ip":"2606:4700:a0::8","connIndex":0,"error":"write udp6 [::]:58609->[2606:4700:a0::8]:7844: sendmsg: no route to host","time":"2026-09-04T01:05:26Z","message":"failed to run the datagram handler"}
{"level":"error","event":0,"ip":"2606:4700:a0::8","connIndex":0,"error":"control stream encountered a failure while serving","time":"2026-09-04T01:05:26Z","message":"failed to serve tunnel connection"}
{"level":"error","event":0,"ip":"2606:4700:a0::8","connIndex":0,"error":"control stream encountered a failure while serving","time":"2026-09-04T01:05:26Z","message":"Serve tunnel error"}
{"level":"info","event":0,"ip":"2606:4700:a0::8","connIndex":0,"time":"2026-09-04T01:05:26Z","message":"Retrying connection in up to 1m4s"}
{"level":"info","event":0,"ip":"2606:4700:a0::8","connIndex":0,"time":"2026-09-04T02:11:18Z","message":"Tunnel connection curve preferences: [X25519MLKEM768 CurveID(65074) CurveP256]"}
{"level":"error","event":0,"ip":"2606:4700:a0::8","connIndex":0,"error":"context canceled","time":"2026-09-04T02:11:18Z","message":"failed to run the datagram handler"}
{"level":"error","event":0,"ip":"2606:4700:a0::8","connIndex":0,"error":"control stream encountered a failure while serving","time":"2026-09-04T02:11:18Z","message":"failed to serve tunnel connection"}
{"level":"error","event":0,"ip":"2606:4700:a0::8","connIndex":0,"error":"control stream encountered a failure while serving","time":"2026-09-04T02:11:18Z","message":"Serve tunnel error"}
{"level":"info","event":0,"ip":"2606:4700:a0::8","connIndex":0,"time":"2026-09-04T02:11:18Z","message":"Retrying connection in up to 1m4s"}
{"level":"info","event":0,"ip":"2606:4700:a0::8","connIndex":0,"time":"2026-09-04T02:45:13Z","message":"Tunnel connection curve preferences: [X25519MLKEM768 CurveID(65074) CurveP256]"}
{"level":"error","event":0,"ip":"2606:4700:a0::8","connIndex":0,"error":"context canceled","time":"2026-09-04T02:45:13Z","message":"failed to run the datagram handler"}
{"level":"error","event":0,"ip":"2606:4700:a0::8","connIndex":0,"error":"control stream encountered a failure while serving","time":"2026-09-04T02:45:13Z","message":"failed to serve tunnel connection"}
{"level":"error","event":0,"ip":"2606:4700:a0::8","connIndex":0,"error":"control stream encountered a failure while serving","time":"2026-09-04T02:45:13Z","message":"Serve tunnel error"}
{"level":"info","event":0,"ip":"2606:4700:a0::8","connIndex":0,"time":"2026-09-04T02:45:13Z","message":"Retrying connection in up to 1m4s"}
{"level":"info","event":0,"ip":"2606:4700:a0::8","connIndex":0,"time":"2026-09-04T02:51:26Z","message":"Tunnel connection curve preferences: [X25519MLKEM768 CurveID(65074) CurveP256]"}
{"level":"error","event":0,"ip":"2606:4700:a0::8","connIndex":0,"error":"context canceled","time":"2026-09-04T02:51:26Z","message":"failed to run the datagram handler"}
{"level":"error","event":0,"ip":"2606:4700:a0::8","connIndex":0,"error":"control stream encountered a failure while serving","time":"2026-09-04T02:51:26Z","message":"failed to serve tunnel connection"}
{"level":"error","event":0,"ip":"2606:4700:a0::8","connIndex":0,"error":"control stream encountered a failure while serving","time":"2026-09-04T02:51:26Z","message":"Serve tunnel error"}
{"level":"info","event":0,"ip":"2606:4700:a0::8","connIndex":0,"time":"2026-09-04T02:51:26Z","message":"Retrying connection in up to 1m4s"}
{"level":"info","event":0,"ip":"2606:4700:a0::8","connIndex":0,"time":"2026-09-04T02:51:47Z","message":"Tunnel connection curve preferences: [X25519MLKEM768 CurveID(65074) CurveP256]"}
{"level":"error","event":0,"ip":"2606:4700:a0::8","connIndex":0,"error":"context canceled","time":"2026-09-04T02:51:47Z","message":"failed to run the datagram handler"}
{"level":"error","event":0,"ip":"2606:4700:a0::8","connIndex":0,"error":"control stream encountered a failure while serving","time":"2026-09-04T02:51:47Z","message":"failed to serve tunnel connection"}
{"level":"error","event":0,"ip":"2606:4700:a0::8","connIndex":0,"error":"control stream encountered a failure while serving","time":"2026-09-04T02:51:47Z","message":"Serve tunnel error"}
{"level":"info","event":0,"ip":"2606:4700:a0::8","connIndex":0,"time":"2026-09-04T02:51:47Z","message":"Retrying connection in up to 1m4s"}
{"level":"info","event":0,"ip":"2606:4700:a0::8","connIndex":0,"time":"2026-09-04T02:52:18Z","message":"Tunnel connection curve preferences: [X25519MLKEM768 CurveID(65074) CurveP256]"}
{"level":"error","event":0,"ip":"2606:4700:a0::8","connIndex":0,"error":"context canceled","time":"2026-09-04T02:52:18Z","message":"failed to run the datagram handler"}
{"level":"error","event":0,"ip":"2606:4700:a0::8","connIndex":0,"error":"control stream encountered a failure while serving","time":"2026-09-04T02:52:18Z","message":"failed to serve tunnel connection"}
{"level":"error","event":0,"ip":"2606:4700:a0::8","connIndex":0,"error":"control stream encountered a failure while serving","time":"2026-09-04T02:52:18Z","message":"Serve tunnel error"}
{"level":"info","event":0,"ip":"2606:4700:a0::8","connIndex":0,"time":"2026-09-04T02:52:18Z","message":"Retrying connection in up to 1m4s"}
{"level":"info","event":0,"ip":"2606:4700:a0::8","connIndex":0,"time":"2026-09-04T02:52:33Z","message":"Tunnel connection curve preferences: [X25519MLKEM768 CurveID(65074) CurveP256]"}
{"level":"error","event":0,"ip":"2606:4700:a0::8","connIndex":0,"error":"context canceled","time":"2026-09-04T02:52:33Z","message":"failed to run the datagram handler"}
{"level":"error","event":0,"ip":"2606:4700:a0::8","connIndex":0,"error":"control stream encountered a failure while serving","time":"2026-09-04T02:52:33Z","message":"failed to serve tunnel connection"}
{"level":"error","event":0,"ip":"2606:4700:a0::8","connIndex":0,"error":"control stream encountered a failure while serving","time":"2026-09-04T02:52:33Z","message":"Serve tunnel error"}
{"level":"info","event":0,"ip":"2606:4700:a0::8","connIndex":0,"time":"2026-09-04T02:52:33Z","message":"Retrying connection in up to 1m4s"}
{"level":"info","event":0,"ip":"2606:4700:a0::8","connIndex":0,"time":"2026-09-04T02:52:55Z","message":"Tunnel connection curve preferences: [X25519MLKEM768 CurveID(65074) CurveP256]"}
{"level":"error","event":0,"ip":"2606:4700:a0::8","connIndex":0,"error":"context canceled","time":"2026-09-04T02:52:55Z","message":"failed to run the datagram handler"}
{"level":"error","event":0,"ip":"2606:4700:a0::8","connIndex":0,"error":"control stream encountered a failure while serving","time":"2026-09-04T02:52:55Z","message":"failed to serve tunnel connection"}
{"level":"error","event":0,"ip":"2606:4700:a0::8","connIndex":0,"error":"control stream encountered a failure while serving","time":"2026-09-04T02:52:55Z","message":"Serve tunnel error"}
{"level":"info","event":0,"ip":"2606:4700:a0::8","connIndex":0,"time":"2026-09-04T02:52:55Z","message":"Retrying connection in up to 1m4s"}
{"level":"info","event":0,"ip":"2606:4700:a0::8","connIndex":0,"time":"2026-09-04T02:53:18Z","message":"Tunnel connection curve preferences: [X25519MLKEM768 CurveID(65074) CurveP256]"}
{"level":"error","event":0,"ip":"2606:4700:a0::8","connIndex":0,"error":"context canceled","time":"2026-09-04T02:53:18Z","message":"failed to run the datagram handler"}
{"level":"error","event":0,"ip":"2606:4700:a0::8","connIndex":0,"error":"control stream encountered a failure while serving","time":"2026-09-04T02:53:18Z","message":"failed to serve tunnel connection"}
{"level":"error","event":0,"ip":"2606:4700:a0::8","connIndex":0,"error":"control stream encountered a failure while serving","time":"2026-09-04T02:53:18Z","message":"Serve tunnel error"}
{"level":"info","event":0,"ip":"2606:4700:a0::8","connIndex":0,"time":"2026-09-04T02:53:18Z","message":"Retrying connection in up to 1m4s"}
{"level":"info","event":0,"ip":"2606:4700:a0::8","connIndex":0,"time":"2026-09-04T02:53:43Z","message":"Tunnel connection curve preferences: [X25519MLKEM768 CurveID(65074) CurveP256]"}
{"level":"error","event":0,"ip":"2606:4700:a0::8","connIndex":0,"error":"context canceled","time":"2026-09-04T02:53:43Z","message":"failed to run the datagram handler"}
{"level":"error","event":0,"ip":"2606:4700:a0::8","connIndex":0,"error":"control stream encountered a failure while serving","time":"2026-09-04T02:53:43Z","message":"failed to serve tunnel connection"}
{"level":"error","event":0,"ip":"2606:4700:a0::8","connIndex":0,"error":"control stream encountered a failure while serving","time":"2026-09-04T02:53:43Z","message":"Serve tunnel error"}
{"level":"info","event":0,"ip":"2606:4700:a0::8","connIndex":0,"time":"2026-09-04T02:53:43Z","message":"Retrying connection in up to 1m4s"}
{"level":"info","event":0,"ip":"2606:4700:a0::8","connIndex":0,"time":"2026-09-04T02:54:12Z","message":"Tunnel connection curve preferences: [X25519MLKEM768 CurveID(65074) CurveP256]"}
{"level":"error","event":0,"ip":"2606:4700:a0::8","connIndex":0,"error":"context canceled","time":"2026-09-04T02:54:12Z","message":"failed to run the datagram handler"}
{"level":"error","event":0,"ip":"2606:4700:a0::8","connIndex":0,"error":"control stream encountered a failure while serving","time":"2026-09-04T02:54:12Z","message":"failed to serve tunnel connection"}
{"level":"error","event":0,"ip":"2606:4700:a0::8","connIndex":0,"error":"control stream encountered a failure while serving","time":"2026-09-04T02:54:12Z","message":"Serve tunnel error"}
{"level":"info","event":0,"ip":"2606:4700:a0::8","connIndex":0,"time":"2026-09-04T02:54:12Z","message":"Retrying connection in up to 1m4s"}
{"level":"info","event":0,"ip":"2606:4700:a0::8","connIndex":0,"time":"2026-09-04T02:54:33Z","message":"Tunnel connection curve preferences: [X25519MLKEM768 CurveID(65074) CurveP256]"}
{"level":"error","event":0,"ip":"2606:4700:a0::8","connIndex":0,"error":"context canceled","time":"2026-09-04T02:54:33Z","message":"failed to run the datagram handler"}
{"level":"error","event":0,"ip":"2606:4700:a0::8","connIndex":0,"error":"control stream encountered a failure while serving","time":"2026-09-04T02:54:33Z","message":"failed to serve tunnel connection"}
{"level":"error","event":0,"ip":"2606:4700:a0::8","connIndex":0,"error":"control stream encountered a failure while serving","time":"2026-09-04T02:54:33Z","message":"Serve tunnel error"}
{"level":"info","event":0,"ip":"2606:4700:a0::8","connIndex":0,"time":"2026-09-04T02:54:33Z","message":"Retrying connection in up to 1m4s"}
{"level":"info","event":0,"ip":"2606:4700:a0::8","connIndex":0,"time":"2026-09-04T02:54:41Z","message":"Tunnel connection curve preferences: [X25519MLKEM768 CurveID(65074) CurveP256]"}
{"level":"error","event":0,"ip":"2606:4700:a0::8","connIndex":0,"error":"context canceled","time":"2026-09-04T02:54:41Z","message":"failed to run the datagram handler"}
{"level":"error","event":0,"ip":"2606:4700:a0::8","connIndex":0,"error":"control stream encountered a failure while serving","time":"2026-09-04T02:54:41Z","message":"failed to serve tunnel connection"}
{"level":"error","event":0,"ip":"2606:4700:a0::8","connIndex":0,"error":"control stream encountered a failure while serving","time":"2026-09-04T02:54:41Z","message":"Serve tunnel error"}
{"level":"info","event":0,"ip":"2606:4700:a0::8","connIndex":0,"time":"2026-09-04T02:54:41Z","message":"Retrying connection in up to 1m4s"}
{"level":"info","event":0,"ip":"2606:4700:a0::8","connIndex":0,"time":"2026-09-04T02:54:52Z","message":"Tunnel connection curve preferences: [X25519MLKEM768 CurveID(65074) CurveP256]"}
{"level":"error","event":0,"ip":"2606:4700:a0::8","connIndex":0,"error":"context canceled","time":"2026-09-04T02:54:52Z","message":"failed to run the datagram handler"}
{"level":"error","event":0,"ip":"2606:4700:a0::8","connIndex":0,"error":"control stream encountered a failure while serving","time":"2026-09-04T02:54:52Z","message":"failed to serve tunnel connection"}
{"level":"error","event":0,"ip":"2606:4700:a0::8","connIndex":0,"error":"control stream encountered a failure while serving","time":"2026-09-04T02:54:52Z","message":"Serve tunnel error"}
{"level":"info","event":0,"ip":"2606:4700:a0::8","connIndex":0,"time":"2026-09-04T02:54:52Z","message":"Retrying connection in up to 1m4s"}
{"level":"info","event":0,"ip":"2606:4700:a0::8","connIndex":0,"time":"2026-09-04T02:54:58Z","message":"Tunnel connection curve preferences: [X25519MLKEM768 CurveID(65074) CurveP256]"}
{"level":"error","event":0,"ip":"2606:4700:a0::8","connIndex":0,"error":"context canceled","time":"2026-09-04T02:54:58Z","message":"failed to run the datagram handler"}
{"level":"error","event":0,"ip":"2606:4700:a0::8","connIndex":0,"error":"control stream encountered a failure while serving","time":"2026-09-04T02:54:58Z","message":"failed to serve tunnel connection"}
{"level":"error","event":0,"ip":"2606:4700:a0::8","connIndex":0,"error":"control stream encountered a failure while serving","time":"2026-09-04T02:54:58Z","message":"Serve tunnel error"}
{"level":"info","event":0,"ip":"2606:4700:a0::8","connIndex":0,"time":"2026-09-04T02:54:58Z","message":"Retrying connection in up to 1m4s"}
{"level":"info","event":0,"ip":"2606:4700:a0::8","connIndex":0,"time":"2026-09-04T02:55:07Z","message":"Tunnel connection curve preferences: [X25519MLKEM768 CurveID(65074) CurveP256]"}
{"level":"error","event":0,"ip":"2606:4700:a0::8","connIndex":0,"error":"context canceled","time":"2026-09-04T02:55:07Z","message":"failed to run the datagram handler"}
{"level":"error","event":0,"ip":"2606:4700:a0::8","connIndex":0,"error":"control stream encountered a failure while serving","time":"2026-09-04T02:55:07Z","message":"failed to serve tunnel connection"}
{"level":"error","event":0,"ip":"2606:4700:a0::8","connIndex":0,"error":"control stream encountered a failure while serving","time":"2026-09-04T02:55:07Z","message":"Serve tunnel error"}
{"level":"info","event":0,"ip":"2606:4700:a0::8","connIndex":0,"time":"2026-09-04T02:55:07Z","message":"Retrying connection in up to 1m4s"}
{"level":"info","event":0,"ip":"2606:4700:a0::8","connIndex":0,"time":"2026-09-04T02:59:05Z","message":"Tunnel connection curve preferences: [X25519MLKEM768 CurveID(65074) CurveP256]"}
{"level":"error","event":0,"ip":"2606:4700:a0::8","connIndex":0,"error":"context canceled","time":"2026-09-04T02:59:05Z","message":"failed to run the datagram handler"}
{"level":"error","event":0,"ip":"2606:4700:a0::8","connIndex":0,"error":"control stream encountered a failure while serving","time":"2026-09-04T02:59:05Z","message":"failed to serve tunnel connection"}
{"level":"error","event":0,"ip":"2606:4700:a0::8","connIndex":0,"error":"control stream encountered a failure while serving","time":"2026-09-04T02:59:05Z","message":"Serve tunnel error"}
{"level":"info","event":0,"ip":"2606:4700:a0::8","connIndex":0,"time":"2026-09-04T02:59:05Z","message":"Retrying connection in up to 1m4s"}
{"level":"info","event":0,"ip":"2606:4700:a0::8","connIndex":0,"time":"2026-09-04T02:59:32Z","message":"Tunnel connection curve preferences: [X25519MLKEM768 CurveID(65074) CurveP256]"}
{"level":"error","event":0,"ip":"2606:4700:a0::8","connIndex":0,"error":"context canceled","time":"2026-09-04T02:59:32Z","message":"failed to run the datagram handler"}
{"level":"error","event":0,"ip":"2606:4700:a0::8","connIndex":0,"error":"control stream encountered a failure while serving","time":"2026-09-04T02:59:32Z","message":"failed to serve tunnel connection"}
{"level":"error","event":0,"ip":"2606:4700:a0::8","connIndex":0,"error":"control stream encountered a failure while serving","time":"2026-09-04T02:59:32Z","message":"Serve tunnel error"}
{"level":"info","event":0,"ip":"2606:4700:a0::8","connIndex":0,"time":"2026-09-04T02:59:32Z","message":"Retrying connection in up to 1m4s"}
{"level":"info","event":0,"ip":"2606:4700:a0::8","connIndex":0,"time":"2026-09-04T02:59:47Z","message":"Tunnel connection curve preferences: [X25519MLKEM768 CurveID(65074) CurveP256]"}
{"level":"error","event":0,"ip":"2606:4700:a0::8","connIndex":0,"error":"context canceled","time":"2026-09-04T02:59:47Z","message":"failed to run the datagram handler"}
{"level":"error","event":0,"ip":"2606:4700:a0::8","connIndex":0,"error":"control stream encountered a failure while serving","time":"2026-09-04T02:59:47Z","message":"failed to serve tunnel connection"}
{"level":"error","event":0,"ip":"2606:4700:a0::8","connIndex":0,"error":"control stream encountered a failure while serving","time":"2026-09-04T02:59:47Z","message":"Serve tunnel error"}
{"level":"info","event":0,"ip":"2606:4700:a0::8","connIndex":0,"time":"2026-09-04T02:59:47Z","message":"Retrying connection in up to 1m4s"}
{"level":"info","event":0,"ip":"2606:4700:a0::8","connIndex":0,"time":"2026-09-04T03:00:12Z","message":"Tunnel connection curve preferences: [X25519MLKEM768 CurveID(65074) CurveP256]"}
{"level":"error","event":0,"ip":"2606:4700:a0::8","connIndex":0,"error":"context canceled","time":"2026-09-04T03:00:12Z","message":"failed to run the datagram handler"}
{"level":"error","event":0,"ip":"2606:4700:a0::8","connIndex":0,"error":"control stream encountered a failure while serving","time":"2026-09-04T03:00:12Z","message":"failed to serve tunnel connection"}
{"level":"error","event":0,"ip":"2606:4700:a0::8","connIndex":0,"error":"control stream encountered a failure while serving","time":"2026-09-04T03:00:12Z","message":"Serve tunnel error"}
{"level":"info","event":0,"ip":"2606:4700:a0::8","connIndex":0,"time":"2026-09-04T03:00:12Z","message":"Retrying connection in up to 1m4s"}
{"level":"info","event":0,"ip":"2606:4700:a0::8","connIndex":0,"time":"2026-09-04T03:00:17Z","message":"Tunnel connection curve preferences: [X25519MLKEM768 CurveID(65074) CurveP256]"}
{"level":"error","event":0,"ip":"2606:4700:a0::8","connIndex":0,"error":"context canceled","time":"2026-09-04T03:00:17Z","message":"failed to run the datagram handler"}
{"level":"error","event":0,"ip":"2606:4700:a0::8","connIndex":0,"error":"control stream encountered a failure while serving","time":"2026-09-04T03:00:17Z","message":"failed to serve tunnel connection"}
{"level":"error","event":0,"ip":"2606:4700:a0::8","connIndex":0,"error":"control stream encountered a failure while serving","time":"2026-09-04T03:00:17Z","message":"Serve tunnel error"}
{"level":"info","event":0,"ip":"2606:4700:a0::8","connIndex":0,"time":"2026-09-04T03:00:17Z","message":"Retrying connection in up to 1m4s"}
{"level":"info","event":0,"ip":"2606:4700:a0::8","connIndex":0,"time":"2026-09-04T03:00:34Z","message":"Tunnel connection curve preferences: [X25519MLKEM768 CurveID(65074) CurveP256]"}
{"level":"error","event":0,"ip":"2606:4700:a0::8","connIndex":0,"error":"context canceled","time":"2026-09-04T03:00:34Z","message":"failed to run the datagram handler"}
{"level":"error","event":0,"ip":"2606:4700:a0::8","connIndex":0,"error":"control stream encountered a failure while serving","time":"2026-09-04T03:00:34Z","message":"failed to serve tunnel connection"}
{"level":"error","event":0,"ip":"2606:4700:a0::8","connIndex":0,"error":"control stream encountered a failure while serving","time":"2026-09-04T03:00:34Z","message":"Serve tunnel error"}
{"level":"info","event":0,"ip":"2606:4700:a0::8","connIndex":0,"time":"2026-09-04T03:00:34Z","message":"Retrying connection in up to 1m4s"}
{"level":"info","event":0,"ip":"2606:4700:a0::8","connIndex":0,"time":"2026-09-04T03:00:50Z","message":"Tunnel connection curve preferences: [X25519MLKEM768 CurveID(65074) CurveP256]"}
{"level":"error","event":0,"ip":"2606:4700:a0::8","connIndex":0,"error":"context canceled","time":"2026-09-04T03:00:51Z","message":"failed to run the datagram handler"}
{"level":"error","event":0,"ip":"2606:4700:a0::8","connIndex":0,"error":"control stream encountered a failure while serving","time":"2026-09-04T03:00:51Z","message":"failed to serve tunnel connection"}
{"level":"error","event":0,"ip":"2606:4700:a0::8","connIndex":0,"error":"control stream encountered a failure while serving","time":"2026-09-04T03:00:51Z","message":"Serve tunnel error"}
{"level":"info","event":0,"ip":"2606:4700:a0::8","connIndex":0,"time":"2026-09-04T03:00:51Z","message":"Retrying connection in up to 1m4s"}
{"level":"info","event":0,"ip":"2606:4700:a0::8","connIndex":0,"time":"2026-09-04T03:01:20Z","message":"Tunnel connection curve preferences: [X25519MLKEM768 CurveID(65074) CurveP256]"}
{"level":"error","event":0,"ip":"2606:4700:a0::8","connIndex":0,"error":"context canceled","time":"2026-09-04T03:01:20Z","message":"failed to run the datagram handler"}
{"level":"error","event":0,"ip":"2606:4700:a0::8","connIndex":0,"error":"control stream encountered a failure while serving","time":"2026-09-04T03:01:20Z","message":"failed to serve tunnel connection"}
{"level":"error","event":0,"ip":"2606:4700:a0::8","connIndex":0,"error":"control stream encountered a failure while serving","time":"2026-09-04T03:01:20Z","message":"Serve tunnel error"}
{"level":"info","event":0,"ip":"2606:4700:a0::8","connIndex":0,"time":"2026-09-04T03:01:20Z","message":"Retrying connection in up to 1m4s"}
{"level":"info","event":0,"ip":"2606:4700:a0::8","connIndex":0,"time":"2026-09-04T03:01:28Z","message":"Tunnel connection curve preferences: [X25519MLKEM768 CurveID(65074) CurveP256]"}
{"level":"error","event":0,"ip":"2606:4700:a0::8","connIndex":0,"error":"context canceled","time":"2026-09-04T03:01:28Z","message":"failed to run the datagram handler"}
{"level":"error","event":0,"ip":"2606:4700:a0::8","connIndex":0,"error":"control stream encountered a failure while serving","time":"2026-09-04T03:01:28Z","message":"failed to serve tunnel connection"}
{"level":"error","event":0,"ip":"2606:4700:a0::8","connIndex":0,"error":"control stream encountered a failure while serving","time":"2026-09-04T03:01:28Z","message":"Serve tunnel error"}
{"level":"info","event":0,"ip":"2606:4700:a0::8","connIndex":0,"time":"2026-09-04T03:01:28Z","message":"Retrying connection in up to 1m4s"}
{"level":"info","event":0,"ip":"2606:4700:a0::8","connIndex":0,"time":"2026-09-04T03:01:45Z","message":"Tunnel connection curve preferences: [X25519MLKEM768 CurveID(65074) CurveP256]"}
{"level":"error","event":0,"ip":"2606:4700:a0::8","connIndex":0,"error":"context canceled","time":"2026-09-04T03:01:45Z","message":"failed to run the datagram handler"}
{"level":"error","event":0,"ip":"2606:4700:a0::8","connIndex":0,"error":"control stream encountered a failure while serving","time":"2026-09-04T03:01:45Z","message":"failed to serve tunnel connection"}
{"level":"error","event":0,"ip":"2606:4700:a0::8","connIndex":0,"error":"control stream encountered a failure while serving","time":"2026-09-04T03:01:45Z","message":"Serve tunnel error"}
{"level":"info","event":0,"ip":"2606:4700:a0::8","connIndex":0,"time":"2026-09-04T03:01:45Z","message":"Retrying connection in up to 1m4s"}
{"level":"info","event":0,"ip":"2606:4700:a0::8","connIndex":0,"time":"2026-09-04T03:01:58Z","message":"Tunnel connection curve preferences: [X25519MLKEM768 CurveID(65074) CurveP256]"}
{"level":"error","event":0,"ip":"2606:4700:a0::8","connIndex":0,"error":"context canceled","time":"2026-09-04T03:01:58Z","message":"failed to run the datagram handler"}
{"level":"error","event":0,"ip":"2606:4700:a0::8","connIndex":0,"error":"control stream encountered a failure while serving","time":"2026-09-04T03:01:58Z","message":"failed to serve tunnel connection"}
{"level":"error","event":0,"ip":"2606:4700:a0::8","connIndex":0,"error":"control stream encountered a failure while serving","time":"2026-09-04T03:01:58Z","message":"Serve tunnel error"}
{"level":"info","event":0,"ip":"2606:4700:a0::8","connIndex":0,"time":"2026-09-04T03:01:58Z","message":"Retrying connection in up to 1m4s"}
{"level":"info","event":0,"ip":"2606:4700:a0::8","connIndex":0,"time":"2026-09-04T03:02:21Z","message":"Tunnel connection curve preferences: [X25519MLKEM768 CurveID(65074) CurveP256]"}
{"level":"error","event":0,"ip":"2606:4700:a0::8","connIndex":0,"error":"context canceled","time":"2026-09-04T03:02:21Z","message":"failed to run the datagram handler"}
{"level":"error","event":0,"ip":"2606:4700:a0::8","connIndex":0,"error":"control stream encountered a failure while serving","time":"2026-09-04T03:02:21Z","message":"failed to serve tunnel connection"}
{"level":"error","event":0,"ip":"2606:4700:a0::8","connIndex":0,"error":"control stream encountered a failure while serving","time":"2026-09-04T03:02:21Z","message":"Serve tunnel error"}
{"level":"info","event":0,"ip":"2606:4700:a0::8","connIndex":0,"time":"2026-09-04T03:02:21Z","message":"Retrying connection in up to 1m4s"}
{"level":"info","event":0,"ip":"2606:4700:a0::8","connIndex":0,"time":"2026-09-04T03:02:36Z","message":"Tunnel connection curve preferences: [X25519MLKEM768 CurveID(65074) CurveP256]"}
{"level":"error","event":0,"ip":"2606:4700:a0::8","connIndex":0,"error":"context canceled","time":"2026-09-04T03:02:36Z","message":"failed to run the datagram handler"}
{"level":"error","event":0,"ip":"2606:4700:a0::8","connIndex":0,"error":"control stream encountered a failure while serving","time":"2026-09-04T03:02:36Z","message":"failed to serve tunnel connection"}
{"level":"error","event":0,"ip":"2606:4700:a0::8","connIndex":0,"error":"control stream encountered a failure while serving","time":"2026-09-04T03:02:36Z","message":"Serve tunnel error"}
{"level":"info","event":0,"ip":"2606:4700:a0::8","connIndex":0,"time":"2026-09-04T03:02:36Z","message":"Retrying connection in up to 1m4s"}
{"level":"info","event":0,"ip":"2606:4700:a0::8","connIndex":0,"time":"2026-09-04T03:02:59Z","message":"Tunnel connection curve preferences: [X25519MLKEM768 CurveID(65074) CurveP256]"}
{"level":"error","event":0,"ip":"2606:4700:a0::8","connIndex":0,"error":"context canceled","time":"2026-09-04T03:02:59Z","message":"failed to run the datagram handler"}
{"level":"error","event":0,"ip":"2606:4700:a0::8","connIndex":0,"error":"control stream encountered a failure while serving","time":"2026-09-04T03:02:59Z","message":"failed to serve tunnel connection"}
{"level":"error","event":0,"ip":"2606:4700:a0::8","connIndex":0,"error":"control stream encountered a failure while serving","time":"2026-09-04T03:02:59Z","message":"Serve tunnel error"}
{"level":"info","event":0,"ip":"2606:4700:a0::8","connIndex":0,"time":"2026-09-04T03:02:59Z","message":"Retrying connection in up to 1m4s"}
{"level":"info","event":0,"ip":"2606:4700:a0::8","connIndex":0,"time":"2026-09-04T03:03:06Z","message":"Tunnel connection curve preferences: [X25519MLKEM768 CurveID(65074) CurveP256]"}
{"level":"error","event":0,"ip":"2606:4700:a0::8","connIndex":0,"error":"context canceled","time":"2026-09-04T03:03:06Z","message":"failed to run the datagram handler"}
{"level":"error","event":0,"ip":"2606:4700:a0::8","connIndex":0,"error":"control stream encountered a failure while serving","time":"2026-09-04T03:03:06Z","message":"failed to serve tunnel connection"}
{"level":"error","event":0,"ip":"2606:4700:a0::8","connIndex":0,"error":"control stream encountered a failure while serving","time":"2026-09-04T03:03:06Z","message":"Serve tunnel error"}
{"level":"info","event":0,"ip":"2606:4700:a0::8","connIndex":0,"time":"2026-09-04T03:03:06Z","message":"Retrying connection in up to 1m4s"}
{"level":"info","event":0,"ip":"2606:4700:a0::8","connIndex":0,"time":"2026-09-04T03:03:24Z","message":"Tunnel connection curve preferences: [X25519MLKEM768 CurveID(65074) CurveP256]"}
{"level":"error","event":0,"ip":"2606:4700:a0::8","connIndex":0,"error":"context canceled","time":"2026-09-04T03:03:24Z","message":"failed to run the datagram handler"}
{"level":"error","event":0,"ip":"2606:4700:a0::8","connIndex":0,"error":"control stream encountered a failure while serving","time":"2026-09-04T03:03:24Z","message":"failed to serve tunnel connection"}
{"level":"error","event":0,"ip":"2606:4700:a0::8","connIndex":0,"error":"control stream encountered a failure while serving","time":"2026-09-04T03:03:24Z","message":"Serve tunnel error"}
{"level":"info","event":0,"ip":"2606:4700:a0::8","connIndex":0,"time":"2026-09-04T03:03:24Z","message":"Retrying connection in up to 1m4s"}
{"level":"info","event":0,"ip":"2606:4700:a0::8","connIndex":0,"time":"2026-09-04T03:03:26Z","message":"Tunnel connection curve preferences: [X25519MLKEM768 CurveID(65074) CurveP256]"}
{"level":"error","event":0,"ip":"2606:4700:a0::8","connIndex":0,"error":"context canceled","time":"2026-09-04T03:03:26Z","message":"failed to run the datagram handler"}
{"level":"error","event":0,"ip":"2606:4700:a0::8","connIndex":0,"error":"control stream encountered a failure while serving","time":"2026-09-04T03:03:26Z","message":"failed to serve tunnel connection"}
{"level":"error","event":0,"ip":"2606:4700:a0::8","connIndex":0,"error":"control stream encountered a failure while serving","time":"2026-09-04T03:03:26Z","message":"Serve tunnel error"}
{"level":"info","event":0,"ip":"2606:4700:a0::8","connIndex":0,"time":"2026-09-04T03:03:26Z","message":"Retrying connection in up to 1m4s"}
{"level":"info","event":0,"ip":"2606:4700:a0::8","connIndex":0,"time":"2026-09-04T03:03:52Z","message":"Tunnel connection curve preferences: [X25519MLKEM768 CurveID(65074) CurveP256]"}
{"level":"error","event":0,"ip":"2606:4700:a0::8","connIndex":0,"error":"context canceled","time":"2026-09-04T03:03:52Z","message":"failed to run the datagram handler"}
{"level":"error","event":0,"ip":"2606:4700:a0::8","connIndex":0,"error":"control stream encountered a failure while serving","time":"2026-09-04T03:03:52Z","message":"failed to serve tunnel connection"}
{"level":"error","event":0,"ip":"2606:4700:a0::8","connIndex":0,"error":"control stream encountered a failure while serving","time":"2026-09-04T03:03:52Z","message":"Serve tunnel error"}
{"level":"info","event":0,"ip":"2606:4700:a0::8","connIndex":0,"time":"2026-09-04T03:03:52Z","message":"Retrying connection in up to 1m4s"}
{"level":"info","event":0,"ip":"2606:4700:a0::8","connIndex":0,"time":"2026-09-04T03:04:17Z","message":"Tunnel connection curve preferences: [X25519MLKEM768 CurveID(65074) CurveP256]"}
{"level":"error","event":0,"ip":"2606:4700:a0::8","connIndex":0,"error":"context canceled","time":"2026-09-04T03:04:17Z","message":"failed to run the datagram handler"}
{"level":"error","event":0,"ip":"2606:4700:a0::8","connIndex":0,"error":"control stream encountered a failure while serving","time":"2026-09-04T03:04:17Z","message":"failed to serve tunnel connection"}
{"level":"error","event":0,"ip":"2606:4700:a0::8","connIndex":0,"error":"control stream encountered a failure while serving","time":"2026-09-04T03:04:17Z","message":"Serve tunnel error"}
{"level":"info","event":0,"ip":"2606:4700:a0::8","connIndex":0,"time":"2026-09-04T03:04:17Z","message":"Retrying connection in up to 1m4s"}
{"level":"info","event":0,"ip":"2606:4700:a0::8","connIndex":0,"time":"2026-09-04T03:04:43Z","message":"Tunnel connection curve preferences: [X25519MLKEM768 CurveID(65074) CurveP256]"}
{"level":"error","event":0,"ip":"2606:4700:a0::8","connIndex":0,"error":"context canceled","time":"2026-09-04T03:04:43Z","message":"failed to run the datagram handler"}
{"level":"error","event":0,"ip":"2606:4700:a0::8","connIndex":0,"error":"control stream encountered a failure while serving","time":"2026-09-04T03:04:43Z","message":"failed to serve tunnel connection"}
{"level":"error","event":0,"ip":"2606:4700:a0::8","connIndex":0,"error":"control stream encountered a failure while serving","time":"2026-09-04T03:04:43Z","message":"Serve tunnel error"}
{"level":"info","event":0,"ip":"2606:4700:a0::8","connIndex":0,"time":"2026-09-04T03:04:43Z","message":"Retrying connection in up to 1m4s"}
{"level":"info","event":0,"ip":"2606:4700:a0::8","connIndex":0,"time":"2026-09-04T03:04:57Z","message":"Tunnel connection curve preferences: [X25519MLKEM768 CurveID(65074) CurveP256]"}
{"level":"error","event":0,"ip":"2606:4700:a0::8","connIndex":0,"error":"context canceled","time":"2026-09-04T03:04:57Z","message":"failed to run the datagram handler"}
{"level":"error","event":0,"ip":"2606:4700:a0::8","connIndex":0,"error":"control stream encountered a failure while serving","time":"2026-09-04T03:04:57Z","message":"failed to serve tunnel connection"}
{"level":"error","event":0,"ip":"2606:4700:a0::8","connIndex":0,"error":"control stream encountered a failure while serving","time":"2026-09-04T03:04:57Z","message":"Serve tunnel error"}
{"level":"info","event":0,"ip":"2606:4700:a0::8","connIndex":0,"time":"2026-09-04T03:04:57Z","message":"Retrying connection in up to 1m4s"}
{"level":"info","event":0,"ip":"2606:4700:a0::8","connIndex":0,"time":"2026-09-04T03:05:19Z","message":"Tunnel connection curve preferences: [X25519MLKEM768 CurveID(65074) CurveP256]"}
{"level":"error","event":0,"ip":"2606:4700:a0::8","connIndex":0,"error":"context canceled","time":"2026-09-04T03:05:19Z","message":"failed to run the datagram handler"}
{"level":"error","event":0,"ip":"2606:4700:a0::8","connIndex":0,"error":"control stream encountered a failure while serving","time":"2026-09-04T03:05:19Z","message":"failed to serve tunnel connection"}
{"level":"error","event":0,"ip":"2606:4700:a0::8","connIndex":0,"error":"control stream encountered a failure while serving","time":"2026-09-04T03:05:19Z","message":"Serve tunnel error"}
{"level":"info","event":0,"ip":"2606:4700:a0::8","connIndex":0,"time":"2026-09-04T03:05:19Z","message":"Retrying connection in up to 1m4s"}
{"level":"info","event":0,"ip":"2606:4700:a0::8","connIndex":0,"time":"2026-09-04T03:05:27Z","message":"Tunnel connection curve preferences: [X25519MLKEM768 CurveID(65074) CurveP256]"}
{"level":"error","event":0,"ip":"2606:4700:a0::8","connIndex":0,"error":"context canceled","time":"2026-09-04T03:05:27Z","message":"failed to run the datagram handler"}
{"level":"error","event":0,"ip":"2606:4700:a0::8","connIndex":0,"error":"control stream encountered a failure while serving","time":"2026-09-04T03:05:27Z","message":"failed to serve tunnel connection"}
{"level":"error","event":0,"ip":"2606:4700:a0::8","connIndex":0,"error":"control stream encountered a failure while serving","time":"2026-09-04T03:05:27Z","message":"Serve tunnel error"}
{"level":"info","event":0,"ip":"2606:4700:a0::8","connIndex":0,"time":"2026-09-04T03:05:27Z","message":"Retrying connection in up to 1m4s"}
{"level":"info","event":0,"ip":"2606:4700:a0::8","connIndex":0,"time":"2026-09-04T03:05:33Z","message":"Tunnel connection curve preferences: [X25519MLKEM768 CurveID(65074) CurveP256]"}
{"level":"error","event":0,"ip":"2606:4700:a0::8","connIndex":0,"error":"context canceled","time":"2026-09-04T03:05:33Z","message":"failed to run the datagram handler"}
{"level":"error","event":0,"ip":"2606:4700:a0::8","connIndex":0,"error":"control stream encountered a failure while serving","time":"2026-09-04T03:05:33Z","message":"failed to serve tunnel connection"}
{"level":"error","event":0,"ip":"2606:4700:a0::8","connIndex":0,"error":"control stream encountered a failure while serving","time":"2026-09-04T03:05:33Z","message":"Serve tunnel error"}
{"level":"info","event":0,"ip":"2606:4700:a0::8","connIndex":0,"time":"2026-09-04T03:05:33Z","message":"Retrying connection in up to 1m4s"}
{"level":"info","event":0,"ip":"2606:4700:a0::8","connIndex":0,"time":"2026-09-04T03:05:36Z","message":"Tunnel connection curve preferences: [X25519MLKEM768 CurveID(65074) CurveP256]"}
{"level":"error","event":0,"ip":"2606:4700:a0::8","connIndex":0,"error":"context canceled","time":"2026-09-04T03:05:36Z","message":"failed to run the datagram handler"}
{"level":"error","event":0,"ip":"2606:4700:a0::8","connIndex":0,"error":"control stream encountered a failure while serving","time":"2026-09-04T03:05:36Z","message":"failed to serve tunnel connection"}
{"level":"error","event":0,"ip":"2606:4700:a0::8","connIndex":0,"error":"control stream encountered a failure while serving","time":"2026-09-04T03:05:36Z","message":"Serve tunnel error"}
{"level":"info","event":0,"ip":"2606:4700:a0::8","connIndex":0,"time":"2026-09-04T03:05:36Z","message":"Retrying connection in up to 1m4s"}
{"level":"info","event":0,"ip":"2606:4700:a0::8","connIndex":0,"time":"2026-09-04T03:05:36Z","message":"Tunnel connection curve preferences: [X25519MLKEM768 CurveID(65074) CurveP256]"}
{"level":"error","event":0,"ip":"2606:4700:a0::8","connIndex":0,"error":"context canceled","time":"2026-09-04T03:05:36Z","message":"failed to run the datagram handler"}
{"level":"error","event":0,"ip":"2606:4700:a0::8","connIndex":0,"error":"control stream encountered a failure while serving","time":"2026-09-04T03:05:36Z","message":"failed to serve tunnel connection"}
{"level":"error","event":0,"ip":"2606:4700:a0::8","connIndex":0,"error":"control stream encountered a failure while serving","time":"2026-09-04T03:05:36Z","message":"Serve tunnel error"}
{"level":"info","event":0,"ip":"2606:4700:a0::8","connIndex":0,"time":"2026-09-04T03:05:36Z","message":"Retrying connection in up to 1m4s"}
{"level":"info","event":0,"ip":"2606:4700:a0::8","connIndex":0,"time":"2026-09-04T03:05:55Z","message":"Tunnel connection curve preferences: [X25519MLKEM768 CurveID(65074) CurveP256]"}
{"level":"error","event":0,"ip":"2606:4700:a0::8","connIndex":0,"error":"context canceled","time":"2026-09-04T03:05:55Z","message":"failed to run the datagram handler"}
{"level":"error","event":0,"ip":"2606:4700:a0::8","connIndex":0,"error":"control stream encountered a failure while serving","time":"2026-09-04T03:05:55Z","message":"failed to serve tunnel connection"}
{"level":"error","event":0,"ip":"2606:4700:a0::8","connIndex":0,"error":"control stream encountered a failure while serving","time":"2026-09-04T03:05:55Z","message":"Serve tunnel error"}
{"level":"info","event":0,"ip":"2606:4700:a0::8","connIndex":0,"time":"2026-09-04T03:05:55Z","message":"Retrying connection in up to 1m4s"}
{"level":"info","event":0,"ip":"2606:4700:a0::8","connIndex":0,"time":"2026-09-04T03:05:59Z","message":"Tunnel connection curve preferences: [X25519MLKEM768 CurveID(65074) CurveP256]"}
{"level":"error","event":0,"ip":"2606:4700:a0::8","connIndex":0,"error":"context canceled","time":"2026-09-04T03:05:59Z","message":"failed to run the datagram handler"}
{"level":"error","event":0,"ip":"2606:4700:a0::8","connIndex":0,"error":"control stream encountered a failure while serving","time":"2026-09-04T03:05:59Z","message":"failed to serve tunnel connection"}
{"level":"error","event":0,"ip":"2606:4700:a0::8","connIndex":0,"error":"control stream encountered a failure while serving","time":"2026-09-04T03:05:59Z","message":"Serve tunnel error"}
{"level":"info","event":0,"ip":"2606:4700:a0::8","connIndex":0,"time":"2026-09-04T03:05:59Z","message":"Retrying connection in up to 1m4s"}
{"level":"info","event":0,"ip":"2606:4700:a0::8","connIndex":0,"time":"2026-09-04T03:06:02Z","message":"Tunnel connection curve preferences: [X25519MLKEM768 CurveID(65074) CurveP256]"}
{"level":"error","event":0,"ip":"2606:4700:a0::8","connIndex":0,"error":"context canceled","time":"2026-09-04T03:06:03Z","message":"failed to run the datagram handler"}
{"level":"error","event":0,"ip":"2606:4700:a0::8","connIndex":0,"error":"control stream encountered a failure while serving","time":"2026-09-04T03:06:03Z","message":"failed to serve tunnel connection"}
{"level":"error","event":0,"ip":"2606:4700:a0::8","connIndex":0,"error":"control stream encountered a failure while serving","time":"2026-09-04T03:06:03Z","message":"Serve tunnel error"}
{"level":"info","event":0,"ip":"2606:4700:a0::8","connIndex":0,"time":"2026-09-04T03:06:03Z","message":"Retrying connection in up to 1m4s"}
{"level":"info","event":0,"ip":"2606:4700:a0::8","connIndex":0,"time":"2026-09-04T03:06:19Z","message":"Tunnel connection curve preferences: [X25519MLKEM768 CurveID(65074) CurveP256]"}
{"level":"error","event":0,"ip":"2606:4700:a0::8","connIndex":0,"error":"context canceled","time":"2026-09-04T03:06:19Z","message":"failed to run the datagram handler"}
{"level":"error","event":0,"ip":"2606:4700:a0::8","connIndex":0,"error":"control stream encountered a failure while serving","time":"2026-09-04T03:06:19Z","message":"failed to serve tunnel connection"}
{"level":"error","event":0,"ip":"2606:4700:a0::8","connIndex":0,"error":"control stream encountered a failure while serving","time":"2026-09-04T03:06:19Z","message":"Serve tunnel error"}
{"level":"info","event":0,"ip":"2606:4700:a0::8","connIndex":0,"time":"2026-09-04T03:06:19Z","message":"Retrying connection in up to 1m4s"}
{"level":"info","event":0,"ip":"2606:4700:a0::8","connIndex":0,"time":"2026-09-04T03:06:31Z","message":"Tunnel connection curve preferences: [X25519MLKEM768 CurveID(65074) CurveP256]"}
{"level":"error","event":0,"ip":"2606:4700:a0::8","connIndex":0,"error":"context canceled","time":"2026-09-04T03:06:31Z","message":"failed to run the datagram handler"}
{"level":"error","event":0,"ip":"2606:4700:a0::8","connIndex":0,"error":"control stream encountered a failure while serving","time":"2026-09-04T03:06:31Z","message":"failed to serve tunnel connection"}
{"level":"error","event":0,"ip":"2606:4700:a0::8","connIndex":0,"error":"control stream encountered a failure while serving","time":"2026-09-04T03:06:31Z","message":"Serve tunnel error"}
{"level":"info","event":0,"ip":"2606:4700:a0::8","connIndex":0,"time":"2026-09-04T03:06:31Z","message":"Retrying connection in up to 1m4s"}
{"level":"info","event":0,"ip":"2606:4700:a0::8","connIndex":0,"time":"2026-09-04T03:06:35Z","message":"Tunnel connection curve preferences: [X25519MLKEM768 CurveID(65074) CurveP256]"}
{"level":"error","event":0,"ip":"2606:4700:a0::8","connIndex":0,"error":"context canceled","time":"2026-09-04T03:06:35Z","message":"failed to run the datagram handler"}
{"level":"error","event":0,"ip":"2606:4700:a0::8","connIndex":0,"error":"control stream encountered a failure while serving","time":"2026-09-04T03:06:35Z","message":"failed to serve tunnel connection"}
{"level":"error","event":0,"ip":"2606:4700:a0::8","connIndex":0,"error":"control stream encountered a failure while serving","time":"2026-09-04T03:06:35Z","message":"Serve tunnel error"}
{"level":"info","event":0,"ip":"2606:4700:a0::8","connIndex":0,"time":"2026-09-04T03:06:35Z","message":"Retrying connection in up to 1m4s"}
{"level":"info","event":0,"ip":"2606:4700:a0::8","connIndex":0,"time":"2026-09-04T03:07:02Z","message":"Tunnel connection curve preferences: [X25519MLKEM768 CurveID(65074) CurveP256]"}
{"level":"error","event":0,"ip":"2606:4700:a0::8","connIndex":0,"error":"context canceled","time":"2026-09-04T03:07:02Z","message":"failed to run the datagram handler"}
{"level":"error","event":0,"ip":"2606:4700:a0::8","connIndex":0,"error":"control stream encountered a failure while serving","time":"2026-09-04T03:07:02Z","message":"failed to serve tunnel connection"}
{"level":"error","event":0,"ip":"2606:4700:a0::8","connIndex":0,"error":"control stream encountered a failure while serving","time":"2026-09-04T03:07:02Z","message":"Serve tunnel error"}
{"level":"info","event":0,"ip":"2606:4700:a0::8","connIndex":0,"time":"2026-09-04T03:07:02Z","message":"Retrying connection in up to 1m4s"}
{"level":"info","event":0,"ip":"2606:4700:a0::8","connIndex":0,"time":"2026-09-04T03:07:20Z","message":"Tunnel connection curve preferences: [X25519MLKEM768 CurveID(65074) CurveP256]"}
{"level":"error","event":0,"ip":"2606:4700:a0::8","connIndex":0,"error":"context canceled","time":"2026-09-04T03:07:20Z","message":"failed to run the datagram handler"}
{"level":"error","event":0,"ip":"2606:4700:a0::8","connIndex":0,"error":"control stream encountered a failure while serving","time":"2026-09-04T03:07:20Z","message":"failed to serve tunnel connection"}
{"level":"error","event":0,"ip":"2606:4700:a0::8","connIndex":0,"error":"control stream encountered a failure while serving","time":"2026-09-04T03:07:20Z","message":"Serve tunnel error"}
{"level":"info","event":0,"ip":"2606:4700:a0::8","connIndex":0,"time":"2026-09-04T03:07:20Z","message":"Retrying connection in up to 1m4s"}
{"level":"info","event":0,"ip":"2606:4700:a0::8","connIndex":0,"time":"2026-09-04T03:07:43Z","message":"Tunnel connection curve preferences: [X25519MLKEM768 CurveID(65074) CurveP256]"}
{"level":"error","event":0,"ip":"2606:4700:a0::8","connIndex":0,"error":"context canceled","time":"2026-09-04T03:07:43Z","message":"failed to run the datagram handler"}
{"level":"error","event":0,"ip":"2606:4700:a0::8","connIndex":0,"error":"control stream encountered a failure while serving","time":"2026-09-04T03:07:43Z","message":"failed to serve tunnel connection"}
{"level":"error","event":0,"ip":"2606:4700:a0::8","connIndex":0,"error":"control stream encountered a failure while serving","time":"2026-09-04T03:07:43Z","message":"Serve tunnel error"}
{"level":"info","event":0,"ip":"2606:4700:a0::8","connIndex":0,"time":"2026-09-04T03:07:43Z","message":"Retrying connection in up to 1m4s"}
{"level":"info","event":0,"ip":"2606:4700:a0::8","connIndex":0,"time":"2026-09-04T03:08:08Z","message":"Tunnel connection curve preferences: [X25519MLKEM768 CurveID(65074) CurveP256]"}
{"level":"error","event":0,"ip":"2606:4700:a0::8","connIndex":0,"error":"context canceled","time":"2026-09-04T03:08:08Z","message":"failed to run the datagram handler"}
{"level":"error","event":0,"ip":"2606:4700:a0::8","connIndex":0,"error":"control stream encountered a failure while serving","time":"2026-09-04T03:08:08Z","message":"failed to serve tunnel connection"}
{"level":"error","event":0,"ip":"2606:4700:a0::8","connIndex":0,"error":"control stream encountered a failure while serving","time":"2026-09-04T03:08:08Z","message":"Serve tunnel error"}
{"level":"info","event":0,"ip":"2606:4700:a0::8","connIndex":0,"time":"2026-09-04T03:08:08Z","message":"Retrying connection in up to 1m4s"}
{"level":"info","event":0,"ip":"2606:4700:a0::8","connIndex":0,"time":"2026-09-04T03:08:30Z","message":"Tunnel connection curve preferences: [X25519MLKEM768 CurveID(65074) CurveP256]"}
{"level":"error","event":0,"ip":"2606:4700:a0::8","connIndex":0,"error":"context canceled","time":"2026-09-04T03:08:31Z","message":"failed to run the datagram handler"}
{"level":"error","event":0,"ip":"2606:4700:a0::8","connIndex":0,"error":"control stream encountered a failure while serving","time":"2026-09-04T03:08:31Z","message":"failed to serve tunnel connection"}
{"level":"error","event":0,"ip":"2606:4700:a0::8","connIndex":0,"error":"control stream encountered a failure while serving","time":"2026-09-04T03:08:31Z","message":"Serve tunnel error"}
{"level":"info","event":0,"ip":"2606:4700:a0::8","connIndex":0,"time":"2026-09-04T03:08:31Z","message":"Retrying connection in up to 1m4s"}
{"level":"info","event":0,"ip":"2606:4700:a0::8","connIndex":0,"time":"2026-09-04T03:08:53Z","message":"Tunnel connection curve preferences: [X25519MLKEM768 CurveID(65074) CurveP256]"}
{"level":"error","event":0,"ip":"2606:4700:a0::8","connIndex":0,"error":"context canceled","time":"2026-09-04T03:08:53Z","message":"failed to run the datagram handler"}
{"level":"error","event":0,"ip":"2606:4700:a0::8","connIndex":0,"error":"control stream encountered a failure while serving","time":"2026-09-04T03:08:53Z","message":"failed to serve tunnel connection"}
{"level":"error","event":0,"ip":"2606:4700:a0::8","connIndex":0,"error":"control stream encountered a failure while serving","time":"2026-09-04T03:08:53Z","message":"Serve tunnel error"}
{"level":"info","event":0,"ip":"2606:4700:a0::8","connIndex":0,"time":"2026-09-04T03:08:53Z","message":"Retrying connection in up to 1m4s"}
{"level":"info","event":0,"ip":"2606:4700:a0::8","connIndex":0,"time":"2026-09-04T03:09:08Z","message":"Tunnel connection curve preferences: [X25519MLKEM768 CurveID(65074) CurveP256]"}
{"level":"error","event":0,"ip":"2606:4700:a0::8","connIndex":0,"error":"context canceled","time":"2026-09-04T03:09:08Z","message":"failed to run the datagram handler"}
{"level":"error","event":0,"ip":"2606:4700:a0::8","connIndex":0,"error":"control stream encountered a failure while serving","time":"2026-09-04T03:09:08Z","message":"failed to serve tunnel connection"}
{"level":"error","event":0,"ip":"2606:4700:a0::8","connIndex":0,"error":"control stream encountered a failure while serving","time":"2026-09-04T03:09:08Z","message":"Serve tunnel error"}
{"level":"info","event":0,"ip":"2606:4700:a0::8","connIndex":0,"time":"2026-09-04T03:09:08Z","message":"Retrying connection in up to 1m4s"}
{"level":"info","event":0,"ip":"2606:4700:a0::8","connIndex":0,"time":"2026-09-04T03:09:35Z","message":"Tunnel connection curve preferences: [X25519MLKEM768 CurveID(65074) CurveP256]"}
{"level":"error","event":0,"ip":"2606:4700:a0::8","connIndex":0,"error":"context canceled","time":"2026-09-04T03:09:35Z","message":"failed to run the datagram handler"}
{"level":"error","event":0,"ip":"2606:4700:a0::8","connIndex":0,"error":"control stream encountered a failure while serving","time":"2026-09-04T03:09:35Z","message":"failed to serve tunnel connection"}
{"level":"error","event":0,"ip":"2606:4700:a0::8","connIndex":0,"error":"control stream encountered a failure while serving","time":"2026-09-04T03:09:35Z","message":"Serve tunnel error"}
{"level":"info","event":0,"ip":"2606:4700:a0::8","connIndex":0,"time":"2026-09-04T03:09:35Z","message":"Retrying connection in up to 1m4s"}
{"level":"info","event":0,"ip":"2606:4700:a0::8","connIndex":0,"time":"2026-09-04T03:09:50Z","message":"Tunnel connection curve preferences: [X25519MLKEM768 CurveID(65074) CurveP256]"}
{"level":"error","event":0,"ip":"2606:4700:a0::8","connIndex":0,"error":"context canceled","time":"2026-09-04T03:09:50Z","message":"failed to run the datagram handler"}
{"level":"error","event":0,"ip":"2606:4700:a0::8","connIndex":0,"error":"control stream encountered a failure while serving","time":"2026-09-04T03:09:50Z","message":"failed to serve tunnel connection"}
{"level":"error","event":0,"ip":"2606:4700:a0::8","connIndex":0,"error":"control stream encountered a failure while serving","time":"2026-09-04T03:09:50Z","message":"Serve tunnel error"}
{"level":"info","event":0,"ip":"2606:4700:a0::8","connIndex":0,"time":"2026-09-04T03:09:50Z","message":"Retrying connection in up to 1m4s"}
{"level":"info","event":0,"ip":"2606:4700:a0::8","connIndex":0,"time":"2026-09-04T03:10:10Z","message":"Tunnel connection curve preferences: [X25519MLKEM768 CurveID(65074) CurveP256]"}
{"level":"error","event":0,"ip":"2606:4700:a0::8","connIndex":0,"error":"context canceled","time":"2026-09-04T03:10:10Z","message":"failed to run the datagram handler"}
{"level":"error","event":0,"ip":"2606:4700:a0::8","connIndex":0,"error":"control stream encountered a failure while serving","time":"2026-09-04T03:10:10Z","message":"failed to serve tunnel connection"}
{"level":"error","event":0,"ip":"2606:4700:a0::8","connIndex":0,"error":"control stream encountered a failure while serving","time":"2026-09-04T03:10:10Z","message":"Serve tunnel error"}
{"level":"info","event":0,"ip":"2606:4700:a0::8","connIndex":0,"time":"2026-09-04T03:10:10Z","message":"Retrying connection in up to 1m4s"}
{"level":"info","event":0,"ip":"2606:4700:a0::8","connIndex":0,"time":"2026-09-04T03:10:23Z","message":"Tunnel connection curve preferences: [X25519MLKEM768 CurveID(65074) CurveP256]"}
{"level":"error","event":0,"ip":"2606:4700:a0::8","connIndex":0,"error":"context canceled","time":"2026-09-04T03:10:23Z","message":"failed to run the datagram handler"}
{"level":"error","event":0,"ip":"2606:4700:a0::8","connIndex":0,"error":"control stream encountered a failure while serving","time":"2026-09-04T03:10:23Z","message":"failed to serve tunnel connection"}
{"level":"error","event":0,"ip":"2606:4700:a0::8","connIndex":0,"error":"control stream encountered a failure while serving","time":"2026-09-04T03:10:23Z","message":"Serve tunnel error"}
{"level":"info","event":0,"ip":"2606:4700:a0::8","connIndex":0,"time":"2026-09-04T03:10:23Z","message":"Retrying connection in up to 1m4s"}
{"level":"info","event":0,"ip":"2606:4700:a0::8","connIndex":0,"time":"2026-09-04T03:10:51Z","message":"Tunnel connection curve preferences: [X25519MLKEM768 CurveID(65074) CurveP256]"}
{"level":"error","event":0,"ip":"2606:4700:a0::8","connIndex":0,"error":"context canceled","time":"2026-09-04T03:10:51Z","message":"failed to run the datagram handler"}
{"level":"error","event":0,"ip":"2606:4700:a0::8","connIndex":0,"error":"control stream encountered a failure while serving","time":"2026-09-04T03:10:51Z","message":"failed to serve tunnel connection"}
{"level":"error","event":0,"ip":"2606:4700:a0::8","connIndex":0,"error":"control stream encountered a failure while serving","time":"2026-09-04T03:10:51Z","message":"Serve tunnel error"}
{"level":"info","event":0,"ip":"2606:4700:a0::8","connIndex":0,"time":"2026-09-04T03:10:51Z","message":"Retrying connection in up to 1m4s"}
{"level":"info","event":0,"ip":"2606:4700:a0::8","connIndex":0,"time":"2026-09-04T03:11:04Z","message":"Tunnel connection curve preferences: [X25519MLKEM768 CurveID(65074) CurveP256]"}
{"level":"error","event":0,"ip":"2606:4700:a0::8","connIndex":0,"error":"context canceled","time":"2026-09-04T03:11:04Z","message":"failed to run the datagram handler"}
{"level":"error","event":0,"ip":"2606:4700:a0::8","connIndex":0,"error":"control stream encountered a failure while serving","time":"2026-09-04T03:11:04Z","message":"failed to serve tunnel connection"}
{"level":"error","event":0,"ip":"2606:4700:a0::8","connIndex":0,"error":"control stream encountered a failure while serving","time":"2026-09-04T03:11:04Z","message":"Serve tunnel error"}
{"level":"info","event":0,"ip":"2606:4700:a0::8","connIndex":0,"time":"2026-09-04T03:11:04Z","message":"Retrying connection in up to 1m4s"}
{"level":"info","event":0,"ip":"2606:4700:a0::8","connIndex":0,"time":"2026-09-04T03:11:34Z","message":"Tunnel connection curve preferences: [X25519MLKEM768 CurveID(65074) CurveP256]"}
{"level":"error","event":0,"ip":"2606:4700:a0::8","connIndex":0,"error":"context canceled","time":"2026-09-04T03:11:34Z","message":"failed to run the datagram handler"}
{"level":"error","event":0,"ip":"2606:4700:a0::8","connIndex":0,"error":"control stream encountered a failure while serving","time":"2026-09-04T03:11:34Z","message":"failed to serve tunnel connection"}
{"level":"error","event":0,"ip":"2606:4700:a0::8","connIndex":0,"error":"control stream encountered a failure while serving","time":"2026-09-04T03:11:34Z","message":"Serve tunnel error"}
{"level":"info","event":0,"ip":"2606:4700:a0::8","connIndex":0,"time":"2026-09-04T03:11:34Z","message":"Retrying connection in up to 1m4s"}
{"level":"info","event":0,"ip":"2606:4700:a0::8","connIndex":0,"time":"2026-09-04T03:12:02Z","message":"Tunnel connection curve preferences: [X25519MLKEM768 CurveID(65074) CurveP256]"}
{"level":"error","event":0,"ip":"2606:4700:a0::8","connIndex":0,"error":"context canceled","time":"2026-09-04T03:12:02Z","message":"failed to run the datagram handler"}
{"level":"error","event":0,"ip":"2606:4700:a0::8","connIndex":0,"error":"control stream encountered a failure while serving","time":"2026-09-04T03:12:02Z","message":"failed to serve tunnel connection"}
{"level":"error","event":0,"ip":"2606:4700:a0::8","connIndex":0,"error":"control stream encountered a failure while serving","time":"2026-09-04T03:12:02Z","message":"Serve tunnel error"}
{"level":"info","event":0,"ip":"2606:4700:a0::8","connIndex":0,"time":"2026-09-04T03:12:02Z","message":"Retrying connection in up to 1m4s"}
{"level":"info","event":0,"ip":"2606:4700:a0::8","connIndex":0,"time":"2026-09-04T03:12:05Z","message":"Tunnel connection curve preferences: [X25519MLKEM768 CurveID(65074) CurveP256]"}
{"level":"error","event":0,"ip":"2606:4700:a0::8","connIndex":0,"error":"context canceled","time":"2026-09-04T03:12:05Z","message":"failed to run the datagram handler"}
{"level":"error","event":0,"ip":"2606:4700:a0::8","connIndex":0,"error":"control stream encountered a failure while serving","time":"2026-09-04T03:12:05Z","message":"failed to serve tunnel connection"}
{"level":"error","event":0,"ip":"2606:4700:a0::8","connIndex":0,"error":"control stream encountered a failure while serving","time":"2026-09-04T03:12:05Z","message":"Serve tunnel error"}
{"level":"info","event":0,"ip":"2606:4700:a0::8","connIndex":0,"time":"2026-09-04T03:12:05Z","message":"Retrying connection in up to 1m4s"}
{"level":"info","event":0,"ip":"2606:4700:a0::8","connIndex":0,"time":"2026-09-04T03:12:25Z","message":"Tunnel connection curve preferences: [X25519MLKEM768 CurveID(65074) CurveP256]"}
{"level":"error","event":0,"ip":"2606:4700:a0::8","connIndex":0,"error":"context canceled","time":"2026-09-04T03:12:25Z","message":"failed to run the datagram handler"}
{"level":"error","event":0,"ip":"2606:4700:a0::8","connIndex":0,"error":"control stream encountered a failure while serving","time":"2026-09-04T03:12:25Z","message":"failed to serve tunnel connection"}
{"level":"error","event":0,"ip":"2606:4700:a0::8","connIndex":0,"error":"control stream encountered a failure while serving","time":"2026-09-04T03:12:25Z","message":"Serve tunnel error"}
{"level":"info","event":0,"ip":"2606:4700:a0::8","connIndex":0,"time":"2026-09-04T03:12:25Z","message":"Retrying connection in up to 1m4s"}
{"level":"info","event":0,"ip":"2606:4700:a0::8","connIndex":0,"time":"2026-09-04T03:12:35Z","message":"Tunnel connection curve preferences: [X25519MLKEM768 CurveID(65074) CurveP256]"}
{"level":"error","event":0,"ip":"2606:4700:a0::8","connIndex":0,"error":"context canceled","time":"2026-09-04T03:12:36Z","message":"failed to run the datagram handler"}
{"level":"error","event":0,"ip":"2606:4700:a0::8","connIndex":0,"error":"control stream encountered a failure while serving","time":"2026-09-04T03:12:36Z","message":"failed to serve tunnel connection"}
{"level":"error","event":0,"ip":"2606:4700:a0::8","connIndex":0,"error":"control stream encountered a failure while serving","time":"2026-09-04T03:12:36Z","message":"Serve tunnel error"}
{"level":"info","event":0,"ip":"2606:4700:a0::8","connIndex":0,"time":"2026-09-04T03:12:36Z","message":"Retrying connection in up to 1m4s"}
{"level":"info","event":0,"ip":"2606:4700:a0::8","connIndex":0,"time":"2026-09-04T03:12:36Z","message":"Tunnel connection curve preferences: [X25519MLKEM768 CurveID(65074) CurveP256]"}
{"level":"error","event":0,"ip":"2606:4700:a0::8","connIndex":0,"error":"context canceled","time":"2026-09-04T03:12:36Z","message":"failed to run the datagram handler"}
{"level":"error","event":0,"ip":"2606:4700:a0::8","connIndex":0,"error":"control stream encountered a failure while serving","time":"2026-09-04T03:12:36Z","message":"failed to serve tunnel connection"}
{"level":"error","event":0,"ip":"2606:4700:a0::8","connIndex":0,"error":"control stream encountered a failure while serving","time":"2026-09-04T03:12:36Z","message":"Serve tunnel error"}
{"level":"info","event":0,"ip":"2606:4700:a0::8","connIndex":0,"time":"2026-09-04T03:12:36Z","message":"Retrying connection in up to 1m4s"}
{"level":"info","event":0,"ip":"2606:4700:a0::8","connIndex":0,"time":"2026-09-04T03:13:05Z","message":"Tunnel connection curve preferences: [X25519MLKEM768 CurveID(65074) CurveP256]"}
{"level":"error","event":0,"ip":"2606:4700:a0::8","connIndex":0,"error":"context canceled","time":"2026-09-04T03:13:05Z","message":"failed to run the datagram handler"}
{"level":"error","event":0,"ip":"2606:4700:a0::8","connIndex":0,"error":"control stream encountered a failure while serving","time":"2026-09-04T03:13:05Z","message":"failed to serve tunnel connection"}
{"level":"error","event":0,"ip":"2606:4700:a0::8","connIndex":0,"error":"control stream encountered a failure while serving","time":"2026-09-04T03:13:05Z","message":"Serve tunnel error"}
{"level":"info","event":0,"ip":"2606:4700:a0::8","connIndex":0,"time":"2026-09-04T03:13:05Z","message":"Retrying connection in up to 1m4s"}
{"level":"info","event":0,"ip":"2606:4700:a0::8","connIndex":0,"time":"2026-09-04T03:13:19Z","message":"Tunnel connection curve preferences: [X25519MLKEM768 CurveID(65074) CurveP256]"}
{"level":"error","event":0,"ip":"2606:4700:a0::8","connIndex":0,"error":"context canceled","time":"2026-09-04T03:13:19Z","message":"failed to run the datagram handler"}
{"level":"error","event":0,"ip":"2606:4700:a0::8","connIndex":0,"error":"control stream encountered a failure while serving","time":"2026-09-04T03:13:19Z","message":"failed to serve tunnel connection"}
{"level":"error","event":0,"ip":"2606:4700:a0::8","connIndex":0,"error":"control stream encountered a failure while serving","time":"2026-09-04T03:13:19Z","message":"Serve tunnel error"}
{"level":"info","event":0,"ip":"2606:4700:a0::8","connIndex":0,"time":"2026-09-04T03:13:19Z","message":"Retrying connection in up to 1m4s"}
{"level":"info","event":0,"ip":"2606:4700:a0::8","connIndex":0,"time":"2026-09-04T03:13:34Z","message":"Tunnel connection curve preferences: [X25519MLKEM768 CurveID(65074) CurveP256]"}
{"level":"error","event":0,"ip":"2606:4700:a0::8","connIndex":0,"error":"context canceled","time":"2026-09-04T03:13:34Z","message":"failed to run the datagram handler"}
{"level":"error","event":0,"ip":"2606:4700:a0::8","connIndex":0,"error":"control stream encountered a failure while serving","time":"2026-09-04T03:13:34Z","message":"failed to serve tunnel connection"}
{"level":"error","event":0,"ip":"2606:4700:a0::8","connIndex":0,"error":"control stream encountered a failure while serving","time":"2026-09-04T03:13:34Z","message":"Serve tunnel error"}
{"level":"info","event":0,"ip":"2606:4700:a0::8","connIndex":0,"time":"2026-09-04T03:13:34Z","message":"Retrying connection in up to 1m4s"}
{"level":"info","event":0,"ip":"2606:4700:a0::8","connIndex":0,"time":"2026-09-04T03:13:40Z","message":"Tunnel connection curve preferences: [X25519MLKEM768 CurveID(65074) CurveP256]"}
{"level":"error","event":0,"ip":"2606:4700:a0::8","connIndex":0,"error":"context canceled","time":"2026-09-04T03:13:40Z","message":"failed to run the datagram handler"}
{"level":"error","event":0,"ip":"2606:4700:a0::8","connIndex":0,"error":"control stream encountered a failure while serving","time":"2026-09-04T03:13:40Z","message":"failed to serve tunnel connection"}
{"level":"error","event":0,"ip":"2606:4700:a0::8","connIndex":0,"error":"control stream encountered a failure while serving","time":"2026-09-04T03:13:40Z","message":"Serve tunnel error"}
{"level":"info","event":0,"ip":"2606:4700:a0::8","connIndex":0,"time":"2026-09-04T03:13:40Z","message":"Retrying connection in up to 1m4s"}
{"level":"info","event":0,"ip":"2606:4700:a0::8","connIndex":0,"time":"2026-09-04T03:13:49Z","message":"Tunnel connection curve preferences: [X25519MLKEM768 CurveID(65074) CurveP256]"}
{"level":"error","event":0,"ip":"2606:4700:a0::8","connIndex":0,"error":"context canceled","time":"2026-09-04T03:13:49Z","message":"failed to run the datagram handler"}
{"level":"error","event":0,"ip":"2606:4700:a0::8","connIndex":0,"error":"control stream encountered a failure while serving","time":"2026-09-04T03:13:49Z","message":"failed to serve tunnel connection"}
{"level":"error","event":0,"ip":"2606:4700:a0::8","connIndex":0,"error":"control stream encountered a failure while serving","time":"2026-09-04T03:13:49Z","message":"Serve tunnel error"}
{"level":"info","event":0,"ip":"2606:4700:a0::8","connIndex":0,"time":"2026-09-04T03:13:49Z","message":"Retrying connection in up to 1m4s"}
{"level":"info","event":0,"ip":"2606:4700:a0::8","connIndex":0,"time":"2026-09-04T03:14:07Z","message":"Tunnel connection curve preferences: [X25519MLKEM768 CurveID(65074) CurveP256]"}
{"level":"error","event":0,"ip":"2606:4700:a0::8","connIndex":0,"error":"context canceled","time":"2026-09-04T03:14:07Z","message":"failed to run the datagram handler"}
{"level":"error","event":0,"ip":"2606:4700:a0::8","connIndex":0,"error":"control stream encountered a failure while serving","time":"2026-09-04T03:14:07Z","message":"failed to serve tunnel connection"}
{"level":"error","event":0,"ip":"2606:4700:a0::8","connIndex":0,"error":"control stream encountered a failure while serving","time":"2026-09-04T03:14:07Z","message":"Serve tunnel error"}
{"level":"info","event":0,"ip":"2606:4700:a0::8","connIndex":0,"time":"2026-09-04T03:14:07Z","message":"Retrying connection in up to 1m4s"}
{"level":"info","event":0,"ip":"2606:4700:a0::8","connIndex":0,"time":"2026-09-04T03:14:13Z","message":"Tunnel connection curve preferences: [X25519MLKEM768 CurveID(65074) CurveP256]"}
{"level":"error","event":0,"ip":"2606:4700:a0::8","connIndex":0,"error":"context canceled","time":"2026-09-04T03:14:13Z","message":"failed to run the datagram handler"}
{"level":"error","event":0,"ip":"2606:4700:a0::8","connIndex":0,"error":"control stream encountered a failure while serving","time":"2026-09-04T03:14:13Z","message":"failed to serve tunnel connection"}
{"level":"error","event":0,"ip":"2606:4700:a0::8","connIndex":0,"error":"control stream encountered a failure while serving","time":"2026-09-04T03:14:13Z","message":"Serve tunnel error"}
{"level":"info","event":0,"ip":"2606:4700:a0::8","connIndex":0,"time":"2026-09-04T03:14:13Z","message":"Retrying connection in up to 1m4s"}
{"level":"info","event":0,"ip":"2606:4700:a0::8","connIndex":0,"time":"2026-09-04T03:14:20Z","message":"Tunnel connection curve preferences: [X25519MLKEM768 CurveID(65074) CurveP256]"}
{"level":"error","event":0,"ip":"2606:4700:a0::8","connIndex":0,"error":"context canceled","time":"2026-09-04T03:14:20Z","message":"failed to run the datagram handler"}
{"level":"error","event":0,"ip":"2606:4700:a0::8","connIndex":0,"error":"control stream encountered a failure while serving","time":"2026-09-04T03:14:20Z","message":"failed to serve tunnel connection"}
{"level":"error","event":0,"ip":"2606:4700:a0::8","connIndex":0,"error":"control stream encountered a failure while serving","time":"2026-09-04T03:14:20Z","message":"Serve tunnel error"}
{"level":"info","event":0,"ip":"2606:4700:a0::8","connIndex":0,"time":"2026-09-04T03:14:20Z","message":"Retrying connection in up to 1m4s"}
{"level":"info","event":0,"ip":"2606:4700:a0::8","connIndex":0,"time":"2026-09-04T03:14:29Z","message":"Tunnel connection curve preferences: [X25519MLKEM768 CurveID(65074) CurveP256]"}
{"level":"error","event":0,"ip":"2606:4700:a0::8","connIndex":0,"error":"context canceled","time":"2026-09-04T03:14:29Z","message":"failed to run the datagram handler"}
{"level":"error","event":0,"ip":"2606:4700:a0::8","connIndex":0,"error":"control stream encountered a failure while serving","time":"2026-09-04T03:14:29Z","message":"failed to serve tunnel connection"}
{"level":"error","event":0,"ip":"2606:4700:a0::8","connIndex":0,"error":"control stream encountered a failure while serving","time":"2026-09-04T03:14:29Z","message":"Serve tunnel error"}
{"level":"info","event":0,"ip":"2606:4700:a0::8","connIndex":0,"time":"2026-09-04T03:14:29Z","message":"Retrying connection in up to 1m4s"}
{"level":"info","event":0,"ip":"2606:4700:a0::8","connIndex":0,"time":"2026-09-04T03:14:43Z","message":"Tunnel connection curve preferences: [X25519MLKEM768 CurveID(65074) CurveP256]"}
{"level":"error","event":0,"ip":"2606:4700:a0::8","connIndex":0,"error":"context canceled","time":"2026-09-04T03:14:43Z","message":"failed to run the datagram handler"}
{"level":"error","event":0,"ip":"2606:4700:a0::8","connIndex":0,"error":"control stream encountered a failure while serving","time":"2026-09-04T03:14:43Z","message":"failed to serve tunnel connection"}
{"level":"error","event":0,"ip":"2606:4700:a0::8","connIndex":0,"error":"control stream encountered a failure while serving","time":"2026-09-04T03:14:43Z","message":"Serve tunnel error"}
{"level":"info","event":0,"ip":"2606:4700:a0::8","connIndex":0,"time":"2026-09-04T03:14:43Z","message":"Retrying connection in up to 1m4s"}
{"level":"info","event":0,"ip":"2606:4700:a0::8","connIndex":0,"time":"2026-09-04T03:14:48Z","message":"Tunnel connection curve preferences: [X25519MLKEM768 CurveID(65074) CurveP256]"}
{"level":"error","event":0,"ip":"2606:4700:a0::8","connIndex":0,"error":"context canceled","time":"2026-09-04T03:14:49Z","message":"failed to run the datagram handler"}
{"level":"error","event":0,"ip":"2606:4700:a0::8","connIndex":0,"error":"control stream encountered a failure while serving","time":"2026-09-04T03:14:49Z","message":"failed to serve tunnel connection"}
{"level":"error","event":0,"ip":"2606:4700:a0::8","connIndex":0,"error":"control stream encountered a failure while serving","time":"2026-09-04T03:14:49Z","message":"Serve tunnel error"}
{"level":"info","event":0,"ip":"2606:4700:a0::8","connIndex":0,"time":"2026-09-04T03:14:49Z","message":"Retrying connection in up to 1m4s"}
{"level":"info","event":0,"ip":"2606:4700:a0::8","connIndex":0,"time":"2026-09-04T03:14:54Z","message":"Tunnel connection curve preferences: [X25519MLKEM768 CurveID(65074) CurveP256]"}
{"level":"error","event":0,"ip":"2606:4700:a0::8","connIndex":0,"error":"context canceled","time":"2026-09-04T03:14:55Z","message":"failed to run the datagram handler"}
{"level":"error","event":0,"ip":"2606:4700:a0::8","connIndex":0,"error":"control stream encountered a failure while serving","time":"2026-09-04T03:14:55Z","message":"failed to serve tunnel connection"}
{"level":"error","event":0,"ip":"2606:4700:a0::8","connIndex":0,"error":"control stream encountered a failure while serving","time":"2026-09-04T03:14:55Z","message":"Serve tunnel error"}
{"level":"info","event":0,"ip":"2606:4700:a0::8","connIndex":0,"time":"2026-09-04T03:14:55Z","message":"Retrying connection in up to 1m4s"}
{"level":"info","event":0,"ip":"2606:4700:a0::8","connIndex":0,"time":"2026-09-04T03:15:21Z","message":"Tunnel connection curve preferences: [X25519MLKEM768 CurveID(65074) CurveP256]"}
{"level":"error","event":0,"ip":"2606:4700:a0::8","connIndex":0,"error":"context canceled","time":"2026-09-04T03:15:21Z","message":"failed to run the datagram handler"}
{"level":"error","event":0,"ip":"2606:4700:a0::8","connIndex":0,"error":"control stream encountered a failure while serving","time":"2026-09-04T03:15:22Z","message":"failed to serve tunnel connection"}
{"level":"error","event":0,"ip":"2606:4700:a0::8","connIndex":0,"error":"control stream encountered a failure while serving","time":"2026-09-04T03:15:22Z","message":"Serve tunnel error"}
{"level":"info","event":0,"ip":"2606:4700:a0::8","connIndex":0,"time":"2026-09-04T03:15:22Z","message":"Retrying connection in up to 1m4s"}
{"level":"info","event":0,"ip":"2606:4700:a0::8","connIndex":0,"time":"2026-09-04T03:15:41Z","message":"Tunnel connection curve preferences: [X25519MLKEM768 CurveID(65074) CurveP256]"}
{"level":"error","event":0,"ip":"2606:4700:a0::8","connIndex":0,"error":"context canceled","time":"2026-09-04T03:15:41Z","message":"failed to run the datagram handler"}
{"level":"error","event":0,"ip":"2606:4700:a0::8","connIndex":0,"error":"control stream encountered a failure while serving","time":"2026-09-04T03:15:41Z","message":"failed to serve tunnel connection"}
{"level":"error","event":0,"ip":"2606:4700:a0::8","connIndex":0,"error":"control stream encountered a failure while serving","time":"2026-09-04T03:15:41Z","message":"Serve tunnel error"}
{"level":"info","event":0,"ip":"2606:4700:a0::8","connIndex":0,"time":"2026-09-04T03:15:41Z","message":"Retrying connection in up to 1m4s"}
{"level":"info","event":0,"ip":"2606:4700:a0::8","connIndex":0,"time":"2026-09-04T03:16:06Z","message":"Tunnel connection curve preferences: [X25519MLKEM768 CurveID(65074) CurveP256]"}
{"level":"error","event":0,"ip":"2606:4700:a0::8","connIndex":0,"error":"context canceled","time":"2026-09-04T03:16:06Z","message":"failed to run the datagram handler"}
{"level":"error","event":0,"ip":"2606:4700:a0::8","connIndex":0,"error":"control stream encountered a failure while serving","time":"2026-09-04T03:16:06Z","message":"failed to serve tunnel connection"}
{"level":"error","event":0,"ip":"2606:4700:a0::8","connIndex":0,"error":"control stream encountered a failure while serving","time":"2026-09-04T03:16:06Z","message":"Serve tunnel error"}
{"level":"info","event":0,"ip":"2606:4700:a0::8","connIndex":0,"time":"2026-09-04T03:16:06Z","message":"Retrying connection in up to 1m4s"}
{"level":"info","event":0,"ip":"2606:4700:a0::8","connIndex":0,"time":"2026-09-04T03:16:33Z","message":"Tunnel connection curve preferences: [X25519MLKEM768 CurveID(65074) CurveP256]"}
{"level":"error","event":0,"ip":"2606:4700:a0::8","connIndex":0,"error":"context canceled","time":"2026-09-04T03:16:33Z","message":"failed to run the datagram handler"}
{"level":"error","event":0,"ip":"2606:4700:a0::8","connIndex":0,"error":"control stream encountered a failure while serving","time":"2026-09-04T03:16:33Z","message":"failed to serve tunnel connection"}
{"level":"error","event":0,"ip":"2606:4700:a0::8","connIndex":0,"error":"control stream encountered a failure while serving","time":"2026-09-04T03:16:33Z","message":"Serve tunnel error"}
{"level":"info","event":0,"ip":"2606:4700:a0::8","connIndex":0,"time":"2026-09-04T03:16:33Z","message":"Retrying connection in up to 1m4s"}
{"level":"info","event":0,"ip":"2606:4700:a0::8","connIndex":0,"time":"2026-09-04T03:16:51Z","message":"Tunnel connection curve preferences: [X25519MLKEM768 CurveID(65074) CurveP256]"}
{"level":"error","event":0,"ip":"2606:4700:a0::8","connIndex":0,"error":"context canceled","time":"2026-09-04T03:16:51Z","message":"failed to run the datagram handler"}
{"level":"error","event":0,"ip":"2606:4700:a0::8","connIndex":0,"error":"control stream encountered a failure while serving","time":"2026-09-04T03:16:51Z","message":"failed to serve tunnel connection"}
{"level":"error","event":0,"ip":"2606:4700:a0::8","connIndex":0,"error":"control stream encountered a failure while serving","time":"2026-09-04T03:16:51Z","message":"Serve tunnel error"}
{"level":"info","event":0,"ip":"2606:4700:a0::8","connIndex":0,"time":"2026-09-04T03:16:51Z","message":"Retrying connection in up to 1m4s"}
{"level":"info","event":0,"ip":"2606:4700:a0::8","connIndex":0,"time":"2026-09-04T03:16:57Z","message":"Tunnel connection curve preferences: [X25519MLKEM768 CurveID(65074) CurveP256]"}
{"level":"error","event":0,"ip":"2606:4700:a0::8","connIndex":0,"error":"context canceled","time":"2026-09-04T03:16:57Z","message":"failed to run the datagram handler"}
{"level":"error","event":0,"ip":"2606:4700:a0::8","connIndex":0,"error":"control stream encountered a failure while serving","time":"2026-09-04T03:16:57Z","message":"failed to serve tunnel connection"}
{"level":"error","event":0,"ip":"2606:4700:a0::8","connIndex":0,"error":"control stream encountered a failure while serving","time":"2026-09-04T03:16:57Z","message":"Serve tunnel error"}
{"level":"info","event":0,"ip":"2606:4700:a0::8","connIndex":0,"time":"2026-09-04T03:16:57Z","message":"Retrying connection in up to 1m4s"}
{"level":"info","event":0,"ip":"2606:4700:a0::8","connIndex":0,"time":"2026-09-04T03:17:18Z","message":"Tunnel connection curve preferences: [X25519MLKEM768 CurveID(65074) CurveP256]"}
{"level":"error","event":0,"ip":"2606:4700:a0::8","connIndex":0,"error":"context canceled","time":"2026-09-04T03:17:18Z","message":"failed to run the datagram handler"}
{"level":"error","event":0,"ip":"2606:4700:a0::8","connIndex":0,"error":"control stream encountered a failure while serving","time":"2026-09-04T03:17:18Z","message":"failed to serve tunnel connection"}
{"level":"error","event":0,"ip":"2606:4700:a0::8","connIndex":0,"error":"control stream encountered a failure while serving","time":"2026-09-04T03:17:18Z","message":"Serve tunnel error"}
{"level":"info","event":0,"ip":"2606:4700:a0::8","connIndex":0,"time":"2026-09-04T03:17:18Z","message":"Retrying connection in up to 1m4s"}
{"level":"info","event":0,"ip":"2606:4700:a0::8","connIndex":0,"time":"2026-09-04T03:17:49Z","message":"Tunnel connection curve preferences: [X25519MLKEM768 CurveID(65074) CurveP256]"}
{"level":"error","event":0,"ip":"2606:4700:a0::8","connIndex":0,"error":"context canceled","time":"2026-09-04T03:17:49Z","message":"failed to run the datagram handler"}
{"level":"error","event":0,"ip":"2606:4700:a0::8","connIndex":0,"error":"control stream encountered a failure while serving","time":"2026-09-04T03:17:49Z","message":"failed to serve tunnel connection"}
{"level":"error","event":0,"ip":"2606:4700:a0::8","connIndex":0,"error":"control stream encountered a failure while serving","time":"2026-09-04T03:17:49Z","message":"Serve tunnel error"}
{"level":"info","event":0,"ip":"2606:4700:a0::8","connIndex":0,"time":"2026-09-04T03:17:49Z","message":"Retrying connection in up to 1m4s"}
{"level":"info","event":0,"ip":"2606:4700:a0::8","connIndex":0,"time":"2026-09-04T03:17:50Z","message":"Tunnel connection curve preferences: [X25519MLKEM768 CurveID(65074) CurveP256]"}
{"level":"error","event":0,"ip":"2606:4700:a0::8","connIndex":0,"error":"context canceled","time":"2026-09-04T03:17:50Z","message":"failed to run the datagram handler"}
{"level":"error","event":0,"ip":"2606:4700:a0::8","connIndex":0,"error":"control stream encountered a failure while serving","time":"2026-09-04T03:17:50Z","message":"failed to serve tunnel connection"}
{"level":"error","event":0,"ip":"2606:4700:a0::8","connIndex":0,"error":"control stream encountered a failure while serving","time":"2026-09-04T03:17:50Z","message":"Serve tunnel error"}
{"level":"info","event":0,"ip":"2606:4700:a0::8","connIndex":0,"time":"2026-09-04T03:17:50Z","message":"Retrying connection in up to 1m4s"}
{"level":"info","event":0,"ip":"2606:4700:a0::8","connIndex":0,"time":"2026-09-04T03:18:00Z","message":"Tunnel connection curve preferences: [X25519MLKEM768 CurveID(65074) CurveP256]"}
{"level":"error","event":0,"ip":"2606:4700:a0::8","connIndex":0,"error":"context canceled","time":"2026-09-04T03:18:00Z","message":"failed to run the datagram handler"}
{"level":"error","event":0,"ip":"2606:4700:a0::8","connIndex":0,"error":"control stream encountered a failure while serving","time":"2026-09-04T03:18:00Z","message":"failed to serve tunnel connection"}
{"level":"error","event":0,"ip":"2606:4700:a0::8","connIndex":0,"error":"control stream encountered a failure while serving","time":"2026-09-04T03:18:00Z","message":"Serve tunnel error"}
{"level":"info","event":0,"ip":"2606:4700:a0::8","connIndex":0,"time":"2026-09-04T03:18:00Z","message":"Retrying connection in up to 1m4s"}
{"level":"info","event":0,"ip":"2606:4700:a0::8","connIndex":0,"time":"2026-09-04T03:18:29Z","message":"Tunnel connection curve preferences: [X25519MLKEM768 CurveID(65074) CurveP256]"}
{"level":"error","event":0,"ip":"2606:4700:a0::8","connIndex":0,"error":"context canceled","time":"2026-09-04T03:18:29Z","message":"failed to run the datagram handler"}
{"level":"error","event":0,"ip":"2606:4700:a0::8","connIndex":0,"error":"control stream encountered a failure while serving","time":"2026-09-04T03:18:29Z","message":"failed to serve tunnel connection"}
{"level":"error","event":0,"ip":"2606:4700:a0::8","connIndex":0,"error":"control stream encountered a failure while serving","time":"2026-09-04T03:18:29Z","message":"Serve tunnel error"}
{"level":"info","event":0,"ip":"2606:4700:a0::8","connIndex":0,"time":"2026-09-04T03:18:29Z","message":"Retrying connection in up to 1m4s"}
{"level":"info","event":0,"ip":"2606:4700:a0::8","connIndex":0,"time":"2026-09-04T03:18:34Z","message":"Tunnel connection curve preferences: [X25519MLKEM768 CurveID(65074) CurveP256]"}
{"level":"error","event":0,"ip":"2606:4700:a0::8","connIndex":0,"error":"context canceled","time":"2026-09-04T03:18:34Z","message":"failed to run the datagram handler"}
{"level":"error","event":0,"ip":"2606:4700:a0::8","connIndex":0,"error":"control stream encountered a failure while serving","time":"2026-09-04T03:18:34Z","message":"failed to serve tunnel connection"}
{"level":"error","event":0,"ip":"2606:4700:a0::8","connIndex":0,"error":"control stream encountered a failure while serving","time":"2026-09-04T03:18:34Z","message":"Serve tunnel error"}
{"level":"info","event":0,"ip":"2606:4700:a0::8","connIndex":0,"time":"2026-09-04T03:18:34Z","message":"Retrying connection in up to 1m4s"}
{"level":"info","event":0,"ip":"2606:4700:a0::8","connIndex":0,"time":"2026-09-04T03:18:40Z","message":"Tunnel connection curve preferences: [X25519MLKEM768 CurveID(65074) CurveP256]"}
{"level":"error","event":0,"ip":"2606:4700:a0::8","connIndex":0,"error":"context canceled","time":"2026-09-04T03:18:40Z","message":"failed to run the datagram handler"}
{"level":"error","event":0,"ip":"2606:4700:a0::8","connIndex":0,"error":"control stream encountered a failure while serving","time":"2026-09-04T03:18:40Z","message":"failed to serve tunnel connection"}
{"level":"error","event":0,"ip":"2606:4700:a0::8","connIndex":0,"error":"control stream encountered a failure while serving","time":"2026-09-04T03:18:40Z","message":"Serve tunnel error"}
{"level":"info","event":0,"ip":"2606:4700:a0::8","connIndex":0,"time":"2026-09-04T03:18:40Z","message":"Retrying connection in up to 1m4s"}
{"level":"info","event":0,"ip":"2606:4700:a0::8","connIndex":0,"time":"2026-09-04T03:18:45Z","message":"Tunnel connection curve preferences: [X25519MLKEM768 CurveID(65074) CurveP256]"}
{"level":"error","event":0,"ip":"2606:4700:a0::8","connIndex":0,"error":"context canceled","time":"2026-09-04T03:18:45Z","message":"failed to run the datagram handler"}
{"level":"error","event":0,"ip":"2606:4700:a0::8","connIndex":0,"error":"control stream encountered a failure while serving","time":"2026-09-04T03:18:45Z","message":"failed to serve tunnel connection"}
{"level":"error","event":0,"ip":"2606:4700:a0::8","connIndex":0,"error":"control stream encountered a failure while serving","time":"2026-09-04T03:18:45Z","message":"Serve tunnel error"}
{"level":"info","event":0,"ip":"2606:4700:a0::8","connIndex":0,"time":"2026-09-04T03:18:45Z","message":"Retrying connection in up to 1m4s"}
{"level":"info","event":0,"ip":"2606:4700:a0::8","connIndex":0,"time":"2026-09-04T03:18:57Z","message":"Tunnel connection curve preferences: [X25519MLKEM768 CurveID(65074) CurveP256]"}
{"level":"error","event":0,"ip":"2606:4700:a0::8","connIndex":0,"error":"context canceled","time":"2026-09-04T03:18:57Z","message":"failed to run the datagram handler"}
{"level":"error","event":0,"ip":"2606:4700:a0::8","connIndex":0,"error":"control stream encountered a failure while serving","time":"2026-09-04T03:18:57Z","message":"failed to serve tunnel connection"}
{"level":"error","event":0,"ip":"2606:4700:a0::8","connIndex":0,"error":"control stream encountered a failure while serving","time":"2026-09-04T03:18:57Z","message":"Serve tunnel error"}
{"level":"info","event":0,"ip":"2606:4700:a0::8","connIndex":0,"time":"2026-09-04T03:18:57Z","message":"Retrying connection in up to 1m4s"}
{"level":"info","event":0,"ip":"2606:4700:a0::8","connIndex":0,"time":"2026-09-04T03:18:58Z","message":"Tunnel connection curve preferences: [X25519MLKEM768 CurveID(65074) CurveP256]"}
{"level":"error","event":0,"ip":"2606:4700:a0::8","connIndex":0,"error":"context canceled","time":"2026-09-04T03:18:58Z","message":"failed to run the datagram handler"}
{"level":"error","event":0,"ip":"2606:4700:a0::8","connIndex":0,"error":"control stream encountered a failure while serving","time":"2026-09-04T03:18:58Z","message":"failed to serve tunnel connection"}
{"level":"error","event":0,"ip":"2606:4700:a0::8","connIndex":0,"error":"control stream encountered a failure while serving","time":"2026-09-04T03:18:58Z","message":"Serve tunnel error"}
{"level":"info","event":0,"ip":"2606:4700:a0::8","connIndex":0,"time":"2026-09-04T03:18:58Z","message":"Retrying connection in up to 1m4s"}
{"level":"info","event":0,"ip":"2606:4700:a0::8","connIndex":0,"time":"2026-09-04T03:19:18Z","message":"Tunnel connection curve preferences: [X25519MLKEM768 CurveID(65074) CurveP256]"}
{"level":"error","event":0,"ip":"2606:4700:a0::8","connIndex":0,"error":"context canceled","time":"2026-09-04T03:19:18Z","message":"failed to run the datagram handler"}
{"level":"error","event":0,"ip":"2606:4700:a0::8","connIndex":0,"error":"control stream encountered a failure while serving","time":"2026-09-04T03:19:18Z","message":"failed to serve tunnel connection"}
{"level":"error","event":0,"ip":"2606:4700:a0::8","connIndex":0,"error":"control stream encountered a failure while serving","time":"2026-09-04T03:19:18Z","message":"Serve tunnel error"}
{"level":"info","event":0,"ip":"2606:4700:a0::8","connIndex":0,"time":"2026-09-04T03:19:18Z","message":"Retrying connection in up to 1m4s"}
{"level":"info","event":0,"ip":"2606:4700:a0::8","connIndex":0,"time":"2026-09-04T03:19:26Z","message":"Tunnel connection curve preferences: [X25519MLKEM768 CurveID(65074) CurveP256]"}
{"level":"error","event":0,"ip":"2606:4700:a0::8","connIndex":0,"error":"context canceled","time":"2026-09-04T03:19:26Z","message":"failed to run the datagram handler"}
{"level":"error","event":0,"ip":"2606:4700:a0::8","connIndex":0,"error":"control stream encountered a failure while serving","time":"2026-09-04T03:19:26Z","message":"failed to serve tunnel connection"}
{"level":"error","event":0,"ip":"2606:4700:a0::8","connIndex":0,"error":"control stream encountered a failure while serving","time":"2026-09-04T03:19:26Z","message":"Serve tunnel error"}
{"level":"info","event":0,"ip":"2606:4700:a0::8","connIndex":0,"time":"2026-09-04T03:19:26Z","message":"Retrying connection in up to 1m4s"}
{"level":"info","event":0,"ip":"2606:4700:a0::8","connIndex":0,"time":"2026-09-04T03:19:55Z","message":"Tunnel connection curve preferences: [X25519MLKEM768 CurveID(65074) CurveP256]"}
{"level":"error","event":0,"ip":"2606:4700:a0::8","connIndex":0,"error":"context canceled","time":"2026-09-04T03:19:55Z","message":"failed to run the datagram handler"}
{"level":"error","event":0,"ip":"2606:4700:a0::8","connIndex":0,"error":"control stream encountered a failure while serving","time":"2026-09-04T03:19:55Z","message":"failed to serve tunnel connection"}
{"level":"error","event":0,"ip":"2606:4700:a0::8","connIndex":0,"error":"control stream encountered a failure while serving","time":"2026-09-04T03:19:55Z","message":"Serve tunnel error"}
{"level":"info","event":0,"ip":"2606:4700:a0::8","connIndex":0,"time":"2026-09-04T03:19:55Z","message":"Retrying connection in up to 1m4s"}
{"level":"info","event":0,"ip":"2606:4700:a0::8","connIndex":0,"time":"2026-09-04T03:20:04Z","message":"Tunnel connection curve preferences: [X25519MLKEM768 CurveID(65074) CurveP256]"}
{"level":"error","event":0,"ip":"2606:4700:a0::8","connIndex":0,"error":"context canceled","time":"2026-09-04T03:20:04Z","message":"failed to run the datagram handler"}
{"level":"error","event":0,"ip":"2606:4700:a0::8","connIndex":0,"error":"control stream encountered a failure while serving","time":"2026-09-04T03:20:04Z","message":"failed to serve tunnel connection"}
{"level":"error","event":0,"ip":"2606:4700:a0::8","connIndex":0,"error":"control stream encountered a failure while serving","time":"2026-09-04T03:20:04Z","message":"Serve tunnel error"}
{"level":"info","event":0,"ip":"2606:4700:a0::8","connIndex":0,"time":"2026-09-04T03:20:04Z","message":"Retrying connection in up to 1m4s"}
{"level":"info","event":0,"ip":"2606:4700:a0::8","connIndex":0,"time":"2026-09-04T03:20:05Z","message":"Tunnel connection curve preferences: [X25519MLKEM768 CurveID(65074) CurveP256]"}
{"level":"error","event":0,"ip":"2606:4700:a0::8","connIndex":0,"error":"context canceled","time":"2026-09-04T03:20:05Z","message":"failed to run the datagram handler"}
{"level":"error","event":0,"ip":"2606:4700:a0::8","connIndex":0,"error":"control stream encountered a failure while serving","time":"2026-09-04T03:20:05Z","message":"failed to serve tunnel connection"}
{"level":"error","event":0,"ip":"2606:4700:a0::8","connIndex":0,"error":"control stream encountered a failure while serving","time":"2026-09-04T03:20:05Z","message":"Serve tunnel error"}
{"level":"info","event":0,"ip":"2606:4700:a0::8","connIndex":0,"time":"2026-09-04T03:20:05Z","message":"Retrying connection in up to 1m4s"}
{"level":"info","event":0,"ip":"2606:4700:a0::8","connIndex":0,"time":"2026-09-04T03:20:18Z","message":"Tunnel connection curve preferences: [X25519MLKEM768 CurveID(65074) CurveP256]"}
{"level":"error","event":0,"ip":"2606:4700:a0::8","connIndex":0,"error":"context canceled","time":"2026-09-04T03:20:18Z","message":"failed to run the datagram handler"}
{"level":"error","event":0,"ip":"2606:4700:a0::8","connIndex":0,"error":"control stream encountered a failure while serving","time":"2026-09-04T03:20:18Z","message":"failed to serve tunnel connection"}
{"level":"error","event":0,"ip":"2606:4700:a0::8","connIndex":0,"error":"control stream encountered a failure while serving","time":"2026-09-04T03:20:18Z","message":"Serve tunnel error"}
{"level":"info","event":0,"ip":"2606:4700:a0::8","connIndex":0,"time":"2026-09-04T03:20:18Z","message":"Retrying connection in up to 1m4s"}
{"level":"info","event":0,"ip":"2606:4700:a0::8","connIndex":0,"time":"2026-09-04T03:20:24Z","message":"Tunnel connection curve preferences: [X25519MLKEM768 CurveID(65074) CurveP256]"}
{"level":"error","event":0,"ip":"2606:4700:a0::8","connIndex":0,"error":"context canceled","time":"2026-09-04T03:20:24Z","message":"failed to run the datagram handler"}
{"level":"error","event":0,"ip":"2606:4700:a0::8","connIndex":0,"error":"control stream encountered a failure while serving","time":"2026-09-04T03:20:24Z","message":"failed to serve tunnel connection"}
{"level":"error","event":0,"ip":"2606:4700:a0::8","connIndex":0,"error":"control stream encountered a failure while serving","time":"2026-09-04T03:20:24Z","message":"Serve tunnel error"}
{"level":"info","event":0,"ip":"2606:4700:a0::8","connIndex":0,"time":"2026-09-04T03:20:24Z","message":"Retrying connection in up to 1m4s"}
{"level":"info","event":0,"ip":"2606:4700:a0::8","connIndex":0,"time":"2026-09-04T03:20:43Z","message":"Tunnel connection curve preferences: [X25519MLKEM768 CurveID(65074) CurveP256]"}
{"level":"error","event":0,"ip":"2606:4700:a0::8","connIndex":0,"error":"context canceled","time":"2026-09-04T03:20:43Z","message":"failed to run the datagram handler"}
{"level":"error","event":0,"ip":"2606:4700:a0::8","connIndex":0,"error":"control stream encountered a failure while serving","time":"2026-09-04T03:20:43Z","message":"failed to serve tunnel connection"}
{"level":"error","event":0,"ip":"2606:4700:a0::8","connIndex":0,"error":"control stream encountered a failure while serving","time":"2026-09-04T03:20:43Z","message":"Serve tunnel error"}
{"level":"info","event":0,"ip":"2606:4700:a0::8","connIndex":0,"time":"2026-09-04T03:20:43Z","message":"Retrying connection in up to 1m4s"}
{"level":"info","event":0,"ip":"2606:4700:a0::8","connIndex":0,"time":"2026-09-04T03:20:46Z","message":"Tunnel connection curve preferences: [X25519MLKEM768 CurveID(65074) CurveP256]"}
{"level":"error","event":0,"ip":"2606:4700:a0::8","connIndex":0,"error":"context canceled","time":"2026-09-04T03:20:46Z","message":"failed to run the datagram handler"}
{"level":"error","event":0,"ip":"2606:4700:a0::8","connIndex":0,"error":"control stream encountered a failure while serving","time":"2026-09-04T03:20:46Z","message":"failed to serve tunnel connection"}
{"level":"error","event":0,"ip":"2606:4700:a0::8","connIndex":0,"error":"control stream encountered a failure while serving","time":"2026-09-04T03:20:46Z","message":"Serve tunnel error"}
{"level":"info","event":0,"ip":"2606:4700:a0::8","connIndex":0,"time":"2026-09-04T03:20:46Z","message":"Retrying connection in up to 1m4s"}
{"level":"info","event":0,"ip":"2606:4700:a0::8","connIndex":0,"time":"2026-09-04T03:20:52Z","message":"Tunnel connection curve preferences: [X25519MLKEM768 CurveID(65074) CurveP256]"}
{"level":"error","event":0,"ip":"2606:4700:a0::8","connIndex":0,"error":"context canceled","time":"2026-09-04T03:20:52Z","message":"failed to run the datagram handler"}
{"level":"error","event":0,"ip":"2606:4700:a0::8","connIndex":0,"error":"control stream encountered a failure while serving","time":"2026-09-04T03:20:52Z","message":"failed to serve tunnel connection"}
{"level":"error","event":0,"ip":"2606:4700:a0::8","connIndex":0,"error":"control stream encountered a failure while serving","time":"2026-09-04T03:20:52Z","message":"Serve tunnel error"}
{"level":"info","event":0,"ip":"2606:4700:a0::8","connIndex":0,"time":"2026-09-04T03:20:52Z","message":"Retrying connection in up to 1m4s"}
{"level":"info","event":0,"ip":"2606:4700:a0::8","connIndex":0,"time":"2026-09-04T03:21:14Z","message":"Tunnel connection curve preferences: [X25519MLKEM768 CurveID(65074) CurveP256]"}
{"level":"error","event":0,"ip":"2606:4700:a0::8","connIndex":0,"error":"context canceled","time":"2026-09-04T03:21:14Z","message":"failed to run the datagram handler"}
{"level":"error","event":0,"ip":"2606:4700:a0::8","connIndex":0,"error":"control stream encountered a failure while serving","time":"2026-09-04T03:21:14Z","message":"failed to serve tunnel connection"}
{"level":"error","event":0,"ip":"2606:4700:a0::8","connIndex":0,"error":"control stream encountered a failure while serving","time":"2026-09-04T03:21:14Z","message":"Serve tunnel error"}
{"level":"info","event":0,"ip":"2606:4700:a0::8","connIndex":0,"time":"2026-09-04T03:21:14Z","message":"Retrying connection in up to 1m4s"}
{"level":"info","event":0,"ip":"2606:4700:a0::8","connIndex":0,"time":"2026-09-04T03:21:19Z","message":"Tunnel connection curve preferences: [X25519MLKEM768 CurveID(65074) CurveP256]"}
{"level":"error","event":0,"ip":"2606:4700:a0::8","connIndex":0,"error":"context canceled","time":"2026-09-04T03:21:19Z","message":"failed to run the datagram handler"}
{"level":"error","event":0,"ip":"2606:4700:a0::8","connIndex":0,"error":"control stream encountered a failure while serving","time":"2026-09-04T03:21:19Z","message":"failed to serve tunnel connection"}
{"level":"error","event":0,"ip":"2606:4700:a0::8","connIndex":0,"error":"control stream encountered a failure while serving","time":"2026-09-04T03:21:19Z","message":"Serve tunnel error"}
{"level":"info","event":0,"ip":"2606:4700:a0::8","connIndex":0,"time":"2026-09-04T03:21:19Z","message":"Retrying connection in up to 1m4s"}
{"level":"info","event":0,"ip":"2606:4700:a0::8","connIndex":0,"time":"2026-09-04T03:21:44Z","message":"Tunnel connection curve preferences: [X25519MLKEM768 CurveID(65074) CurveP256]"}
{"level":"error","event":0,"ip":"2606:4700:a0::8","connIndex":0,"error":"context canceled","time":"2026-09-04T03:21:44Z","message":"failed to run the datagram handler"}
{"level":"error","event":0,"ip":"2606:4700:a0::8","connIndex":0,"error":"control stream encountered a failure while serving","time":"2026-09-04T03:21:44Z","message":"failed to serve tunnel connection"}
{"level":"error","event":0,"ip":"2606:4700:a0::8","connIndex":0,"error":"control stream encountered a failure while serving","time":"2026-09-04T03:21:44Z","message":"Serve tunnel error"}
{"level":"info","event":0,"ip":"2606:4700:a0::8","connIndex":0,"time":"2026-09-04T03:21:44Z","message":"Retrying connection in up to 1m4s"}
{"level":"info","event":0,"ip":"2606:4700:a0::8","connIndex":0,"time":"2026-09-04T03:22:09Z","message":"Tunnel connection curve preferences: [X25519MLKEM768 CurveID(65074) CurveP256]"}
{"level":"error","event":0,"ip":"2606:4700:a0::8","connIndex":0,"error":"context canceled","time":"2026-09-04T03:22:09Z","message":"failed to run the datagram handler"}
{"level":"error","event":0,"ip":"2606:4700:a0::8","connIndex":0,"error":"control stream encountered a failure while serving","time":"2026-09-04T03:22:09Z","message":"failed to serve tunnel connection"}
{"level":"error","event":0,"ip":"2606:4700:a0::8","connIndex":0,"error":"control stream encountered a failure while serving","time":"2026-09-04T03:22:09Z","message":"Serve tunnel error"}
{"level":"info","event":0,"ip":"2606:4700:a0::8","connIndex":0,"time":"2026-09-04T03:22:09Z","message":"Retrying connection in up to 1m4s"}
{"level":"info","event":0,"ip":"2606:4700:a0::8","connIndex":0,"time":"2026-09-04T03:22:20Z","message":"Tunnel connection curve preferences: [X25519MLKEM768 CurveID(65074) CurveP256]"}
{"level":"error","event":0,"ip":"2606:4700:a0::8","connIndex":0,"error":"context canceled","time":"2026-09-04T03:22:20Z","message":"failed to run the datagram handler"}
{"level":"error","event":0,"ip":"2606:4700:a0::8","connIndex":0,"error":"control stream encountered a failure while serving","time":"2026-09-04T03:22:20Z","message":"failed to serve tunnel connection"}
{"level":"error","event":0,"ip":"2606:4700:a0::8","connIndex":0,"error":"control stream encountered a failure while serving","time":"2026-09-04T03:22:20Z","message":"Serve tunnel error"}
{"level":"info","event":0,"ip":"2606:4700:a0::8","connIndex":0,"time":"2026-09-04T03:22:20Z","message":"Retrying connection in up to 1m4s"}
{"level":"info","event":0,"ip":"2606:4700:a0::8","connIndex":0,"time":"2026-09-04T03:22:39Z","message":"Tunnel connection curve preferences: [X25519MLKEM768 CurveID(65074) CurveP256]"}
{"level":"error","event":0,"ip":"2606:4700:a0::8","connIndex":0,"error":"context canceled","time":"2026-09-04T03:22:39Z","message":"failed to run the datagram handler"}
{"level":"error","event":0,"ip":"2606:4700:a0::8","connIndex":0,"error":"control stream encountered a failure while serving","time":"2026-09-04T03:22:39Z","message":"failed to serve tunnel connection"}
{"level":"error","event":0,"ip":"2606:4700:a0::8","connIndex":0,"error":"control stream encountered a failure while serving","time":"2026-09-04T03:22:39Z","message":"Serve tunnel error"}
{"level":"info","event":0,"ip":"2606:4700:a0::8","connIndex":0,"time":"2026-09-04T03:22:39Z","message":"Retrying connection in up to 1m4s"}
{"level":"info","event":0,"ip":"2606:4700:a0::8","connIndex":0,"time":"2026-09-04T03:23:06Z","message":"Tunnel connection curve preferences: [X25519MLKEM768 CurveID(65074) CurveP256]"}
{"level":"error","event":0,"ip":"2606:4700:a0::8","connIndex":0,"error":"context canceled","time":"2026-09-04T03:23:06Z","message":"failed to run the datagram handler"}
{"level":"error","event":0,"ip":"2606:4700:a0::8","connIndex":0,"error":"control stream encountered a failure while serving","time":"2026-09-04T03:23:06Z","message":"failed to serve tunnel connection"}
{"level":"error","event":0,"ip":"2606:4700:a0::8","connIndex":0,"error":"control stream encountered a failure while serving","time":"2026-09-04T03:23:06Z","message":"Serve tunnel error"}
{"level":"info","event":0,"ip":"2606:4700:a0::8","connIndex":0,"time":"2026-09-04T03:23:06Z","message":"Retrying connection in up to 1m4s"}
{"level":"info","event":0,"ip":"2606:4700:a0::8","connIndex":0,"time":"2026-09-04T03:23:06Z","message":"Tunnel connection curve preferences: [X25519MLKEM768 CurveID(65074) CurveP256]"}
{"level":"error","event":0,"ip":"2606:4700:a0::8","connIndex":0,"error":"context canceled","time":"2026-09-04T03:23:06Z","message":"failed to run the datagram handler"}
{"level":"error","event":0,"ip":"2606:4700:a0::8","connIndex":0,"error":"control stream encountered a failure while serving","time":"2026-09-04T03:23:06Z","message":"failed to serve tunnel connection"}
{"level":"error","event":0,"ip":"2606:4700:a0::8","connIndex":0,"error":"control stream encountered a failure while serving","time":"2026-09-04T03:23:06Z","message":"Serve tunnel error"}
{"level":"info","event":0,"ip":"2606:4700:a0::8","connIndex":0,"time":"2026-09-04T03:23:06Z","message":"Retrying connection in up to 1m4s"}
{"level":"info","event":0,"ip":"2606:4700:a0::8","connIndex":0,"time":"2026-09-04T03:23:34Z","message":"Tunnel connection curve preferences: [X25519MLKEM768 CurveID(65074) CurveP256]"}
{"level":"error","event":0,"ip":"2606:4700:a0::8","connIndex":0,"error":"context canceled","time":"2026-09-04T03:23:34Z","message":"failed to run the datagram handler"}
{"level":"error","event":0,"ip":"2606:4700:a0::8","connIndex":0,"error":"control stream encountered a failure while serving","time":"2026-09-04T03:23:34Z","message":"failed to serve tunnel connection"}
{"level":"error","event":0,"ip":"2606:4700:a0::8","connIndex":0,"error":"control stream encountered a failure while serving","time":"2026-09-04T03:23:34Z","message":"Serve tunnel error"}
{"level":"info","event":0,"ip":"2606:4700:a0::8","connIndex":0,"time":"2026-09-04T03:23:34Z","message":"Retrying connection in up to 1m4s"}
{"level":"info","event":0,"ip":"2606:4700:a0::8","connIndex":0,"time":"2026-09-04T03:24:01Z","message":"Tunnel connection curve preferences: [X25519MLKEM768 CurveID(65074) CurveP256]"}
{"level":"error","event":0,"ip":"2606:4700:a0::8","connIndex":0,"error":"context canceled","time":"2026-09-04T03:24:01Z","message":"failed to run the datagram handler"}
{"level":"error","event":0,"ip":"2606:4700:a0::8","connIndex":0,"error":"control stream encountered a failure while serving","time":"2026-09-04T03:24:01Z","message":"failed to serve tunnel connection"}
{"level":"error","event":0,"ip":"2606:4700:a0::8","connIndex":0,"error":"control stream encountered a failure while serving","time":"2026-09-04T03:24:01Z","message":"Serve tunnel error"}
{"level":"info","event":0,"ip":"2606:4700:a0::8","connIndex":0,"time":"2026-09-04T03:24:01Z","message":"Retrying connection in up to 1m4s"}
{"level":"info","event":0,"ip":"2606:4700:a0::8","connIndex":0,"time":"2026-09-04T03:24:07Z","message":"Tunnel connection curve preferences: [X25519MLKEM768 CurveID(65074) CurveP256]"}
{"level":"error","event":0,"ip":"2606:4700:a0::8","connIndex":0,"error":"context canceled","time":"2026-09-04T03:24:07Z","message":"failed to run the datagram handler"}
{"level":"error","event":0,"ip":"2606:4700:a0::8","connIndex":0,"error":"control stream encountered a failure while serving","time":"2026-09-04T03:24:07Z","message":"failed to serve tunnel connection"}
{"level":"error","event":0,"ip":"2606:4700:a0::8","connIndex":0,"error":"control stream encountered a failure while serving","time":"2026-09-04T03:24:07Z","message":"Serve tunnel error"}
{"level":"info","event":0,"ip":"2606:4700:a0::8","connIndex":0,"time":"2026-09-04T03:24:07Z","message":"Retrying connection in up to 1m4s"}
{"level":"info","event":0,"ip":"2606:4700:a0::8","connIndex":0,"time":"2026-09-04T03:24:34Z","message":"Tunnel connection curve preferences: [X25519MLKEM768 CurveID(65074) CurveP256]"}
{"level":"error","event":0,"ip":"2606:4700:a0::8","connIndex":0,"error":"context canceled","time":"2026-09-04T03:24:34Z","message":"failed to run the datagram handler"}
{"level":"error","event":0,"ip":"2606:4700:a0::8","connIndex":0,"error":"control stream encountered a failure while serving","time":"2026-09-04T03:24:34Z","message":"failed to serve tunnel connection"}
{"level":"error","event":0,"ip":"2606:4700:a0::8","connIndex":0,"error":"control stream encountered a failure while serving","time":"2026-09-04T03:24:34Z","message":"Serve tunnel error"}
{"level":"info","event":0,"ip":"2606:4700:a0::8","connIndex":0,"time":"2026-09-04T03:24:34Z","message":"Retrying connection in up to 1m4s"}
{"level":"info","event":0,"ip":"2606:4700:a0::8","connIndex":0,"time":"2026-09-04T03:24:34Z","message":"Tunnel connection curve preferences: [X25519MLKEM768 CurveID(65074) CurveP256]"}
{"level":"error","event":0,"ip":"2606:4700:a0::8","connIndex":0,"error":"context canceled","time":"2026-09-04T03:24:35Z","message":"failed to run the datagram handler"}
{"level":"error","event":0,"ip":"2606:4700:a0::8","connIndex":0,"error":"control stream encountered a failure while serving","time":"2026-09-04T03:24:35Z","message":"failed to serve tunnel connection"}
{"level":"error","event":0,"ip":"2606:4700:a0::8","connIndex":0,"error":"control stream encountered a failure while serving","time":"2026-09-04T03:24:35Z","message":"Serve tunnel error"}
{"level":"info","event":0,"ip":"2606:4700:a0::8","connIndex":0,"time":"2026-09-04T03:24:35Z","message":"Retrying connection in up to 1m4s"}
{"level":"info","event":0,"ip":"2606:4700:a0::8","connIndex":0,"time":"2026-09-04T03:24:40Z","message":"Tunnel connection curve preferences: [X25519MLKEM768 CurveID(65074) CurveP256]"}
{"level":"error","event":0,"ip":"2606:4700:a0::8","connIndex":0,"error":"context canceled","time":"2026-09-04T03:24:40Z","message":"failed to run the datagram handler"}
{"level":"error","event":0,"ip":"2606:4700:a0::8","connIndex":0,"error":"control stream encountered a failure while serving","time":"2026-09-04T03:24:40Z","message":"failed to serve tunnel connection"}
{"level":"error","event":0,"ip":"2606:4700:a0::8","connIndex":0,"error":"control stream encountered a failure while serving","time":"2026-09-04T03:24:40Z","message":"Serve tunnel error"}
{"level":"info","event":0,"ip":"2606:4700:a0::8","connIndex":0,"time":"2026-09-04T03:24:40Z","message":"Retrying connection in up to 1m4s"}
{"level":"info","event":0,"ip":"2606:4700:a0::8","connIndex":0,"time":"2026-09-04T03:24:53Z","message":"Tunnel connection curve preferences: [X25519MLKEM768 CurveID(65074) CurveP256]"}
{"level":"error","event":0,"ip":"2606:4700:a0::8","connIndex":0,"error":"context canceled","time":"2026-09-04T03:24:53Z","message":"failed to run the datagram handler"}
{"level":"error","event":0,"ip":"2606:4700:a0::8","connIndex":0,"error":"control stream encountered a failure while serving","time":"2026-09-04T03:24:53Z","message":"failed to serve tunnel connection"}
{"level":"error","event":0,"ip":"2606:4700:a0::8","connIndex":0,"error":"control stream encountered a failure while serving","time":"2026-09-04T03:24:53Z","message":"Serve tunnel error"}
{"level":"info","event":0,"ip":"2606:4700:a0::8","connIndex":0,"time":"2026-09-04T03:24:53Z","message":"Retrying connection in up to 1m4s"}
{"level":"info","event":0,"ip":"2606:4700:a0::8","connIndex":0,"time":"2026-09-04T03:25:05Z","message":"Tunnel connection curve preferences: [X25519MLKEM768 CurveID(65074) CurveP256]"}
{"level":"error","event":0,"ip":"2606:4700:a0::8","connIndex":0,"error":"context canceled","time":"2026-09-04T03:25:05Z","message":"failed to run the datagram handler"}
{"level":"error","event":0,"ip":"2606:4700:a0::8","connIndex":0,"error":"control stream encountered a failure while serving","time":"2026-09-04T03:25:05Z","message":"failed to serve tunnel connection"}
{"level":"error","event":0,"ip":"2606:4700:a0::8","connIndex":0,"error":"control stream encountered a failure while serving","time":"2026-09-04T03:25:05Z","message":"Serve tunnel error"}
{"level":"info","event":0,"ip":"2606:4700:a0::8","connIndex":0,"time":"2026-09-04T03:25:05Z","message":"Retrying connection in up to 1m4s"}
{"level":"info","event":0,"ip":"2606:4700:a0::8","connIndex":0,"time":"2026-09-04T03:25:21Z","message":"Tunnel connection curve preferences: [X25519MLKEM768 CurveID(65074) CurveP256]"}
{"level":"error","event":0,"ip":"2606:4700:a0::8","connIndex":0,"error":"context canceled","time":"2026-09-04T03:25:22Z","message":"failed to run the datagram handler"}
{"level":"error","event":0,"ip":"2606:4700:a0::8","connIndex":0,"error":"control stream encountered a failure while serving","time":"2026-09-04T03:25:22Z","message":"failed to serve tunnel connection"}
{"level":"error","event":0,"ip":"2606:4700:a0::8","connIndex":0,"error":"control stream encountered a failure while serving","time":"2026-09-04T03:25:22Z","message":"Serve tunnel error"}
{"level":"info","event":0,"ip":"2606:4700:a0::8","connIndex":0,"time":"2026-09-04T03:25:22Z","message":"Retrying connection in up to 1m4s"}
{"level":"info","event":0,"ip":"2606:4700:a0::8","connIndex":0,"time":"2026-09-04T03:25:50Z","message":"Tunnel connection curve preferences: [X25519MLKEM768 CurveID(65074) CurveP256]"}
{"level":"error","event":0,"ip":"2606:4700:a0::8","connIndex":0,"error":"context canceled","time":"2026-09-04T03:25:50Z","message":"failed to run the datagram handler"}
{"level":"error","event":0,"ip":"2606:4700:a0::8","connIndex":0,"error":"control stream encountered a failure while serving","time":"2026-09-04T03:25:50Z","message":"failed to serve tunnel connection"}
{"level":"error","event":0,"ip":"2606:4700:a0::8","connIndex":0,"error":"control stream encountered a failure while serving","time":"2026-09-04T03:25:50Z","message":"Serve tunnel error"}
{"level":"info","event":0,"ip":"2606:4700:a0::8","connIndex":0,"time":"2026-09-04T03:25:50Z","message":"Retrying connection in up to 1m4s"}
{"level":"info","event":0,"ip":"2606:4700:a0::8","connIndex":0,"time":"2026-09-04T03:26:19Z","message":"Tunnel connection curve preferences: [X25519MLKEM768 CurveID(65074) CurveP256]"}
{"level":"error","event":0,"ip":"2606:4700:a0::8","connIndex":0,"error":"context canceled","time":"2026-09-04T03:26:19Z","message":"failed to run the datagram handler"}
{"level":"error","event":0,"ip":"2606:4700:a0::8","connIndex":0,"error":"control stream encountered a failure while serving","time":"2026-09-04T03:26:19Z","message":"failed to serve tunnel connection"}
{"level":"error","event":0,"ip":"2606:4700:a0::8","connIndex":0,"error":"control stream encountered a failure while serving","time":"2026-09-04T03:26:19Z","message":"Serve tunnel error"}
{"level":"info","event":0,"ip":"2606:4700:a0::8","connIndex":0,"time":"2026-09-04T03:26:19Z","message":"Retrying connection in up to 1m4s"}
{"level":"info","event":0,"ip":"2606:4700:a0::8","connIndex":0,"time":"2026-09-04T03:26:21Z","message":"Tunnel connection curve preferences: [X25519MLKEM768 CurveID(65074) CurveP256]"}
{"level":"error","event":0,"ip":"2606:4700:a0::8","connIndex":0,"error":"context canceled","time":"2026-09-04T03:26:21Z","message":"failed to run the datagram handler"}
{"level":"error","event":0,"ip":"2606:4700:a0::8","connIndex":0,"error":"control stream encountered a failure while serving","time":"2026-09-04T03:26:21Z","message":"failed to serve tunnel connection"}
{"level":"error","event":0,"ip":"2606:4700:a0::8","connIndex":0,"error":"control stream encountered a failure while serving","time":"2026-09-04T03:26:21Z","message":"Serve tunnel error"}
{"level":"info","event":0,"ip":"2606:4700:a0::8","connIndex":0,"time":"2026-09-04T03:26:21Z","message":"Retrying connection in up to 1m4s"}
{"level":"info","event":0,"ip":"2606:4700:a0::8","connIndex":0,"time":"2026-09-04T03:26:32Z","message":"Tunnel connection curve preferences: [X25519MLKEM768 CurveID(65074) CurveP256]"}
{"level":"error","event":0,"ip":"2606:4700:a0::8","connIndex":0,"error":"context canceled","time":"2026-09-04T03:26:32Z","message":"failed to run the datagram handler"}
{"level":"error","event":0,"ip":"2606:4700:a0::8","connIndex":0,"error":"control stream encountered a failure while serving","time":"2026-09-04T03:26:32Z","message":"failed to serve tunnel connection"}
{"level":"error","event":0,"ip":"2606:4700:a0::8","connIndex":0,"error":"control stream encountered a failure while serving","time":"2026-09-04T03:26:32Z","message":"Serve tunnel error"}
{"level":"info","event":0,"ip":"2606:4700:a0::8","connIndex":0,"time":"2026-09-04T03:26:32Z","message":"Retrying connection in up to 1m4s"}
{"level":"info","event":0,"ip":"2606:4700:a0::8","connIndex":0,"time":"2026-09-04T03:26:56Z","message":"Tunnel connection curve preferences: [X25519MLKEM768 CurveID(65074) CurveP256]"}
{"level":"error","event":0,"ip":"2606:4700:a0::8","connIndex":0,"error":"context canceled","time":"2026-09-04T03:26:56Z","message":"failed to run the datagram handler"}
{"level":"error","event":0,"ip":"2606:4700:a0::8","connIndex":0,"error":"control stream encountered a failure while serving","time":"2026-09-04T03:26:56Z","message":"failed to serve tunnel connection"}
{"level":"error","event":0,"ip":"2606:4700:a0::8","connIndex":0,"error":"control stream encountered a failure while serving","time":"2026-09-04T03:26:56Z","message":"Serve tunnel error"}
{"level":"info","event":0,"ip":"2606:4700:a0::8","connIndex":0,"time":"2026-09-04T03:26:56Z","message":"Retrying connection in up to 1m4s"}
{"level":"info","event":0,"ip":"2606:4700:a0::8","connIndex":0,"time":"2026-09-04T03:26:57Z","message":"Tunnel connection curve preferences: [X25519MLKEM768 CurveID(65074) CurveP256]"}
{"level":"error","event":0,"ip":"2606:4700:a0::8","connIndex":0,"error":"context canceled","time":"2026-09-04T03:26:57Z","message":"failed to run the datagram handler"}
{"level":"error","event":0,"ip":"2606:4700:a0::8","connIndex":0,"error":"control stream encountered a failure while serving","time":"2026-09-04T03:26:57Z","message":"failed to serve tunnel connection"}
{"level":"error","event":0,"ip":"2606:4700:a0::8","connIndex":0,"error":"control stream encountered a failure while serving","time":"2026-09-04T03:26:57Z","message":"Serve tunnel error"}
{"level":"info","event":0,"ip":"2606:4700:a0::8","connIndex":0,"time":"2026-09-04T03:26:57Z","message":"Retrying connection in up to 1m4s"}
{"level":"info","event":0,"ip":"2606:4700:a0::8","connIndex":0,"time":"2026-09-04T03:27:07Z","message":"Tunnel connection curve preferences: [X25519MLKEM768 CurveID(65074) CurveP256]"}
{"level":"error","event":0,"ip":"2606:4700:a0::8","connIndex":0,"error":"context canceled","time":"2026-09-04T03:27:07Z","message":"failed to run the datagram handler"}
{"level":"error","event":0,"ip":"2606:4700:a0::8","connIndex":0,"error":"control stream encountered a failure while serving","time":"2026-09-04T03:27:07Z","message":"failed to serve tunnel connection"}
{"level":"error","event":0,"ip":"2606:4700:a0::8","connIndex":0,"error":"control stream encountered a failure while serving","time":"2026-09-04T03:27:07Z","message":"Serve tunnel error"}
{"level":"info","event":0,"ip":"2606:4700:a0::8","connIndex":0,"time":"2026-09-04T03:27:07Z","message":"Retrying connection in up to 1m4s"}
{"level":"info","event":0,"ip":"2606:4700:a0::8","connIndex":0,"time":"2026-09-04T03:27:14Z","message":"Tunnel connection curve preferences: [X25519MLKEM768 CurveID(65074) CurveP256]"}
{"level":"error","event":0,"ip":"2606:4700:a0::8","connIndex":0,"error":"context canceled","time":"2026-09-04T03:27:14Z","message":"failed to run the datagram handler"}
{"level":"error","event":0,"ip":"2606:4700:a0::8","connIndex":0,"error":"control stream encountered a failure while serving","time":"2026-09-04T03:27:14Z","message":"failed to serve tunnel connection"}
{"level":"error","event":0,"ip":"2606:4700:a0::8","connIndex":0,"error":"control stream encountered a failure while serving","time":"2026-09-04T03:27:14Z","message":"Serve tunnel error"}
{"level":"info","event":0,"ip":"2606:4700:a0::8","connIndex":0,"time":"2026-09-04T03:27:14Z","message":"Retrying connection in up to 1m4s"}
{"level":"info","event":0,"ip":"2606:4700:a0::8","connIndex":0,"time":"2026-09-04T03:27:32Z","message":"Tunnel connection curve preferences: [X25519MLKEM768 CurveID(65074) CurveP256]"}
{"level":"error","event":0,"ip":"2606:4700:a0::8","connIndex":0,"error":"context canceled","time":"2026-09-04T03:27:32Z","message":"failed to run the datagram handler"}
{"level":"error","event":0,"ip":"2606:4700:a0::8","connIndex":0,"error":"control stream encountered a failure while serving","time":"2026-09-04T03:27:32Z","message":"failed to serve tunnel connection"}
{"level":"error","event":0,"ip":"2606:4700:a0::8","connIndex":0,"error":"control stream encountered a failure while serving","time":"2026-09-04T03:27:32Z","message":"Serve tunnel error"}
{"level":"info","event":0,"ip":"2606:4700:a0::8","connIndex":0,"time":"2026-09-04T03:27:32Z","message":"Retrying connection in up to 1m4s"}
{"level":"info","event":0,"ip":"2606:4700:a0::8","connIndex":0,"time":"2026-09-04T03:27:59Z","message":"Tunnel connection curve preferences: [X25519MLKEM768 CurveID(65074) CurveP256]"}
{"level":"error","event":0,"ip":"2606:4700:a0::8","connIndex":0,"error":"context canceled","time":"2026-09-04T03:27:59Z","message":"failed to run the datagram handler"}
{"level":"error","event":0,"ip":"2606:4700:a0::8","connIndex":0,"error":"control stream encountered a failure while serving","time":"2026-09-04T03:27:59Z","message":"failed to serve tunnel connection"}
{"level":"error","event":0,"ip":"2606:4700:a0::8","connIndex":0,"error":"control stream encountered a failure while serving","time":"2026-09-04T03:27:59Z","message":"Serve tunnel error"}
{"level":"info","event":0,"ip":"2606:4700:a0::8","connIndex":0,"time":"2026-09-04T03:27:59Z","message":"Retrying connection in up to 1m4s"}
{"level":"info","event":0,"ip":"2606:4700:a0::8","connIndex":0,"time":"2026-09-04T03:28:10Z","message":"Tunnel connection curve preferences: [X25519MLKEM768 CurveID(65074) CurveP256]"}
{"level":"error","event":0,"ip":"2606:4700:a0::8","connIndex":0,"error":"context canceled","time":"2026-09-04T03:28:10Z","message":"failed to run the datagram handler"}
{"level":"error","event":0,"ip":"2606:4700:a0::8","connIndex":0,"error":"control stream encountered a failure while serving","time":"2026-09-04T03:28:10Z","message":"failed to serve tunnel connection"}
{"level":"error","event":0,"ip":"2606:4700:a0::8","connIndex":0,"error":"control stream encountered a failure while serving","time":"2026-09-04T03:28:10Z","message":"Serve tunnel error"}
{"level":"info","event":0,"ip":"2606:4700:a0::8","connIndex":0,"time":"2026-09-04T03:28:10Z","message":"Retrying connection in up to 1m4s"}
{"level":"info","event":0,"ip":"2606:4700:a0::8","connIndex":0,"time":"2026-09-04T03:28:11Z","message":"Tunnel connection curve preferences: [X25519MLKEM768 CurveID(65074) CurveP256]"}
{"level":"error","event":0,"ip":"2606:4700:a0::8","connIndex":0,"error":"context canceled","time":"2026-09-04T03:28:11Z","message":"failed to run the datagram handler"}
{"level":"error","event":0,"ip":"2606:4700:a0::8","connIndex":0,"error":"control stream encountered a failure while serving","time":"2026-09-04T03:28:11Z","message":"failed to serve tunnel connection"}
{"level":"error","event":0,"ip":"2606:4700:a0::8","connIndex":0,"error":"control stream encountered a failure while serving","time":"2026-09-04T03:28:11Z","message":"Serve tunnel error"}
{"level":"info","event":0,"ip":"2606:4700:a0::8","connIndex":0,"time":"2026-09-04T03:28:11Z","message":"Retrying connection in up to 1m4s"}
{"level":"info","event":0,"ip":"2606:4700:a0::8","connIndex":0,"time":"2026-09-04T03:28:24Z","message":"Tunnel connection curve preferences: [X25519MLKEM768 CurveID(65074) CurveP256]"}
{"level":"error","event":0,"ip":"2606:4700:a0::8","connIndex":0,"error":"context canceled","time":"2026-09-04T03:28:24Z","message":"failed to run the datagram handler"}
{"level":"error","event":0,"ip":"2606:4700:a0::8","connIndex":0,"error":"control stream encountered a failure while serving","time":"2026-09-04T03:28:24Z","message":"failed to serve tunnel connection"}
{"level":"error","event":0,"ip":"2606:4700:a0::8","connIndex":0,"error":"control stream encountered a failure while serving","time":"2026-09-04T03:28:24Z","message":"Serve tunnel error"}
{"level":"info","event":0,"ip":"2606:4700:a0::8","connIndex":0,"time":"2026-09-04T03:28:24Z","message":"Retrying connection in up to 1m4s"}
{"level":"info","event":0,"ip":"2606:4700:a0::8","connIndex":0,"time":"2026-09-04T03:28:35Z","message":"Tunnel connection curve preferences: [X25519MLKEM768 CurveID(65074) CurveP256]"}
{"level":"error","event":0,"ip":"2606:4700:a0::8","connIndex":0,"error":"context canceled","time":"2026-09-04T03:28:35Z","message":"failed to run the datagram handler"}
{"level":"error","event":0,"ip":"2606:4700:a0::8","connIndex":0,"error":"control stream encountered a failure while serving","time":"2026-09-04T03:28:35Z","message":"failed to serve tunnel connection"}
{"level":"error","event":0,"ip":"2606:4700:a0::8","connIndex":0,"error":"control stream encountered a failure while serving","time":"2026-09-04T03:28:35Z","message":"Serve tunnel error"}
{"level":"info","event":0,"ip":"2606:4700:a0::8","connIndex":0,"time":"2026-09-04T03:28:35Z","message":"Retrying connection in up to 1m4s"}
{"level":"info","event":0,"ip":"2606:4700:a0::8","connIndex":0,"time":"2026-09-04T03:29:01Z","message":"Tunnel connection curve preferences: [X25519MLKEM768 CurveID(65074) CurveP256]"}
{"level":"error","event":0,"ip":"2606:4700:a0::8","connIndex":0,"error":"context canceled","time":"2026-09-04T03:29:01Z","message":"failed to run the datagram handler"}
{"level":"error","event":0,"ip":"2606:4700:a0::8","connIndex":0,"error":"control stream encountered a failure while serving","time":"2026-09-04T03:29:01Z","message":"failed to serve tunnel connection"}
{"level":"error","event":0,"ip":"2606:4700:a0::8","connIndex":0,"error":"control stream encountered a failure while serving","time":"2026-09-04T03:29:01Z","message":"Serve tunnel error"}
{"level":"info","event":0,"ip":"2606:4700:a0::8","connIndex":0,"time":"2026-09-04T03:29:01Z","message":"Retrying connection in up to 1m4s"}
{"level":"info","event":0,"ip":"2606:4700:a0::8","connIndex":0,"time":"2026-09-04T03:29:22Z","message":"Tunnel connection curve preferences: [X25519MLKEM768 CurveID(65074) CurveP256]"}
{"level":"error","event":0,"ip":"2606:4700:a0::8","connIndex":0,"error":"context canceled","time":"2026-09-04T03:29:22Z","message":"failed to run the datagram handler"}
{"level":"error","event":0,"ip":"2606:4700:a0::8","connIndex":0,"error":"control stream encountered a failure while serving","time":"2026-09-04T03:29:22Z","message":"failed to serve tunnel connection"}
{"level":"error","event":0,"ip":"2606:4700:a0::8","connIndex":0,"error":"control stream encountered a failure while serving","time":"2026-09-04T03:29:22Z","message":"Serve tunnel error"}
{"level":"info","event":0,"ip":"2606:4700:a0::8","connIndex":0,"time":"2026-09-04T03:29:22Z","message":"Retrying connection in up to 1m4s"}
{"level":"info","event":0,"ip":"2606:4700:a0::8","connIndex":0,"time":"2026-09-04T03:29:44Z","message":"Tunnel connection curve preferences: [X25519MLKEM768 CurveID(65074) CurveP256]"}
{"level":"error","event":0,"ip":"2606:4700:a0::8","connIndex":0,"error":"context canceled","time":"2026-09-04T03:29:44Z","message":"failed to run the datagram handler"}
{"level":"error","event":0,"ip":"2606:4700:a0::8","connIndex":0,"error":"control stream encountered a failure while serving","time":"2026-09-04T03:29:44Z","message":"failed to serve tunnel connection"}
{"level":"error","event":0,"ip":"2606:4700:a0::8","connIndex":0,"error":"control stream encountered a failure while serving","time":"2026-09-04T03:29:44Z","message":"Serve tunnel error"}
{"level":"info","event":0,"ip":"2606:4700:a0::8","connIndex":0,"time":"2026-09-04T03:29:44Z","message":"Retrying connection in up to 1m4s"}
{"level":"info","event":0,"ip":"2606:4700:a0::8","connIndex":0,"time":"2026-09-04T03:30:15Z","message":"Tunnel connection curve preferences: [X25519MLKEM768 CurveID(65074) CurveP256]"}
{"level":"error","event":0,"ip":"2606:4700:a0::8","connIndex":0,"error":"context canceled","time":"2026-09-04T03:30:15Z","message":"failed to run the datagram handler"}
{"level":"error","event":0,"ip":"2606:4700:a0::8","connIndex":0,"error":"control stream encountered a failure while serving","time":"2026-09-04T03:30:15Z","message":"failed to serve tunnel connection"}
{"level":"error","event":0,"ip":"2606:4700:a0::8","connIndex":0,"error":"control stream encountered a failure while serving","time":"2026-09-04T03:30:15Z","message":"Serve tunnel error"}
{"level":"info","event":0,"ip":"2606:4700:a0::8","connIndex":0,"time":"2026-09-04T03:30:15Z","message":"Retrying connection in up to 1m4s"}
{"level":"info","event":0,"ip":"2606:4700:a0::8","connIndex":0,"time":"2026-09-04T03:30:32Z","message":"Tunnel connection curve preferences: [X25519MLKEM768 CurveID(65074) CurveP256]"}
{"level":"error","event":0,"ip":"2606:4700:a0::8","connIndex":0,"error":"context canceled","time":"2026-09-04T03:30:32Z","message":"failed to run the datagram handler"}
{"level":"error","event":0,"ip":"2606:4700:a0::8","connIndex":0,"error":"control stream encountered a failure while serving","time":"2026-09-04T03:30:32Z","message":"failed to serve tunnel connection"}
{"level":"error","event":0,"ip":"2606:4700:a0::8","connIndex":0,"error":"control stream encountered a failure while serving","time":"2026-09-04T03:30:32Z","message":"Serve tunnel error"}
{"level":"info","event":0,"ip":"2606:4700:a0::8","connIndex":0,"time":"2026-09-04T03:30:32Z","message":"Retrying connection in up to 1m4s"}
{"level":"info","event":0,"ip":"2606:4700:a0::8","connIndex":0,"time":"2026-09-04T03:31:04Z","message":"Tunnel connection curve preferences: [X25519MLKEM768 CurveID(65074) CurveP256]"}
{"level":"error","event":0,"ip":"2606:4700:a0::8","connIndex":0,"error":"context canceled","time":"2026-09-04T03:31:04Z","message":"failed to run the datagram handler"}
{"level":"error","event":0,"ip":"2606:4700:a0::8","connIndex":0,"error":"control stream encountered a failure while serving","time":"2026-09-04T03:31:04Z","message":"failed to serve tunnel connection"}
{"level":"error","event":0,"ip":"2606:4700:a0::8","connIndex":0,"error":"control stream encountered a failure while serving","time":"2026-09-04T03:31:04Z","message":"Serve tunnel error"}
{"level":"info","event":0,"ip":"2606:4700:a0::8","connIndex":0,"time":"2026-09-04T03:31:04Z","message":"Retrying connection in up to 1m4s"}
{"level":"info","event":0,"ip":"2606:4700:a0::8","connIndex":0,"time":"2026-09-04T03:31:30Z","message":"Tunnel connection curve preferences: [X25519MLKEM768 CurveID(65074) CurveP256]"}
{"level":"error","event":0,"ip":"2606:4700:a0::8","connIndex":0,"error":"context canceled","time":"2026-09-04T03:31:30Z","message":"failed to run the datagram handler"}
{"level":"error","event":0,"ip":"2606:4700:a0::8","connIndex":0,"error":"control stream encountered a failure while serving","time":"2026-09-04T03:31:30Z","message":"failed to serve tunnel connection"}
{"level":"error","event":0,"ip":"2606:4700:a0::8","connIndex":0,"error":"control stream encountered a failure while serving","time":"2026-09-04T03:31:30Z","message":"Serve tunnel error"}
{"level":"info","event":0,"ip":"2606:4700:a0::8","connIndex":0,"time":"2026-09-04T03:31:30Z","message":"Retrying connection in up to 1m4s"}
{"level":"info","event":0,"ip":"2606:4700:a0::8","connIndex":0,"time":"2026-09-04T03:31:30Z","message":"Tunnel connection curve preferences: [X25519MLKEM768 CurveID(65074) CurveP256]"}
{"level":"error","event":0,"ip":"2606:4700:a0::8","connIndex":0,"error":"context canceled","time":"2026-09-04T03:31:30Z","message":"failed to run the datagram handler"}
{"level":"error","event":0,"ip":"2606:4700:a0::8","connIndex":0,"error":"control stream encountered a failure while serving","time":"2026-09-04T03:31:30Z","message":"failed to serve tunnel connection"}
{"level":"error","event":0,"ip":"2606:4700:a0::8","connIndex":0,"error":"control stream encountered a failure while serving","time":"2026-09-04T03:31:30Z","message":"Serve tunnel error"}
{"level":"info","event":0,"ip":"2606:4700:a0::8","connIndex":0,"time":"2026-09-04T03:31:30Z","message":"Retrying connection in up to 1m4s"}
{"level":"info","event":0,"ip":"2606:4700:a0::8","connIndex":0,"time":"2026-09-04T03:31:38Z","message":"Tunnel connection curve preferences: [X25519MLKEM768 CurveID(65074) CurveP256]"}
{"level":"error","event":0,"ip":"2606:4700:a0::8","connIndex":0,"error":"context canceled","time":"2026-09-04T03:31:38Z","message":"failed to run the datagram handler"}
{"level":"error","event":0,"ip":"2606:4700:a0::8","connIndex":0,"error":"control stream encountered a failure while serving","time":"2026-09-04T03:31:38Z","message":"failed to serve tunnel connection"}
{"level":"error","event":0,"ip":"2606:4700:a0::8","connIndex":0,"error":"control stream encountered a failure while serving","time":"2026-09-04T03:31:38Z","message":"Serve tunnel error"}
{"level":"info","event":0,"ip":"2606:4700:a0::8","connIndex":0,"time":"2026-09-04T03:31:38Z","message":"Retrying connection in up to 1m4s"}
{"level":"info","event":0,"ip":"2606:4700:a0::8","connIndex":0,"time":"2026-09-04T03:31:54Z","message":"Tunnel connection curve preferences: [X25519MLKEM768 CurveID(65074) CurveP256]"}
{"level":"error","event":0,"ip":"2606:4700:a0::8","connIndex":0,"error":"context canceled","time":"2026-09-04T03:31:54Z","message":"failed to run the datagram handler"}
{"level":"error","event":0,"ip":"2606:4700:a0::8","connIndex":0,"error":"control stream encountered a failure while serving","time":"2026-09-04T03:31:54Z","message":"failed to serve tunnel connection"}
{"level":"error","event":0,"ip":"2606:4700:a0::8","connIndex":0,"error":"control stream encountered a failure while serving","time":"2026-09-04T03:31:54Z","message":"Serve tunnel error"}
{"level":"info","event":0,"ip":"2606:4700:a0::8","connIndex":0,"time":"2026-09-04T03:31:54Z","message":"Retrying connection in up to 1m4s"}
{"level":"info","event":0,"ip":"2606:4700:a0::8","connIndex":0,"time":"2026-09-04T03:32:14Z","message":"Tunnel connection curve preferences: [X25519MLKEM768 CurveID(65074) CurveP256]"}
{"level":"error","event":0,"ip":"2606:4700:a0::8","connIndex":0,"error":"context canceled","time":"2026-09-04T03:32:14Z","message":"failed to run the datagram handler"}
{"level":"error","event":0,"ip":"2606:4700:a0::8","connIndex":0,"error":"control stream encountered a failure while serving","time":"2026-09-04T03:32:14Z","message":"failed to serve tunnel connection"}
{"level":"error","event":0,"ip":"2606:4700:a0::8","connIndex":0,"error":"control stream encountered a failure while serving","time":"2026-09-04T03:32:14Z","message":"Serve tunnel error"}
{"level":"info","event":0,"ip":"2606:4700:a0::8","connIndex":0,"time":"2026-09-04T03:32:14Z","message":"Retrying connection in up to 1m4s"}
{"level":"info","event":0,"ip":"2606:4700:a0::8","connIndex":0,"time":"2026-09-04T03:32:30Z","message":"Tunnel connection curve preferences: [X25519MLKEM768 CurveID(65074) CurveP256]"}
{"level":"error","event":0,"ip":"2606:4700:a0::8","connIndex":0,"error":"context canceled","time":"2026-09-04T03:32:30Z","message":"failed to run the datagram handler"}
{"level":"error","event":0,"ip":"2606:4700:a0::8","connIndex":0,"error":"control stream encountered a failure while serving","time":"2026-09-04T03:32:30Z","message":"failed to serve tunnel connection"}
{"level":"error","event":0,"ip":"2606:4700:a0::8","connIndex":0,"error":"control stream encountered a failure while serving","time":"2026-09-04T03:32:30Z","message":"Serve tunnel error"}
{"level":"info","event":0,"ip":"2606:4700:a0::8","connIndex":0,"time":"2026-09-04T03:32:30Z","message":"Retrying connection in up to 1m4s"}
{"level":"info","event":0,"ip":"2606:4700:a0::8","connIndex":0,"time":"2026-09-04T03:32:55Z","message":"Tunnel connection curve preferences: [X25519MLKEM768 CurveID(65074) CurveP256]"}
{"level":"error","event":0,"ip":"2606:4700:a0::8","connIndex":0,"error":"context canceled","time":"2026-09-04T03:32:55Z","message":"failed to run the datagram handler"}
{"level":"error","event":0,"ip":"2606:4700:a0::8","connIndex":0,"error":"control stream encountered a failure while serving","time":"2026-09-04T03:32:55Z","message":"failed to serve tunnel connection"}
{"level":"error","event":0,"ip":"2606:4700:a0::8","connIndex":0,"error":"control stream encountered a failure while serving","time":"2026-09-04T03:32:55Z","message":"Serve tunnel error"}
{"level":"info","event":0,"ip":"2606:4700:a0::8","connIndex":0,"time":"2026-09-04T03:32:55Z","message":"Retrying connection in up to 1m4s"}
{"level":"info","event":0,"ip":"2606:4700:a0::8","connIndex":0,"time":"2026-09-04T03:33:15Z","message":"Tunnel connection curve preferences: [X25519MLKEM768 CurveID(65074) CurveP256]"}
{"level":"error","event":0,"ip":"2606:4700:a0::8","connIndex":0,"error":"context canceled","time":"2026-09-04T03:33:15Z","message":"failed to run the datagram handler"}
{"level":"error","event":0,"ip":"2606:4700:a0::8","connIndex":0,"error":"control stream encountered a failure while serving","time":"2026-09-04T03:33:15Z","message":"failed to serve tunnel connection"}
{"level":"error","event":0,"ip":"2606:4700:a0::8","connIndex":0,"error":"control stream encountered a failure while serving","time":"2026-09-04T03:33:15Z","message":"Serve tunnel error"}
{"level":"info","event":0,"ip":"2606:4700:a0::8","connIndex":0,"time":"2026-09-04T03:33:15Z","message":"Retrying connection in up to 1m4s"}
{"level":"info","event":0,"ip":"2606:4700:a0::8","connIndex":0,"time":"2026-09-04T03:33:37Z","message":"Tunnel connection curve preferences: [X25519MLKEM768 CurveID(65074) CurveP256]"}
{"level":"error","event":0,"ip":"2606:4700:a0::8","connIndex":0,"error":"context canceled","time":"2026-09-04T03:33:37Z","message":"failed to run the datagram handler"}
{"level":"error","event":0,"ip":"2606:4700:a0::8","connIndex":0,"error":"control stream encountered a failure while serving","time":"2026-09-04T03:33:37Z","message":"failed to serve tunnel connection"}
{"level":"error","event":0,"ip":"2606:4700:a0::8","connIndex":0,"error":"control stream encountered a failure while serving","time":"2026-09-04T03:33:37Z","message":"Serve tunnel error"}
{"level":"info","event":0,"ip":"2606:4700:a0::8","connIndex":0,"time":"2026-09-04T03:33:37Z","message":"Retrying connection in up to 1m4s"}
{"level":"info","event":0,"ip":"2606:4700:a0::8","connIndex":0,"time":"2026-09-04T03:34:06Z","message":"Tunnel connection curve preferences: [X25519MLKEM768 CurveID(65074) CurveP256]"}
{"level":"error","event":0,"ip":"2606:4700:a0::8","connIndex":0,"error":"context canceled","time":"2026-09-04T03:34:06Z","message":"failed to run the datagram handler"}
{"level":"error","event":0,"ip":"2606:4700:a0::8","connIndex":0,"error":"control stream encountered a failure while serving","time":"2026-09-04T03:34:06Z","message":"failed to serve tunnel connection"}
{"level":"error","event":0,"ip":"2606:4700:a0::8","connIndex":0,"error":"control stream encountered a failure while serving","time":"2026-09-04T03:34:06Z","message":"Serve tunnel error"}
{"level":"info","event":0,"ip":"2606:4700:a0::8","connIndex":0,"time":"2026-09-04T03:34:06Z","message":"Retrying connection in up to 1m4s"}
{"level":"info","event":0,"ip":"2606:4700:a0::8","connIndex":0,"time":"2026-09-04T03:34:23Z","message":"Tunnel connection curve preferences: [X25519MLKEM768 CurveID(65074) CurveP256]"}
{"level":"error","event":0,"ip":"2606:4700:a0::8","connIndex":0,"error":"context canceled","time":"2026-09-04T03:34:23Z","message":"failed to run the datagram handler"}
{"level":"error","event":0,"ip":"2606:4700:a0::8","connIndex":0,"error":"control stream encountered a failure while serving","time":"2026-09-04T03:34:23Z","message":"failed to serve tunnel connection"}
{"level":"error","event":0,"ip":"2606:4700:a0::8","connIndex":0,"error":"control stream encountered a failure while serving","time":"2026-09-04T03:34:23Z","message":"Serve tunnel error"}
{"level":"info","event":0,"ip":"2606:4700:a0::8","connIndex":0,"time":"2026-09-04T03:34:23Z","message":"Retrying connection in up to 1m4s"}
{"level":"info","event":0,"ip":"2606:4700:a0::8","connIndex":0,"time":"2026-09-04T03:34:24Z","message":"Tunnel connection curve preferences: [X25519MLKEM768 CurveID(65074) CurveP256]"}
{"level":"error","event":0,"ip":"2606:4700:a0::8","connIndex":0,"error":"context canceled","time":"2026-09-04T03:34:24Z","message":"failed to run the datagram handler"}
{"level":"error","event":0,"ip":"2606:4700:a0::8","connIndex":0,"error":"control stream encountered a failure while serving","time":"2026-09-04T03:34:24Z","message":"failed to serve tunnel connection"}
{"level":"error","event":0,"ip":"2606:4700:a0::8","connIndex":0,"error":"control stream encountered a failure while serving","time":"2026-09-04T03:34:24Z","message":"Serve tunnel error"}
{"level":"info","event":0,"ip":"2606:4700:a0::8","connIndex":0,"time":"2026-09-04T03:34:24Z","message":"Retrying connection in up to 1m4s"}
{"level":"info","event":0,"ip":"2606:4700:a0::8","connIndex":0,"time":"2026-09-04T03:34:55Z","message":"Tunnel connection curve preferences: [X25519MLKEM768 CurveID(65074) CurveP256]"}
{"level":"error","event":0,"ip":"2606:4700:a0::8","connIndex":0,"error":"context canceled","time":"2026-09-04T03:34:55Z","message":"failed to run the datagram handler"}
{"level":"error","event":0,"ip":"2606:4700:a0::8","connIndex":0,"error":"control stream encountered a failure while serving","time":"2026-09-04T03:34:55Z","message":"failed to serve tunnel connection"}
{"level":"error","event":0,"ip":"2606:4700:a0::8","connIndex":0,"error":"control stream encountered a failure while serving","time":"2026-09-04T03:34:55Z","message":"Serve tunnel error"}
{"level":"info","event":0,"ip":"2606:4700:a0::8","connIndex":0,"time":"2026-09-04T03:34:55Z","message":"Retrying connection in up to 1m4s"}
{"level":"info","event":0,"ip":"2606:4700:a0::8","connIndex":0,"time":"2026-09-04T03:35:13Z","message":"Tunnel connection curve preferences: [X25519MLKEM768 CurveID(65074) CurveP256]"}
{"level":"error","event":0,"ip":"2606:4700:a0::8","connIndex":0,"error":"context canceled","time":"2026-09-04T03:35:13Z","message":"failed to run the datagram handler"}
{"level":"error","event":0,"ip":"2606:4700:a0::8","connIndex":0,"error":"control stream encountered a failure while serving","time":"2026-09-04T03:35:13Z","message":"failed to serve tunnel connection"}
{"level":"error","event":0,"ip":"2606:4700:a0::8","connIndex":0,"error":"control stream encountered a failure while serving","time":"2026-09-04T03:35:13Z","message":"Serve tunnel error"}
{"level":"info","event":0,"ip":"2606:4700:a0::8","connIndex":0,"time":"2026-09-04T03:35:13Z","message":"Retrying connection in up to 1m4s"}
{"level":"info","event":0,"ip":"2606:4700:a0::8","connIndex":0,"time":"2026-09-04T03:35:20Z","message":"Tunnel connection curve preferences: [X25519MLKEM768 CurveID(65074) CurveP256]"}
{"level":"error","event":0,"ip":"2606:4700:a0::8","connIndex":0,"error":"context canceled","time":"2026-09-04T03:35:20Z","message":"failed to run the datagram handler"}
{"level":"error","event":0,"ip":"2606:4700:a0::8","connIndex":0,"error":"control stream encountered a failure while serving","time":"2026-09-04T03:35:20Z","message":"failed to serve tunnel connection"}
{"level":"error","event":0,"ip":"2606:4700:a0::8","connIndex":0,"error":"control stream encountered a failure while serving","time":"2026-09-04T03:35:20Z","message":"Serve tunnel error"}
{"level":"info","event":0,"ip":"2606:4700:a0::8","connIndex":0,"time":"2026-09-04T03:35:20Z","message":"Retrying connection in up to 1m4s"}
{"level":"info","event":0,"ip":"2606:4700:a0::8","connIndex":0,"time":"2026-09-04T03:35:32Z","message":"Tunnel connection curve preferences: [X25519MLKEM768 CurveID(65074) CurveP256]"}
{"level":"error","event":0,"ip":"2606:4700:a0::8","connIndex":0,"error":"context canceled","time":"2026-09-04T03:35:32Z","message":"failed to run the datagram handler"}
{"level":"error","event":0,"ip":"2606:4700:a0::8","connIndex":0,"error":"control stream encountered a failure while serving","time":"2026-09-04T03:35:32Z","message":"failed to serve tunnel connection"}
{"level":"error","event":0,"ip":"2606:4700:a0::8","connIndex":0,"error":"control stream encountered a failure while serving","time":"2026-09-04T03:35:32Z","message":"Serve tunnel error"}
{"level":"info","event":0,"ip":"2606:4700:a0::8","connIndex":0,"time":"2026-09-04T03:35:32Z","message":"Retrying connection in up to 1m4s"}
{"level":"info","event":0,"ip":"2606:4700:a0::8","connIndex":0,"time":"2026-09-04T03:35:43Z","message":"Tunnel connection curve preferences: [X25519MLKEM768 CurveID(65074) CurveP256]"}
{"level":"error","event":0,"ip":"2606:4700:a0::8","connIndex":0,"error":"context canceled","time":"2026-09-04T03:35:43Z","message":"failed to run the datagram handler"}
{"level":"error","event":0,"ip":"2606:4700:a0::8","connIndex":0,"error":"control stream encountered a failure while serving","time":"2026-09-04T03:35:43Z","message":"failed to serve tunnel connection"}
{"level":"error","event":0,"ip":"2606:4700:a0::8","connIndex":0,"error":"control stream encountered a failure while serving","time":"2026-09-04T03:35:43Z","message":"Serve tunnel error"}
{"level":"info","event":0,"ip":"2606:4700:a0::8","connIndex":0,"time":"2026-09-04T03:35:43Z","message":"Retrying connection in up to 1m4s"}
{"level":"info","event":0,"ip":"2606:4700:a0::8","connIndex":0,"time":"2026-09-04T03:36:12Z","message":"Tunnel connection curve preferences: [X25519MLKEM768 CurveID(65074) CurveP256]"}
{"level":"error","event":0,"ip":"2606:4700:a0::8","connIndex":0,"error":"context canceled","time":"2026-09-04T03:36:12Z","message":"failed to run the datagram handler"}
{"level":"error","event":0,"ip":"2606:4700:a0::8","connIndex":0,"error":"control stream encountered a failure while serving","time":"2026-09-04T03:36:12Z","message":"failed to serve tunnel connection"}
{"level":"error","event":0,"ip":"2606:4700:a0::8","connIndex":0,"error":"control stream encountered a failure while serving","time":"2026-09-04T03:36:12Z","message":"Serve tunnel error"}
{"level":"info","event":0,"ip":"2606:4700:a0::8","connIndex":0,"time":"2026-09-04T03:36:12Z","message":"Retrying connection in up to 1m4s"}
{"level":"info","event":0,"ip":"2606:4700:a0::8","connIndex":0,"time":"2026-09-04T03:36:14Z","message":"Tunnel connection curve preferences: [X25519MLKEM768 CurveID(65074) CurveP256]"}
{"level":"error","event":0,"ip":"2606:4700:a0::8","connIndex":0,"error":"context canceled","time":"2026-09-04T03:36:14Z","message":"failed to run the datagram handler"}
{"level":"error","event":0,"ip":"2606:4700:a0::8","connIndex":0,"error":"control stream encountered a failure while serving","time":"2026-09-04T03:36:14Z","message":"failed to serve tunnel connection"}
{"level":"error","event":0,"ip":"2606:4700:a0::8","connIndex":0,"error":"control stream encountered a failure while serving","time":"2026-09-04T03:36:14Z","message":"Serve tunnel error"}
{"level":"info","event":0,"ip":"2606:4700:a0::8","connIndex":0,"time":"2026-09-04T03:36:14Z","message":"Retrying connection in up to 1m4s"}
{"level":"info","event":0,"ip":"2606:4700:a0::8","connIndex":0,"time":"2026-09-04T03:36:16Z","message":"Tunnel connection curve preferences: [X25519MLKEM768 CurveID(65074) CurveP256]"}
{"level":"error","event":0,"ip":"2606:4700:a0::8","connIndex":0,"error":"context canceled","time":"2026-09-04T03:36:16Z","message":"failed to run the datagram handler"}
{"level":"error","event":0,"ip":"2606:4700:a0::8","connIndex":0,"error":"control stream encountered a failure while serving","time":"2026-09-04T03:36:16Z","message":"failed to serve tunnel connection"}
{"level":"error","event":0,"ip":"2606:4700:a0::8","connIndex":0,"error":"control stream encountered a failure while serving","time":"2026-09-04T03:36:16Z","message":"Serve tunnel error"}
{"level":"info","event":0,"ip":"2606:4700:a0::8","connIndex":0,"time":"2026-09-04T03:36:16Z","message":"Retrying connection in up to 1m4s"}
{"level":"info","event":0,"ip":"2606:4700:a0::8","connIndex":0,"time":"2026-09-04T03:36:21Z","message":"Tunnel connection curve preferences: [X25519MLKEM768 CurveID(65074) CurveP256]"}
{"level":"error","event":0,"ip":"2606:4700:a0::8","connIndex":0,"error":"context canceled","time":"2026-09-04T03:36:21Z","message":"failed to run the datagram handler"}
{"level":"error","event":0,"ip":"2606:4700:a0::8","connIndex":0,"error":"control stream encountered a failure while serving","time":"2026-09-04T03:36:21Z","message":"failed to serve tunnel connection"}
{"level":"error","event":0,"ip":"2606:4700:a0::8","connIndex":0,"error":"control stream encountered a failure while serving","time":"2026-09-04T03:36:21Z","message":"Serve tunnel error"}
{"level":"info","event":0,"ip":"2606:4700:a0::8","connIndex":0,"time":"2026-09-04T03:36:21Z","message":"Retrying connection in up to 1m4s"}
{"level":"info","event":0,"ip":"2606:4700:a0::8","connIndex":0,"time":"2026-09-04T03:36:51Z","message":"Tunnel connection curve preferences: [X25519MLKEM768 CurveID(65074) CurveP256]"}
{"level":"error","event":0,"ip":"2606:4700:a0::8","connIndex":0,"error":"context canceled","time":"2026-09-04T03:36:51Z","message":"failed to run the datagram handler"}
{"level":"error","event":0,"ip":"2606:4700:a0::8","connIndex":0,"error":"control stream encountered a failure while serving","time":"2026-09-04T03:36:51Z","message":"failed to serve tunnel connection"}
{"level":"error","event":0,"ip":"2606:4700:a0::8","connIndex":0,"error":"control stream encountered a failure while serving","time":"2026-09-04T03:36:51Z","message":"Serve tunnel error"}
{"level":"info","event":0,"ip":"2606:4700:a0::8","connIndex":0,"time":"2026-09-04T03:36:51Z","message":"Retrying connection in up to 1m4s"}
{"level":"info","event":0,"ip":"2606:4700:a0::8","connIndex":0,"time":"2026-09-04T03:37:22Z","message":"Tunnel connection curve preferences: [X25519MLKEM768 CurveID(65074) CurveP256]"}
{"level":"error","event":0,"ip":"2606:4700:a0::8","connIndex":0,"error":"context canceled","time":"2026-09-04T03:37:22Z","message":"failed to run the datagram handler"}
{"level":"error","event":0,"ip":"2606:4700:a0::8","connIndex":0,"error":"control stream encountered a failure while serving","time":"2026-09-04T03:37:22Z","message":"failed to serve tunnel connection"}
{"level":"error","event":0,"ip":"2606:4700:a0::8","connIndex":0,"error":"control stream encountered a failure while serving","time":"2026-09-04T03:37:22Z","message":"Serve tunnel error"}
{"level":"info","event":0,"ip":"2606:4700:a0::8","connIndex":0,"time":"2026-09-04T03:37:22Z","message":"Retrying connection in up to 1m4s"}
{"level":"info","event":0,"ip":"2606:4700:a0::8","connIndex":0,"time":"2026-09-04T03:37:41Z","message":"Tunnel connection curve preferences: [X25519MLKEM768 CurveID(65074) CurveP256]"}
{"level":"error","event":0,"ip":"2606:4700:a0::8","connIndex":0,"error":"context canceled","time":"2026-09-04T03:37:41Z","message":"failed to run the datagram handler"}
{"level":"error","event":0,"ip":"2606:4700:a0::8","connIndex":0,"error":"control stream encountered a failure while serving","time":"2026-09-04T03:37:41Z","message":"failed to serve tunnel connection"}
{"level":"error","event":0,"ip":"2606:4700:a0::8","connIndex":0,"error":"control stream encountered a failure while serving","time":"2026-09-04T03:37:41Z","message":"Serve tunnel error"}
{"level":"info","event":0,"ip":"2606:4700:a0::8","connIndex":0,"time":"2026-09-04T03:37:41Z","message":"Retrying connection in up to 1m4s"}
{"level":"info","event":0,"ip":"2606:4700:a0::8","connIndex":0,"time":"2026-09-04T03:37:58Z","message":"Tunnel connection curve preferences: [X25519MLKEM768 CurveID(65074) CurveP256]"}
{"level":"error","event":0,"ip":"2606:4700:a0::8","connIndex":0,"error":"context canceled","time":"2026-09-04T03:37:59Z","message":"failed to run the datagram handler"}
{"level":"error","event":0,"ip":"2606:4700:a0::8","connIndex":0,"error":"control stream encountered a failure while serving","time":"2026-09-04T03:37:59Z","message":"failed to serve tunnel connection"}
{"level":"error","event":0,"ip":"2606:4700:a0::8","connIndex":0,"error":"control stream encountered a failure while serving","time":"2026-09-04T03:37:59Z","message":"Serve tunnel error"}
{"level":"info","event":0,"ip":"2606:4700:a0::8","connIndex":0,"time":"2026-09-04T03:37:59Z","message":"Retrying connection in up to 1m4s"}
{"level":"info","event":0,"ip":"2606:4700:a0::8","connIndex":0,"time":"2026-09-04T03:37:59Z","message":"Tunnel connection curve preferences: [X25519MLKEM768 CurveID(65074) CurveP256]"}
{"level":"error","event":0,"ip":"2606:4700:a0::8","connIndex":0,"error":"context canceled","time":"2026-09-04T03:37:59Z","message":"failed to run the datagram handler"}
{"level":"error","event":0,"ip":"2606:4700:a0::8","connIndex":0,"error":"control stream encountered a failure while serving","time":"2026-09-04T03:37:59Z","message":"failed to serve tunnel connection"}
{"level":"error","event":0,"ip":"2606:4700:a0::8","connIndex":0,"error":"control stream encountered a failure while serving","time":"2026-09-04T03:37:59Z","message":"Serve tunnel error"}
{"level":"info","event":0,"ip":"2606:4700:a0::8","connIndex":0,"time":"2026-09-04T03:37:59Z","message":"Retrying connection in up to 1m4s"}
{"level":"info","event":0,"ip":"2606:4700:a0::8","connIndex":0,"time":"2026-09-04T03:38:11Z","message":"Tunnel connection curve preferences: [X25519MLKEM768 CurveID(65074) CurveP256]"}
{"level":"error","event":0,"ip":"2606:4700:a0::8","connIndex":0,"error":"context canceled","time":"2026-09-04T03:38:11Z","message":"failed to run the datagram handler"}
{"level":"error","event":0,"ip":"2606:4700:a0::8","connIndex":0,"error":"control stream encountered a failure while serving","time":"2026-09-04T03:38:11Z","message":"failed to serve tunnel connection"}
{"level":"error","event":0,"ip":"2606:4700:a0::8","connIndex":0,"error":"control stream encountered a failure while serving","time":"2026-09-04T03:38:11Z","message":"Serve tunnel error"}
{"level":"info","event":0,"ip":"2606:4700:a0::8","connIndex":0,"time":"2026-09-04T03:38:11Z","message":"Retrying connection in up to 1m4s"}
{"level":"info","event":0,"ip":"2606:4700:a0::8","connIndex":0,"time":"2026-09-04T03:38:31Z","message":"Tunnel connection curve preferences: [X25519MLKEM768 CurveID(65074) CurveP256]"}
{"level":"error","event":0,"ip":"2606:4700:a0::8","connIndex":0,"error":"context canceled","time":"2026-09-04T03:38:31Z","message":"failed to run the datagram handler"}
{"level":"error","event":0,"ip":"2606:4700:a0::8","connIndex":0,"error":"control stream encountered a failure while serving","time":"2026-09-04T03:38:31Z","message":"failed to serve tunnel connection"}
{"level":"error","event":0,"ip":"2606:4700:a0::8","connIndex":0,"error":"control stream encountered a failure while serving","time":"2026-09-04T03:38:31Z","message":"Serve tunnel error"}
{"level":"info","event":0,"ip":"2606:4700:a0::8","connIndex":0,"time":"2026-09-04T03:38:31Z","message":"Retrying connection in up to 1m4s"}
{"level":"info","event":0,"ip":"2606:4700:a0::8","connIndex":0,"time":"2026-09-04T03:38:36Z","message":"Tunnel connection curve preferences: [X25519MLKEM768 CurveID(65074) CurveP256]"}
{"level":"error","event":0,"ip":"2606:4700:a0::8","connIndex":0,"error":"context canceled","time":"2026-09-04T03:38:36Z","message":"failed to run the datagram handler"}
{"level":"error","event":0,"ip":"2606:4700:a0::8","connIndex":0,"error":"control stream encountered a failure while serving","time":"2026-09-04T03:38:36Z","message":"failed to serve tunnel connection"}
{"level":"error","event":0,"ip":"2606:4700:a0::8","connIndex":0,"error":"control stream encountered a failure while serving","time":"2026-09-04T03:38:36Z","message":"Serve tunnel error"}
{"level":"info","event":0,"ip":"2606:4700:a0::8","connIndex":0,"time":"2026-09-04T03:38:36Z","message":"Retrying connection in up to 1m4s"}
{"level":"info","event":0,"ip":"2606:4700:a0::8","connIndex":0,"time":"2026-09-04T03:38:43Z","message":"Tunnel connection curve preferences: [X25519MLKEM768 CurveID(65074) CurveP256]"}
{"level":"error","event":0,"ip":"2606:4700:a0::8","connIndex":0,"error":"context canceled","time":"2026-09-04T03:38:43Z","message":"failed to run the datagram handler"}
{"level":"error","event":0,"ip":"2606:4700:a0::8","connIndex":0,"error":"control stream encountered a failure while serving","time":"2026-09-04T03:38:43Z","message":"failed to serve tunnel connection"}
{"level":"error","event":0,"ip":"2606:4700:a0::8","connIndex":0,"error":"control stream encountered a failure while serving","time":"2026-09-04T03:38:43Z","message":"Serve tunnel error"}
{"level":"info","event":0,"ip":"2606:4700:a0::8","connIndex":0,"time":"2026-09-04T03:38:43Z","message":"Retrying connection in up to 1m4s"}
{"level":"info","event":0,"ip":"2606:4700:a0::8","connIndex":0,"time":"2026-09-04T03:39:03Z","message":"Tunnel connection curve preferences: [X25519MLKEM768 CurveID(65074) CurveP256]"}
{"level":"error","event":0,"ip":"2606:4700:a0::8","connIndex":0,"error":"context canceled","time":"2026-09-04T03:39:03Z","message":"failed to run the datagram handler"}
{"level":"error","event":0,"ip":"2606:4700:a0::8","connIndex":0,"error":"control stream encountered a failure while serving","time":"2026-09-04T03:39:03Z","message":"failed to serve tunnel connection"}
{"level":"error","event":0,"ip":"2606:4700:a0::8","connIndex":0,"error":"control stream encountered a failure while serving","time":"2026-09-04T03:39:03Z","message":"Serve tunnel error"}
{"level":"info","event":0,"ip":"2606:4700:a0::8","connIndex":0,"time":"2026-09-04T03:39:03Z","message":"Retrying connection in up to 1m4s"}
{"level":"info","event":0,"ip":"2606:4700:a0::8","connIndex":0,"time":"2026-09-04T03:39:14Z","message":"Tunnel connection curve preferences: [X25519MLKEM768 CurveID(65074) CurveP256]"}
{"level":"error","event":0,"ip":"2606:4700:a0::8","connIndex":0,"error":"context canceled","time":"2026-09-04T03:39:14Z","message":"failed to run the datagram handler"}
{"level":"error","event":0,"ip":"2606:4700:a0::8","connIndex":0,"error":"control stream encountered a failure while serving","time":"2026-09-04T03:39:14Z","message":"failed to serve tunnel connection"}
{"level":"error","event":0,"ip":"2606:4700:a0::8","connIndex":0,"error":"control stream encountered a failure while serving","time":"2026-09-04T03:39:14Z","message":"Serve tunnel error"}
{"level":"info","event":0,"ip":"2606:4700:a0::8","connIndex":0,"time":"2026-09-04T03:39:14Z","message":"Retrying connection in up to 1m4s"}
{"level":"info","event":0,"ip":"2606:4700:a0::8","connIndex":0,"time":"2026-09-04T03:39:14Z","message":"Tunnel connection curve preferences: [X25519MLKEM768 CurveID(65074) CurveP256]"}
{"level":"error","event":0,"ip":"2606:4700:a0::8","connIndex":0,"error":"context canceled","time":"2026-09-04T03:39:14Z","message":"failed to run the datagram handler"}
{"level":"error","event":0,"ip":"2606:4700:a0::8","connIndex":0,"error":"control stream encountered a failure while serving","time":"2026-09-04T03:39:14Z","message":"failed to serve tunnel connection"}
{"level":"error","event":0,"ip":"2606:4700:a0::8","connIndex":0,"error":"control stream encountered a failure while serving","time":"2026-09-04T03:39:14Z","message":"Serve tunnel error"}
{"level":"info","event":0,"ip":"2606:4700:a0::8","connIndex":0,"time":"2026-09-04T03:39:14Z","message":"Retrying connection in up to 1m4s"}
{"level":"info","event":0,"ip":"2606:4700:a0::8","connIndex":0,"time":"2026-09-04T03:39:36Z","message":"Tunnel connection curve preferences: [X25519MLKEM768 CurveID(65074) CurveP256]"}
{"level":"error","event":0,"ip":"2606:4700:a0::8","connIndex":0,"error":"context canceled","time":"2026-09-04T03:39:36Z","message":"failed to run the datagram handler"}
{"level":"error","event":0,"ip":"2606:4700:a0::8","connIndex":0,"error":"control stream encountered a failure while serving","time":"2026-09-04T03:39:36Z","message":"failed to serve tunnel connection"}
{"level":"error","event":0,"ip":"2606:4700:a0::8","connIndex":0,"error":"control stream encountered a failure while serving","time":"2026-09-04T03:39:36Z","message":"Serve tunnel error"}
{"level":"info","event":0,"ip":"2606:4700:a0::8","connIndex":0,"time":"2026-09-04T03:39:36Z","message":"Retrying connection in up to 1m4s"}
{"level":"info","event":0,"ip":"2606:4700:a0::8","connIndex":0,"time":"2026-09-04T03:39:49Z","message":"Tunnel connection curve preferences: [X25519MLKEM768 CurveID(65074) CurveP256]"}
{"level":"error","event":0,"ip":"2606:4700:a0::8","connIndex":0,"error":"context canceled","time":"2026-09-04T03:39:49Z","message":"failed to run the datagram handler"}
{"level":"error","event":0,"ip":"2606:4700:a0::8","connIndex":0,"error":"control stream encountered a failure while serving","time":"2026-09-04T03:39:49Z","message":"failed to serve tunnel connection"}
{"level":"error","event":0,"ip":"2606:4700:a0::8","connIndex":0,"error":"control stream encountered a failure while serving","time":"2026-09-04T03:39:49Z","message":"Serve tunnel error"}
{"level":"info","event":0,"ip":"2606:4700:a0::8","connIndex":0,"time":"2026-09-04T03:39:49Z","message":"Retrying connection in up to 1m4s"}
{"level":"info","event":0,"ip":"2606:4700:a0::8","connIndex":0,"time":"2026-09-04T03:39:57Z","message":"Tunnel connection curve preferences: [X25519MLKEM768 CurveID(65074) CurveP256]"}
{"level":"error","event":0,"ip":"2606:4700:a0::8","connIndex":0,"error":"context canceled","time":"2026-09-04T03:39:57Z","message":"failed to run the datagram handler"}
{"level":"error","event":0,"ip":"2606:4700:a0::8","connIndex":0,"error":"control stream encountered a failure while serving","time":"2026-09-04T03:39:57Z","message":"failed to serve tunnel connection"}
{"level":"error","event":0,"ip":"2606:4700:a0::8","connIndex":0,"error":"control stream encountered a failure while serving","time":"2026-09-04T03:39:57Z","message":"Serve tunnel error"}
{"level":"info","event":0,"ip":"2606:4700:a0::8","connIndex":0,"time":"2026-09-04T03:39:57Z","message":"Retrying connection in up to 1m4s"}
{"level":"info","event":0,"ip":"2606:4700:a0::8","connIndex":0,"time":"2026-09-04T03:40:10Z","message":"Tunnel connection curve preferences: [X25519MLKEM768 CurveID(65074) CurveP256]"}
{"level":"error","event":0,"ip":"2606:4700:a0::8","connIndex":0,"error":"context canceled","time":"2026-09-04T03:40:11Z","message":"failed to run the datagram handler"}
{"level":"error","event":0,"ip":"2606:4700:a0::8","connIndex":0,"error":"control stream encountered a failure while serving","time":"2026-09-04T03:40:11Z","message":"failed to serve tunnel connection"}
{"level":"error","event":0,"ip":"2606:4700:a0::8","connIndex":0,"error":"control stream encountered a failure while serving","time":"2026-09-04T03:40:11Z","message":"Serve tunnel error"}
{"level":"info","event":0,"ip":"2606:4700:a0::8","connIndex":0,"time":"2026-09-04T03:40:11Z","message":"Retrying connection in up to 1m4s"}
{"level":"info","event":0,"ip":"2606:4700:a0::8","connIndex":0,"time":"2026-09-04T03:40:21Z","message":"Tunnel connection curve preferences: [X25519MLKEM768 CurveID(65074) CurveP256]"}
{"level":"error","event":0,"ip":"2606:4700:a0::8","connIndex":0,"error":"context canceled","time":"2026-09-04T03:40:21Z","message":"failed to run the datagram handler"}
{"level":"error","event":0,"ip":"2606:4700:a0::8","connIndex":0,"error":"control stream encountered a failure while serving","time":"2026-09-04T03:40:21Z","message":"failed to serve tunnel connection"}
{"level":"error","event":0,"ip":"2606:4700:a0::8","connIndex":0,"error":"control stream encountered a failure while serving","time":"2026-09-04T03:40:21Z","message":"Serve tunnel error"}
{"level":"info","event":0,"ip":"2606:4700:a0::8","connIndex":0,"time":"2026-09-04T03:40:21Z","message":"Retrying connection in up to 1m4s"}
{"level":"info","event":0,"ip":"2606:4700:a0::8","connIndex":0,"time":"2026-09-04T03:40:32Z","message":"Tunnel connection curve preferences: [X25519MLKEM768 CurveID(65074) CurveP256]"}
{"level":"error","event":0,"ip":"2606:4700:a0::8","connIndex":0,"error":"context canceled","time":"2026-09-04T03:40:32Z","message":"failed to run the datagram handler"}
{"level":"error","event":0,"ip":"2606:4700:a0::8","connIndex":0,"error":"control stream encountered a failure while serving","time":"2026-09-04T03:40:32Z","message":"failed to serve tunnel connection"}
{"level":"error","event":0,"ip":"2606:4700:a0::8","connIndex":0,"error":"control stream encountered a failure while serving","time":"2026-09-04T03:40:32Z","message":"Serve tunnel error"}
{"level":"info","event":0,"ip":"2606:4700:a0::8","connIndex":0,"time":"2026-09-04T03:40:32Z","message":"Retrying connection in up to 1m4s"}
{"level":"info","event":0,"ip":"2606:4700:a0::8","connIndex":0,"time":"2026-09-04T03:40:33Z","message":"Tunnel connection curve preferences: [X25519MLKEM768 CurveID(65074) CurveP256]"}
{"level":"error","event":0,"ip":"2606:4700:a0::8","connIndex":0,"error":"context canceled","time":"2026-09-04T03:40:33Z","message":"failed to run the datagram handler"}
{"level":"error","event":0,"ip":"2606:4700:a0::8","connIndex":0,"error":"control stream encountered a failure while serving","time":"2026-09-04T03:40:33Z","message":"failed to serve tunnel connection"}
{"level":"error","event":0,"ip":"2606:4700:a0::8","connIndex":0,"error":"control stream encountered a failure while serving","time":"2026-09-04T03:40:33Z","message":"Serve tunnel error"}
{"level":"info","event":0,"ip":"2606:4700:a0::8","connIndex":0,"time":"2026-09-04T03:40:33Z","message":"Retrying connection in up to 1m4s"}
{"level":"info","event":0,"ip":"2606:4700:a0::8","connIndex":0,"time":"2026-09-04T03:40:35Z","message":"Tunnel connection curve preferences: [X25519MLKEM768 CurveID(65074) CurveP256]"}
{"level":"error","event":0,"ip":"2606:4700:a0::8","connIndex":0,"error":"context canceled","time":"2026-09-04T03:40:35Z","message":"failed to run the datagram handler"}
{"level":"error","event":0,"ip":"2606:4700:a0::8","connIndex":0,"error":"control stream encountered a failure while serving","time":"2026-09-04T03:40:35Z","message":"failed to serve tunnel connection"}
{"level":"error","event":0,"ip":"2606:4700:a0::8","connIndex":0,"error":"control stream encountered a failure while serving","time":"2026-09-04T03:40:35Z","message":"Serve tunnel error"}
{"level":"info","event":0,"ip":"2606:4700:a0::8","connIndex":0,"time":"2026-09-04T03:40:35Z","message":"Retrying connection in up to 1m4s"}
{"level":"info","event":0,"ip":"2606:4700:a0::8","connIndex":0,"time":"2026-09-04T03:40:56Z","message":"Tunnel connection curve preferences: [X25519MLKEM768 CurveID(65074) CurveP256]"}
{"level":"error","event":0,"ip":"2606:4700:a0::8","connIndex":0,"error":"context canceled","time":"2026-09-04T03:40:56Z","message":"failed to run the datagram handler"}
{"level":"error","event":0,"ip":"2606:4700:a0::8","connIndex":0,"error":"control stream encountered a failure while serving","time":"2026-09-04T03:40:56Z","message":"failed to serve tunnel connection"}
{"level":"error","event":0,"ip":"2606:4700:a0::8","connIndex":0,"error":"control stream encountered a failure while serving","time":"2026-09-04T03:40:56Z","message":"Serve tunnel error"}
{"level":"info","event":0,"ip":"2606:4700:a0::8","connIndex":0,"time":"2026-09-04T03:40:56Z","message":"Retrying connection in up to 1m4s"}
{"level":"info","event":0,"ip":"2606:4700:a0::8","connIndex":0,"time":"2026-09-04T03:41:18Z","message":"Tunnel connection curve preferences: [X25519MLKEM768 CurveID(65074) CurveP256]"}
{"level":"error","event":0,"ip":"2606:4700:a0::8","connIndex":0,"error":"context canceled","time":"2026-09-04T03:41:19Z","message":"failed to run the datagram handler"}
{"level":"error","event":0,"ip":"2606:4700:a0::8","connIndex":0,"error":"control stream encountered a failure while serving","time":"2026-09-04T03:41:19Z","message":"failed to serve tunnel connection"}
{"level":"error","event":0,"ip":"2606:4700:a0::8","connIndex":0,"error":"control stream encountered a failure while serving","time":"2026-09-04T03:41:19Z","message":"Serve tunnel error"}
{"level":"info","event":0,"ip":"2606:4700:a0::8","connIndex":0,"time":"2026-09-04T03:41:19Z","message":"Retrying connection in up to 1m4s"}
{"level":"info","event":0,"ip":"2606:4700:a0::8","connIndex":0,"time":"2026-09-04T03:41:48Z","message":"Tunnel connection curve preferences: [X25519MLKEM768 CurveID(65074) CurveP256]"}
{"level":"error","event":0,"ip":"2606:4700:a0::8","connIndex":0,"error":"context canceled","time":"2026-09-04T03:41:48Z","message":"failed to run the datagram handler"}
{"level":"error","event":0,"ip":"2606:4700:a0::8","connIndex":0,"error":"control stream encountered a failure while serving","time":"2026-09-04T03:41:48Z","message":"failed to serve tunnel connection"}
{"level":"error","event":0,"ip":"2606:4700:a0::8","connIndex":0,"error":"control stream encountered a failure while serving","time":"2026-09-04T03:41:48Z","message":"Serve tunnel error"}
{"level":"info","event":0,"ip":"2606:4700:a0::8","connIndex":0,"time":"2026-09-04T03:41:48Z","message":"Retrying connection in up to 1m4s"}
{"level":"info","event":0,"ip":"2606:4700:a0::8","connIndex":0,"time":"2026-09-04T03:41:51Z","message":"Tunnel connection curve preferences: [X25519MLKEM768 CurveID(65074) CurveP256]"}
{"level":"error","event":0,"ip":"2606:4700:a0::8","connIndex":0,"error":"context canceled","time":"2026-09-04T03:41:51Z","message":"failed to run the datagram handler"}
{"level":"error","event":0,"ip":"2606:4700:a0::8","connIndex":0,"error":"control stream encountered a failure while serving","time":"2026-09-04T03:41:51Z","message":"failed to serve tunnel connection"}
{"level":"error","event":0,"ip":"2606:4700:a0::8","connIndex":0,"error":"control stream encountered a failure while serving","time":"2026-09-04T03:41:51Z","message":"Serve tunnel error"}
{"level":"info","event":0,"ip":"2606:4700:a0::8","connIndex":0,"time":"2026-09-04T03:41:51Z","message":"Retrying connection in up to 1m4s"}
{"level":"info","event":0,"ip":"2606:4700:a0::8","connIndex":0,"time":"2026-09-04T03:41:55Z","message":"Tunnel connection curve preferences: [X25519MLKEM768 CurveID(65074) CurveP256]"}
{"level":"error","event":0,"ip":"2606:4700:a0::8","connIndex":0,"error":"context canceled","time":"2026-09-04T03:41:55Z","message":"failed to run the datagram handler"}
{"level":"error","event":0,"ip":"2606:4700:a0::8","connIndex":0,"error":"control stream encountered a failure while serving","time":"2026-09-04T03:41:55Z","message":"failed to serve tunnel connection"}
{"level":"error","event":0,"ip":"2606:4700:a0::8","connIndex":0,"error":"control stream encountered a failure while serving","time":"2026-09-04T03:41:55Z","message":"Serve tunnel error"}
{"level":"info","event":0,"ip":"2606:4700:a0::8","connIndex":0,"time":"2026-09-04T03:41:55Z","message":"Retrying connection in up to 1m4s"}
{"level":"info","event":0,"ip":"2606:4700:a0::8","connIndex":0,"time":"2026-09-04T03:42:05Z","message":"Tunnel connection curve preferences: [X25519MLKEM768 CurveID(65074) CurveP256]"}
{"level":"error","event":0,"ip":"2606:4700:a0::8","connIndex":0,"error":"context canceled","time":"2026-09-04T03:42:05Z","message":"failed to run the datagram handler"}
{"level":"error","event":0,"ip":"2606:4700:a0::8","connIndex":0,"error":"control stream encountered a failure while serving","time":"2026-09-04T03:42:05Z","message":"failed to serve tunnel connection"}
{"level":"error","event":0,"ip":"2606:4700:a0::8","connIndex":0,"error":"control stream encountered a failure while serving","time":"2026-09-04T03:42:05Z","message":"Serve tunnel error"}
{"level":"info","event":0,"ip":"2606:4700:a0::8","connIndex":0,"time":"2026-09-04T03:42:05Z","message":"Retrying connection in up to 1m4s"}
{"level":"info","event":0,"ip":"2606:4700:a0::8","connIndex":0,"time":"2026-09-04T03:42:06Z","message":"Tunnel connection curve preferences: [X25519MLKEM768 CurveID(65074) CurveP256]"}
{"level":"error","event":0,"ip":"2606:4700:a0::8","connIndex":0,"error":"context canceled","time":"2026-09-04T03:42:06Z","message":"failed to run the datagram handler"}
{"level":"error","event":0,"ip":"2606:4700:a0::8","connIndex":0,"error":"control stream encountered a failure while serving","time":"2026-09-04T03:42:06Z","message":"failed to serve tunnel connection"}
{"level":"error","event":0,"ip":"2606:4700:a0::8","connIndex":0,"error":"control stream encountered a failure while serving","time":"2026-09-04T03:42:06Z","message":"Serve tunnel error"}
{"level":"info","event":0,"ip":"2606:4700:a0::8","connIndex":0,"time":"2026-09-04T03:42:06Z","message":"Retrying connection in up to 1m4s"}
{"level":"info","event":0,"ip":"2606:4700:a0::8","connIndex":0,"time":"2026-09-04T03:42:20Z","message":"Tunnel connection curve preferences: [X25519MLKEM768 CurveID(65074) CurveP256]"}
{"level":"error","event":0,"ip":"2606:4700:a0::8","connIndex":0,"error":"context canceled","time":"2026-09-04T03:42:20Z","message":"failed to run the datagram handler"}
{"level":"error","event":0,"ip":"2606:4700:a0::8","connIndex":0,"error":"control stream encountered a failure while serving","time":"2026-09-04T03:42:20Z","message":"failed to serve tunnel connection"}
{"level":"error","event":0,"ip":"2606:4700:a0::8","connIndex":0,"error":"control stream encountered a failure while serving","time":"2026-09-04T03:42:20Z","message":"Serve tunnel error"}
{"level":"info","event":0,"ip":"2606:4700:a0::8","connIndex":0,"time":"2026-09-04T03:42:20Z","message":"Retrying connection in up to 1m4s"}
{"level":"info","event":0,"ip":"2606:4700:a0::8","connIndex":0,"time":"2026-09-04T03:42:31Z","message":"Tunnel connection curve preferences: [X25519MLKEM768 CurveID(65074) CurveP256]"}
{"level":"error","event":0,"ip":"2606:4700:a0::8","connIndex":0,"error":"context canceled","time":"2026-09-04T03:42:32Z","message":"failed to run the datagram handler"}
{"level":"error","event":0,"ip":"2606:4700:a0::8","connIndex":0,"error":"control stream encountered a failure while serving","time":"2026-09-04T03:42:32Z","message":"failed to serve tunnel connection"}
{"level":"error","event":0,"ip":"2606:4700:a0::8","connIndex":0,"error":"control stream encountered a failure while serving","time":"2026-09-04T03:42:32Z","message":"Serve tunnel error"}
{"level":"info","event":0,"ip":"2606:4700:a0::8","connIndex":0,"time":"2026-09-04T03:42:32Z","message":"Retrying connection in up to 1m4s"}
{"level":"info","event":0,"ip":"2606:4700:a0::8","connIndex":0,"time":"2026-09-04T03:42:47Z","message":"Tunnel connection curve preferences: [X25519MLKEM768 CurveID(65074) CurveP256]"}
{"level":"error","event":0,"ip":"2606:4700:a0::8","connIndex":0,"error":"context canceled","time":"2026-09-04T03:42:47Z","message":"failed to run the datagram handler"}
{"level":"error","event":0,"ip":"2606:4700:a0::8","connIndex":0,"error":"control stream encountered a failure while serving","time":"2026-09-04T03:42:47Z","message":"failed to serve tunnel connection"}
{"level":"error","event":0,"ip":"2606:4700:a0::8","connIndex":0,"error":"control stream encountered a failure while serving","time":"2026-09-04T03:42:47Z","message":"Serve tunnel error"}
{"level":"info","event":0,"ip":"2606:4700:a0::8","connIndex":0,"time":"2026-09-04T03:42:47Z","message":"Retrying connection in up to 1m4s"}
{"level":"info","event":0,"ip":"2606:4700:a0::8","connIndex":0,"time":"2026-09-04T03:42:58Z","message":"Tunnel connection curve preferences: [X25519MLKEM768 CurveID(65074) CurveP256]"}
{"level":"error","event":0,"ip":"2606:4700:a0::8","connIndex":0,"error":"context canceled","time":"2026-09-04T03:42:59Z","message":"failed to run the datagram handler"}
{"level":"error","event":0,"ip":"2606:4700:a0::8","connIndex":0,"error":"control stream encountered a failure while serving","time":"2026-09-04T03:42:59Z","message":"failed to serve tunnel connection"}
{"level":"error","event":0,"ip":"2606:4700:a0::8","connIndex":0,"error":"control stream encountered a failure while serving","time":"2026-09-04T03:42:59Z","message":"Serve tunnel error"}
{"level":"info","event":0,"ip":"2606:4700:a0::8","connIndex":0,"time":"2026-09-04T03:42:59Z","message":"Retrying connection in up to 1m4s"}
{"level":"info","event":0,"ip":"2606:4700:a0::8","connIndex":0,"time":"2026-09-04T03:43:13Z","message":"Tunnel connection curve preferences: [X25519MLKEM768 CurveID(65074) CurveP256]"}
{"level":"error","event":0,"ip":"2606:4700:a0::8","connIndex":0,"error":"context canceled","time":"2026-09-04T03:43:13Z","message":"failed to run the datagram handler"}
{"level":"error","event":0,"ip":"2606:4700:a0::8","connIndex":0,"error":"control stream encountered a failure while serving","time":"2026-09-04T03:43:13Z","message":"failed to serve tunnel connection"}
{"level":"error","event":0,"ip":"2606:4700:a0::8","connIndex":0,"error":"control stream encountered a failure while serving","time":"2026-09-04T03:43:13Z","message":"Serve tunnel error"}
{"level":"info","event":0,"ip":"2606:4700:a0::8","connIndex":0,"time":"2026-09-04T03:43:13Z","message":"Retrying connection in up to 1m4s"}
{"level":"info","event":0,"ip":"2606:4700:a0::8","connIndex":0,"time":"2026-09-04T03:43:23Z","message":"Tunnel connection curve preferences: [X25519MLKEM768 CurveID(65074) CurveP256]"}
{"level":"error","event":0,"ip":"2606:4700:a0::8","connIndex":0,"error":"context canceled","time":"2026-09-04T03:43:23Z","message":"failed to run the datagram handler"}
{"level":"error","event":0,"ip":"2606:4700:a0::8","connIndex":0,"error":"control stream encountered a failure while serving","time":"2026-09-04T03:43:23Z","message":"failed to serve tunnel connection"}
{"level":"error","event":0,"ip":"2606:4700:a0::8","connIndex":0,"error":"control stream encountered a failure while serving","time":"2026-09-04T03:43:23Z","message":"Serve tunnel error"}
{"level":"info","event":0,"ip":"2606:4700:a0::8","connIndex":0,"time":"2026-09-04T03:43:23Z","message":"Retrying connection in up to 1m4s"}
{"level":"info","event":0,"ip":"2606:4700:a0::8","connIndex":0,"time":"2026-09-04T03:43:31Z","message":"Tunnel connection curve preferences: [X25519MLKEM768 CurveID(65074) CurveP256]"}
{"level":"error","event":0,"ip":"2606:4700:a0::8","connIndex":0,"error":"context canceled","time":"2026-09-04T03:43:31Z","message":"failed to run the datagram handler"}
{"level":"error","event":0,"ip":"2606:4700:a0::8","connIndex":0,"error":"control stream encountered a failure while serving","time":"2026-09-04T03:43:31Z","message":"failed to serve tunnel connection"}
{"level":"error","event":0,"ip":"2606:4700:a0::8","connIndex":0,"error":"control stream encountered a failure while serving","time":"2026-09-04T03:43:31Z","message":"Serve tunnel error"}
{"level":"info","event":0,"ip":"2606:4700:a0::8","connIndex":0,"time":"2026-09-04T03:43:31Z","message":"Retrying connection in up to 1m4s"}
{"level":"info","event":0,"ip":"2606:4700:a0::8","connIndex":0,"time":"2026-09-04T03:43:49Z","message":"Tunnel connection curve preferences: [X25519MLKEM768 CurveID(65074) CurveP256]"}
{"level":"error","event":0,"ip":"2606:4700:a0::8","connIndex":0,"error":"context canceled","time":"2026-09-04T03:43:50Z","message":"failed to run the datagram handler"}
{"level":"error","event":0,"ip":"2606:4700:a0::8","connIndex":0,"error":"control stream encountered a failure while serving","time":"2026-09-04T03:43:50Z","message":"failed to serve tunnel connection"}
{"level":"error","event":0,"ip":"2606:4700:a0::8","connIndex":0,"error":"control stream encountered a failure while serving","time":"2026-09-04T03:43:50Z","message":"Serve tunnel error"}
{"level":"info","event":0,"ip":"2606:4700:a0::8","connIndex":0,"time":"2026-09-04T03:43:50Z","message":"Retrying connection in up to 1m4s"}
{"level":"info","event":0,"ip":"2606:4700:a0::8","connIndex":0,"time":"2026-09-04T03:44:13Z","message":"Tunnel connection curve preferences: [X25519MLKEM768 CurveID(65074) CurveP256]"}
{"level":"error","event":0,"ip":"2606:4700:a0::8","connIndex":0,"error":"context canceled","time":"2026-09-04T03:44:13Z","message":"failed to run the datagram handler"}
{"level":"error","event":0,"ip":"2606:4700:a0::8","connIndex":0,"error":"control stream encountered a failure while serving","time":"2026-09-04T03:44:13Z","message":"failed to serve tunnel connection"}
{"level":"error","event":0,"ip":"2606:4700:a0::8","connIndex":0,"error":"control stream encountered a failure while serving","time":"2026-09-04T03:44:13Z","message":"Serve tunnel error"}
{"level":"info","event":0,"ip":"2606:4700:a0::8","connIndex":0,"time":"2026-09-04T03:44:13Z","message":"Retrying connection in up to 1m4s"}
{"level":"info","event":0,"ip":"2606:4700:a0::8","connIndex":0,"time":"2026-09-04T03:44:25Z","message":"Tunnel connection curve preferences: [X25519MLKEM768 CurveID(65074) CurveP256]"}
{"level":"error","event":0,"ip":"2606:4700:a0::8","connIndex":0,"error":"context canceled","time":"2026-09-04T03:44:25Z","message":"failed to run the datagram handler"}
{"level":"error","event":0,"ip":"2606:4700:a0::8","connIndex":0,"error":"control stream encountered a failure while serving","time":"2026-09-04T03:44:25Z","message":"failed to serve tunnel connection"}
{"level":"error","event":0,"ip":"2606:4700:a0::8","connIndex":0,"error":"control stream encountered a failure while serving","time":"2026-09-04T03:44:25Z","message":"Serve tunnel error"}
{"level":"info","event":0,"ip":"2606:4700:a0::8","connIndex":0,"time":"2026-09-04T03:44:25Z","message":"Retrying connection in up to 1m4s"}
{"level":"info","event":0,"ip":"2606:4700:a0::8","connIndex":0,"time":"2026-09-04T03:44:39Z","message":"Tunnel connection curve preferences: [X25519MLKEM768 CurveID(65074) CurveP256]"}
{"level":"error","event":0,"ip":"2606:4700:a0::8","connIndex":0,"error":"context canceled","time":"2026-09-04T03:44:39Z","message":"failed to run the datagram handler"}
{"level":"error","event":0,"ip":"2606:4700:a0::8","connIndex":0,"error":"control stream encountered a failure while serving","time":"2026-09-04T03:44:39Z","message":"failed to serve tunnel connection"}
{"level":"error","event":0,"ip":"2606:4700:a0::8","connIndex":0,"error":"control stream encountered a failure while serving","time":"2026-09-04T03:44:39Z","message":"Serve tunnel error"}
{"level":"info","event":0,"ip":"2606:4700:a0::8","connIndex":0,"time":"2026-09-04T03:44:39Z","message":"Retrying connection in up to 1m4s"}
{"level":"info","event":0,"ip":"2606:4700:a0::8","connIndex":0,"time":"2026-09-04T03:44:57Z","message":"Tunnel connection curve preferences: [X25519MLKEM768 CurveID(65074) CurveP256]"}
{"level":"error","event":0,"ip":"2606:4700:a0::8","connIndex":0,"error":"context canceled","time":"2026-09-04T03:44:57Z","message":"failed to run the datagram handler"}
{"level":"error","event":0,"ip":"2606:4700:a0::8","connIndex":0,"error":"control stream encountered a failure while serving","time":"2026-09-04T03:44:57Z","message":"failed to serve tunnel connection"}
{"level":"error","event":0,"ip":"2606:4700:a0::8","connIndex":0,"error":"control stream encountered a failure while serving","time":"2026-09-04T03:44:57Z","message":"Serve tunnel error"}
{"level":"info","event":0,"ip":"2606:4700:a0::8","connIndex":0,"time":"2026-09-04T03:44:57Z","message":"Retrying connection in up to 1m4s"}
{"level":"info","event":0,"ip":"2606:4700:a0::8","connIndex":0,"time":"2026-09-04T03:45:26Z","message":"Tunnel connection curve preferences: [X25519MLKEM768 CurveID(65074) CurveP256]"}
{"level":"error","event":0,"ip":"2606:4700:a0::8","connIndex":0,"error":"context canceled","time":"2026-09-04T03:45:26Z","message":"failed to run the datagram handler"}
{"level":"error","event":0,"ip":"2606:4700:a0::8","connIndex":0,"error":"control stream encountered a failure while serving","time":"2026-09-04T03:45:26Z","message":"failed to serve tunnel connection"}
{"level":"error","event":0,"ip":"2606:4700:a0::8","connIndex":0,"error":"control stream encountered a failure while serving","time":"2026-09-04T03:45:26Z","message":"Serve tunnel error"}
{"level":"info","event":0,"ip":"2606:4700:a0::8","connIndex":0,"time":"2026-09-04T03:45:26Z","message":"Retrying connection in up to 1m4s"}
{"level":"info","event":0,"ip":"2606:4700:a0::8","connIndex":0,"time":"2026-09-04T03:45:55Z","message":"Tunnel connection curve preferences: [X25519MLKEM768 CurveID(65074) CurveP256]"}
{"level":"error","event":0,"ip":"2606:4700:a0::8","connIndex":0,"error":"context canceled","time":"2026-09-04T03:45:55Z","message":"failed to run the datagram handler"}
{"level":"error","event":0,"ip":"2606:4700:a0::8","connIndex":0,"error":"control stream encountered a failure while serving","time":"2026-09-04T03:45:55Z","message":"failed to serve tunnel connection"}
{"level":"error","event":0,"ip":"2606:4700:a0::8","connIndex":0,"error":"control stream encountered a failure while serving","time":"2026-09-04T03:45:55Z","message":"Serve tunnel error"}
{"level":"info","event":0,"ip":"2606:4700:a0::8","connIndex":0,"time":"2026-09-04T03:45:55Z","message":"Retrying connection in up to 1m4s"}
{"level":"info","event":0,"ip":"2606:4700:a0::8","connIndex":0,"time":"2026-09-04T03:46:25Z","message":"Tunnel connection curve preferences: [X25519MLKEM768 CurveID(65074) CurveP256]"}
{"level":"error","event":0,"ip":"2606:4700:a0::8","connIndex":0,"error":"context canceled","time":"2026-09-04T03:46:25Z","message":"failed to run the datagram handler"}
{"level":"error","event":0,"ip":"2606:4700:a0::8","connIndex":0,"error":"control stream encountered a failure while serving","time":"2026-09-04T03:46:25Z","message":"failed to serve tunnel connection"}
{"level":"error","event":0,"ip":"2606:4700:a0::8","connIndex":0,"error":"control stream encountered a failure while serving","time":"2026-09-04T03:46:25Z","message":"Serve tunnel error"}
{"level":"info","event":0,"ip":"2606:4700:a0::8","connIndex":0,"time":"2026-09-04T03:46:25Z","message":"Retrying connection in up to 1m4s"}
{"level":"info","event":0,"ip":"2606:4700:a0::8","connIndex":0,"time":"2026-09-04T03:46:36Z","message":"Tunnel connection curve preferences: [X25519MLKEM768 CurveID(65074) CurveP256]"}
{"level":"error","event":0,"ip":"2606:4700:a0::8","connIndex":0,"error":"context canceled","time":"2026-09-04T03:46:36Z","message":"failed to run the datagram handler"}
{"level":"error","event":0,"ip":"2606:4700:a0::8","connIndex":0,"error":"control stream encountered a failure while serving","time":"2026-09-04T03:46:36Z","message":"failed to serve tunnel connection"}
{"level":"error","event":0,"ip":"2606:4700:a0::8","connIndex":0,"error":"control stream encountered a failure while serving","time":"2026-09-04T03:46:36Z","message":"Serve tunnel error"}
{"level":"info","event":0,"ip":"2606:4700:a0::8","connIndex":0,"time":"2026-09-04T03:46:36Z","message":"Retrying connection in up to 1m4s"}
{"level":"info","event":0,"ip":"2606:4700:a0::8","connIndex":0,"time":"2026-09-04T03:46:48Z","message":"Tunnel connection curve preferences: [X25519MLKEM768 CurveID(65074) CurveP256]"}
{"level":"error","event":0,"ip":"2606:4700:a0::8","connIndex":0,"error":"context canceled","time":"2026-09-04T03:46:48Z","message":"failed to run the datagram handler"}
{"level":"error","event":0,"ip":"2606:4700:a0::8","connIndex":0,"error":"control stream encountered a failure while serving","time":"2026-09-04T03:46:48Z","message":"failed to serve tunnel connection"}
{"level":"error","event":0,"ip":"2606:4700:a0::8","connIndex":0,"error":"control stream encountered a failure while serving","time":"2026-09-04T03:46:48Z","message":"Serve tunnel error"}
{"level":"info","event":0,"ip":"2606:4700:a0::8","connIndex":0,"time":"2026-09-04T03:46:48Z","message":"Retrying connection in up to 1m4s"}
{"level":"info","event":0,"ip":"2606:4700:a0::8","connIndex":0,"time":"2026-09-04T03:46:53Z","message":"Tunnel connection curve preferences: [X25519MLKEM768 CurveID(65074) CurveP256]"}
{"level":"error","event":0,"ip":"2606:4700:a0::8","connIndex":0,"error":"context canceled","time":"2026-09-04T03:46:53Z","message":"failed to run the datagram handler"}
{"level":"error","event":0,"ip":"2606:4700:a0::8","connIndex":0,"error":"control stream encountered a failure while serving","time":"2026-09-04T03:46:53Z","message":"failed to serve tunnel connection"}
{"level":"error","event":0,"ip":"2606:4700:a0::8","connIndex":0,"error":"control stream encountered a failure while serving","time":"2026-09-04T03:46:53Z","message":"Serve tunnel error"}
{"level":"info","event":0,"ip":"2606:4700:a0::8","connIndex":0,"time":"2026-09-04T03:46:53Z","message":"Retrying connection in up to 1m4s"}
{"level":"info","event":0,"ip":"2606:4700:a0::8","connIndex":0,"time":"2026-09-04T03:47:06Z","message":"Tunnel connection curve preferences: [X25519MLKEM768 CurveID(65074) CurveP256]"}
{"level":"error","event":0,"ip":"2606:4700:a0::8","connIndex":0,"error":"context canceled","time":"2026-09-04T03:47:06Z","message":"failed to run the datagram handler"}
{"level":"error","event":0,"ip":"2606:4700:a0::8","connIndex":0,"error":"control stream encountered a failure while serving","time":"2026-09-04T03:47:06Z","message":"failed to serve tunnel connection"}
{"level":"error","event":0,"ip":"2606:4700:a0::8","connIndex":0,"error":"control stream encountered a failure while serving","time":"2026-09-04T03:47:06Z","message":"Serve tunnel error"}
{"level":"info","event":0,"ip":"2606:4700:a0::8","connIndex":0,"time":"2026-09-04T03:47:06Z","message":"Retrying connection in up to 1m4s"}
{"level":"info","event":0,"ip":"2606:4700:a0::8","connIndex":0,"time":"2026-09-04T03:47:32Z","message":"Tunnel connection curve preferences: [X25519MLKEM768 CurveID(65074) CurveP256]"}
{"level":"error","event":0,"ip":"2606:4700:a0::8","connIndex":0,"error":"context canceled","time":"2026-09-04T03:47:32Z","message":"failed to run the datagram handler"}
{"level":"error","event":0,"ip":"2606:4700:a0::8","connIndex":0,"error":"control stream encountered a failure while serving","time":"2026-09-04T03:47:32Z","message":"failed to serve tunnel connection"}
{"level":"error","event":0,"ip":"2606:4700:a0::8","connIndex":0,"error":"control stream encountered a failure while serving","time":"2026-09-04T03:47:32Z","message":"Serve tunnel error"}
{"level":"info","event":0,"ip":"2606:4700:a0::8","connIndex":0,"time":"2026-09-04T03:47:32Z","message":"Retrying connection in up to 1m4s"}
{"level":"info","event":0,"ip":"2606:4700:a0::8","connIndex":0,"time":"2026-09-04T03:47:57Z","message":"Tunnel connection curve preferences: [X25519MLKEM768 CurveID(65074) CurveP256]"}
{"level":"error","event":0,"ip":"2606:4700:a0::8","connIndex":0,"error":"context canceled","time":"2026-09-04T03:47:57Z","message":"failed to run the datagram handler"}
{"level":"error","event":0,"ip":"2606:4700:a0::8","connIndex":0,"error":"control stream encountered a failure while serving","time":"2026-09-04T03:47:57Z","message":"failed to serve tunnel connection"}
{"level":"error","event":0,"ip":"2606:4700:a0::8","connIndex":0,"error":"control stream encountered a failure while serving","time":"2026-09-04T03:47:57Z","message":"Serve tunnel error"}
{"level":"info","event":0,"ip":"2606:4700:a0::8","connIndex":0,"time":"2026-09-04T03:47:57Z","message":"Retrying connection in up to 1m4s"}
{"level":"info","event":0,"ip":"2606:4700:a0::8","connIndex":0,"time":"2026-09-04T03:48:24Z","message":"Tunnel connection curve preferences: [X25519MLKEM768 CurveID(65074) CurveP256]"}
{"level":"error","event":0,"ip":"2606:4700:a0::8","connIndex":0,"error":"context canceled","time":"2026-09-04T03:48:24Z","message":"failed to run the datagram handler"}
{"level":"error","event":0,"ip":"2606:4700:a0::8","connIndex":0,"error":"control stream encountered a failure while serving","time":"2026-09-04T03:48:24Z","message":"failed to serve tunnel connection"}
{"level":"error","event":0,"ip":"2606:4700:a0::8","connIndex":0,"error":"control stream encountered a failure while serving","time":"2026-09-04T03:48:24Z","message":"Serve tunnel error"}
{"level":"info","event":0,"ip":"2606:4700:a0::8","connIndex":0,"time":"2026-09-04T03:48:24Z","message":"Retrying connection in up to 1m4s"}
{"level":"info","event":0,"ip":"2606:4700:a0::8","connIndex":0,"time":"2026-09-04T03:48:48Z","message":"Tunnel connection curve preferences: [X25519MLKEM768 CurveID(65074) CurveP256]"}
{"level":"error","event":0,"ip":"2606:4700:a0::8","connIndex":0,"error":"context canceled","time":"2026-09-04T03:48:48Z","message":"failed to run the datagram handler"}
{"level":"error","event":0,"ip":"2606:4700:a0::8","connIndex":0,"error":"control stream encountered a failure while serving","time":"2026-09-04T03:48:48Z","message":"failed to serve tunnel connection"}
{"level":"error","event":0,"ip":"2606:4700:a0::8","connIndex":0,"error":"control stream encountered a failure while serving","time":"2026-09-04T03:48:48Z","message":"Serve tunnel error"}
{"level":"info","event":0,"ip":"2606:4700:a0::8","connIndex":0,"time":"2026-09-04T03:48:48Z","message":"Retrying connection in up to 1m4s"}
{"level":"info","event":0,"ip":"2606:4700:a0::8","connIndex":0,"time":"2026-09-04T03:48:54Z","message":"Tunnel connection curve preferences: [X25519MLKEM768 CurveID(65074) CurveP256]"}
{"level":"error","event":0,"ip":"2606:4700:a0::8","connIndex":0,"error":"context canceled","time":"2026-09-04T03:48:54Z","message":"failed to run the datagram handler"}
{"level":"error","event":0,"ip":"2606:4700:a0::8","connIndex":0,"error":"control stream encountered a failure while serving","time":"2026-09-04T03:48:54Z","message":"failed to serve tunnel connection"}
{"level":"error","event":0,"ip":"2606:4700:a0::8","connIndex":0,"error":"control stream encountered a failure while serving","time":"2026-09-04T03:48:54Z","message":"Serve tunnel error"}
{"level":"info","event":0,"ip":"2606:4700:a0::8","connIndex":0,"time":"2026-09-04T03:48:54Z","message":"Retrying connection in up to 1m4s"}
{"level":"info","event":0,"ip":"2606:4700:a0::8","connIndex":0,"time":"2026-09-04T03:49:01Z","message":"Tunnel connection curve preferences: [X25519MLKEM768 CurveID(65074) CurveP256]"}
{"level":"error","event":0,"ip":"2606:4700:a0::8","connIndex":0,"error":"context canceled","time":"2026-09-04T03:49:01Z","message":"failed to run the datagram handler"}
{"level":"error","event":0,"ip":"2606:4700:a0::8","connIndex":0,"error":"control stream encountered a failure while serving","time":"2026-09-04T03:49:01Z","message":"failed to serve tunnel connection"}
{"level":"error","event":0,"ip":"2606:4700:a0::8","connIndex":0,"error":"control stream encountered a failure while serving","time":"2026-09-04T03:49:01Z","message":"Serve tunnel error"}
{"level":"info","event":0,"ip":"2606:4700:a0::8","connIndex":0,"time":"2026-09-04T03:49:01Z","message":"Retrying connection in up to 1m4s"}
{"level":"info","event":0,"ip":"2606:4700:a0::8","connIndex":0,"time":"2026-09-04T03:49:21Z","message":"Tunnel connection curve preferences: [X25519MLKEM768 CurveID(65074) CurveP256]"}
{"level":"error","event":0,"ip":"2606:4700:a0::8","connIndex":0,"error":"context canceled","time":"2026-09-04T03:49:21Z","message":"failed to run the datagram handler"}
{"level":"error","event":0,"ip":"2606:4700:a0::8","connIndex":0,"error":"control stream encountered a failure while serving","time":"2026-09-04T03:49:21Z","message":"failed to serve tunnel connection"}
{"level":"error","event":0,"ip":"2606:4700:a0::8","connIndex":0,"error":"control stream encountered a failure while serving","time":"2026-09-04T03:49:21Z","message":"Serve tunnel error"}
{"level":"info","event":0,"ip":"2606:4700:a0::8","connIndex":0,"time":"2026-09-04T03:49:21Z","message":"Retrying connection in up to 1m4s"}
{"level":"info","event":0,"ip":"2606:4700:a0::8","connIndex":0,"time":"2026-09-04T03:49:28Z","message":"Tunnel connection curve preferences: [X25519MLKEM768 CurveID(65074) CurveP256]"}
{"level":"error","event":0,"ip":"2606:4700:a0::8","connIndex":0,"error":"context canceled","time":"2026-09-04T03:49:28Z","message":"failed to run the datagram handler"}
{"level":"error","event":0,"ip":"2606:4700:a0::8","connIndex":0,"error":"control stream encountered a failure while serving","time":"2026-09-04T03:49:28Z","message":"failed to serve tunnel connection"}
{"level":"error","event":0,"ip":"2606:4700:a0::8","connIndex":0,"error":"control stream encountered a failure while serving","time":"2026-09-04T03:49:28Z","message":"Serve tunnel error"}
{"level":"info","event":0,"ip":"2606:4700:a0::8","connIndex":0,"time":"2026-09-04T03:49:28Z","message":"Retrying connection in up to 1m4s"}
{"level":"info","event":0,"ip":"2606:4700:a0::8","connIndex":0,"time":"2026-09-04T03:49:41Z","message":"Tunnel connection curve preferences: [X25519MLKEM768 CurveID(65074) CurveP256]"}
{"level":"error","event":0,"ip":"2606:4700:a0::8","connIndex":0,"error":"context canceled","time":"2026-09-04T03:49:41Z","message":"failed to run the datagram handler"}
{"level":"error","event":0,"ip":"2606:4700:a0::8","connIndex":0,"error":"control stream encountered a failure while serving","time":"2026-09-04T03:49:41Z","message":"failed to serve tunnel connection"}
{"level":"error","event":0,"ip":"2606:4700:a0::8","connIndex":0,"error":"control stream encountered a failure while serving","time":"2026-09-04T03:49:41Z","message":"Serve tunnel error"}
{"level":"info","event":0,"ip":"2606:4700:a0::8","connIndex":0,"time":"2026-09-04T03:49:41Z","message":"Retrying connection in up to 1m4s"}
{"level":"info","event":0,"ip":"2606:4700:a0::8","connIndex":0,"time":"2026-09-04T03:50:11Z","message":"Tunnel connection curve preferences: [X25519MLKEM768 CurveID(65074) CurveP256]"}
{"level":"error","event":0,"ip":"2606:4700:a0::8","connIndex":0,"error":"context canceled","time":"2026-09-04T03:50:12Z","message":"failed to run the datagram handler"}
{"level":"error","event":0,"ip":"2606:4700:a0::8","connIndex":0,"error":"control stream encountered a failure while serving","time":"2026-09-04T03:50:12Z","message":"failed to serve tunnel connection"}
{"level":"error","event":0,"ip":"2606:4700:a0::8","connIndex":0,"error":"control stream encountered a failure while serving","time":"2026-09-04T03:50:12Z","message":"Serve tunnel error"}
{"level":"info","event":0,"ip":"2606:4700:a0::8","connIndex":0,"time":"2026-09-04T03:50:12Z","message":"Retrying connection in up to 1m4s"}
{"level":"info","event":0,"ip":"2606:4700:a0::8","connIndex":0,"time":"2026-09-04T03:50:24Z","message":"Tunnel connection curve preferences: [X25519MLKEM768 CurveID(65074) CurveP256]"}
{"level":"error","event":0,"ip":"2606:4700:a0::8","connIndex":0,"error":"context canceled","time":"2026-09-04T03:50:24Z","message":"failed to run the datagram handler"}
{"level":"error","event":0,"ip":"2606:4700:a0::8","connIndex":0,"error":"control stream encountered a failure while serving","time":"2026-09-04T03:50:24Z","message":"failed to serve tunnel connection"}
{"level":"error","event":0,"ip":"2606:4700:a0::8","connIndex":0,"error":"control stream encountered a failure while serving","time":"2026-09-04T03:50:24Z","message":"Serve tunnel error"}
{"level":"info","event":0,"ip":"2606:4700:a0::8","connIndex":0,"time":"2026-09-04T03:50:24Z","message":"Retrying connection in up to 1m4s"}
{"level":"info","event":0,"ip":"2606:4700:a0::8","connIndex":0,"time":"2026-09-04T03:50:49Z","message":"Tunnel connection curve preferences: [X25519MLKEM768 CurveID(65074) CurveP256]"}
{"level":"error","event":0,"ip":"2606:4700:a0::8","connIndex":0,"error":"context canceled","time":"2026-09-04T03:50:49Z","message":"failed to run the datagram handler"}
{"level":"error","event":0,"ip":"2606:4700:a0::8","connIndex":0,"error":"control stream encountered a failure while serving","time":"2026-09-04T03:50:49Z","message":"failed to serve tunnel connection"}
{"level":"error","event":0,"ip":"2606:4700:a0::8","connIndex":0,"error":"control stream encountered a failure while serving","time":"2026-09-04T03:50:49Z","message":"Serve tunnel error"}
{"level":"info","event":0,"ip":"2606:4700:a0::8","connIndex":0,"time":"2026-09-04T03:50:49Z","message":"Retrying connection in up to 1m4s"}
{"level":"info","event":0,"ip":"2606:4700:a0::8","connIndex":0,"time":"2026-09-04T03:51:06Z","message":"Tunnel connection curve preferences: [X25519MLKEM768 CurveID(65074) CurveP256]"}
{"level":"error","event":0,"ip":"2606:4700:a0::8","connIndex":0,"error":"context canceled","time":"2026-09-04T03:51:06Z","message":"failed to run the datagram handler"}
{"level":"error","event":0,"ip":"2606:4700:a0::8","connIndex":0,"error":"control stream encountered a failure while serving","time":"2026-09-04T03:51:06Z","message":"failed to serve tunnel connection"}
{"level":"error","event":0,"ip":"2606:4700:a0::8","connIndex":0,"error":"control stream encountered a failure while serving","time":"2026-09-04T03:51:06Z","message":"Serve tunnel error"}
{"level":"info","event":0,"ip":"2606:4700:a0::8","connIndex":0,"time":"2026-09-04T03:51:06Z","message":"Retrying connection in up to 1m4s"}
{"level":"info","event":0,"ip":"2606:4700:a0::8","connIndex":0,"time":"2026-09-04T03:51:32Z","message":"Tunnel connection curve preferences: [X25519MLKEM768 CurveID(65074) CurveP256]"}
{"level":"error","event":0,"ip":"2606:4700:a0::8","connIndex":0,"error":"context canceled","time":"2026-09-04T03:51:32Z","message":"failed to run the datagram handler"}
{"level":"error","event":0,"ip":"2606:4700:a0::8","connIndex":0,"error":"control stream encountered a failure while serving","time":"2026-09-04T03:51:32Z","message":"failed to serve tunnel connection"}
{"level":"error","event":0,"ip":"2606:4700:a0::8","connIndex":0,"error":"control stream encountered a failure while serving","time":"2026-09-04T03:51:32Z","message":"Serve tunnel error"}
{"level":"info","event":0,"ip":"2606:4700:a0::8","connIndex":0,"time":"2026-09-04T03:51:32Z","message":"Retrying connection in up to 1m4s"}
{"level":"info","event":0,"ip":"2606:4700:a0::8","connIndex":0,"time":"2026-09-04T03:52:03Z","message":"Tunnel connection curve preferences: [X25519MLKEM768 CurveID(65074) CurveP256]"}
{"level":"error","event":0,"ip":"2606:4700:a0::8","connIndex":0,"error":"context canceled","time":"2026-09-04T03:52:04Z","message":"failed to run the datagram handler"}
{"level":"error","event":0,"ip":"2606:4700:a0::8","connIndex":0,"error":"control stream encountered a failure while serving","time":"2026-09-04T03:52:04Z","message":"failed to serve tunnel connection"}
{"level":"error","event":0,"ip":"2606:4700:a0::8","connIndex":0,"error":"control stream encountered a failure while serving","time":"2026-09-04T03:52:04Z","message":"Serve tunnel error"}
{"level":"info","event":0,"ip":"2606:4700:a0::8","connIndex":0,"time":"2026-09-04T03:52:04Z","message":"Retrying connection in up to 1m4s"}
{"level":"info","event":0,"ip":"2606:4700:a0::8","connIndex":0,"time":"2026-09-04T03:52:16Z","message":"Tunnel connection curve preferences: [X25519MLKEM768 CurveID(65074) CurveP256]"}
{"level":"error","event":0,"ip":"2606:4700:a0::8","connIndex":0,"error":"context canceled","time":"2026-09-04T03:52:16Z","message":"failed to run the datagram handler"}
{"level":"error","event":0,"ip":"2606:4700:a0::8","connIndex":0,"error":"control stream encountered a failure while serving","time":"2026-09-04T03:52:16Z","message":"failed to serve tunnel connection"}
{"level":"error","event":0,"ip":"2606:4700:a0::8","connIndex":0,"error":"control stream encountered a failure while serving","time":"2026-09-04T03:52:16Z","message":"Serve tunnel error"}
{"level":"info","event":0,"ip":"2606:4700:a0::8","connIndex":0,"time":"2026-09-04T03:52:16Z","message":"Retrying connection in up to 1m4s"}
{"level":"info","event":0,"ip":"2606:4700:a0::8","connIndex":0,"time":"2026-09-04T03:52:42Z","message":"Tunnel connection curve preferences: [X25519MLKEM768 CurveID(65074) CurveP256]"}
{"level":"error","event":0,"ip":"2606:4700:a0::8","connIndex":0,"error":"context canceled","time":"2026-09-04T03:52:42Z","message":"failed to run the datagram handler"}
{"level":"error","event":0,"ip":"2606:4700:a0::8","connIndex":0,"error":"control stream encountered a failure while serving","time":"2026-09-04T03:52:42Z","message":"failed to serve tunnel connection"}
{"level":"error","event":0,"ip":"2606:4700:a0::8","connIndex":0,"error":"control stream encountered a failure while serving","time":"2026-09-04T03:52:42Z","message":"Serve tunnel error"}
{"level":"info","event":0,"ip":"2606:4700:a0::8","connIndex":0,"time":"2026-09-04T03:52:42Z","message":"Retrying connection in up to 1m4s"}
{"level":"info","event":0,"ip":"2606:4700:a0::8","connIndex":0,"time":"2026-09-04T03:52:42Z","message":"Tunnel connection curve preferences: [X25519MLKEM768 CurveID(65074) CurveP256]"}
{"level":"error","event":0,"ip":"2606:4700:a0::8","connIndex":0,"error":"context canceled","time":"2026-09-04T03:52:42Z","message":"failed to run the datagram handler"}
{"level":"error","event":0,"ip":"2606:4700:a0::8","connIndex":0,"error":"control stream encountered a failure while serving","time":"2026-09-04T03:52:42Z","message":"failed to serve tunnel connection"}
{"level":"error","event":0,"ip":"2606:4700:a0::8","connIndex":0,"error":"control stream encountered a failure while serving","time":"2026-09-04T03:52:42Z","message":"Serve tunnel error"}
{"level":"info","event":0,"ip":"2606:4700:a0::8","connIndex":0,"time":"2026-09-04T03:52:42Z","message":"Retrying connection in up to 1m4s"}
{"level":"info","event":0,"ip":"2606:4700:a0::8","connIndex":0,"time":"2026-09-04T03:53:10Z","message":"Tunnel connection curve preferences: [X25519MLKEM768 CurveID(65074) CurveP256]"}
{"level":"error","event":0,"ip":"2606:4700:a0::8","connIndex":0,"error":"context canceled","time":"2026-09-04T03:53:10Z","message":"failed to run the datagram handler"}
{"level":"error","event":0,"ip":"2606:4700:a0::8","connIndex":0,"error":"control stream encountered a failure while serving","time":"2026-09-04T03:53:10Z","message":"failed to serve tunnel connection"}
{"level":"error","event":0,"ip":"2606:4700:a0::8","connIndex":0,"error":"control stream encountered a failure while serving","time":"2026-09-04T03:53:10Z","message":"Serve tunnel error"}
{"level":"info","event":0,"ip":"2606:4700:a0::8","connIndex":0,"time":"2026-09-04T03:53:10Z","message":"Retrying connection in up to 1m4s"}
{"level":"info","event":0,"ip":"2606:4700:a0::8","connIndex":0,"time":"2026-09-04T03:53:22Z","message":"Tunnel connection curve preferences: [X25519MLKEM768 CurveID(65074) CurveP256]"}
{"level":"error","event":0,"ip":"2606:4700:a0::8","connIndex":0,"error":"context canceled","time":"2026-09-04T03:53:22Z","message":"failed to run the datagram handler"}
{"level":"error","event":0,"ip":"2606:4700:a0::8","connIndex":0,"error":"control stream encountered a failure while serving","time":"2026-09-04T03:53:22Z","message":"failed to serve tunnel connection"}
{"level":"error","event":0,"ip":"2606:4700:a0::8","connIndex":0,"error":"control stream encountered a failure while serving","time":"2026-09-04T03:53:22Z","message":"Serve tunnel error"}
{"level":"info","event":0,"ip":"2606:4700:a0::8","connIndex":0,"time":"2026-09-04T03:53:22Z","message":"Retrying connection in up to 1m4s"}
{"level":"info","event":0,"ip":"2606:4700:a0::8","connIndex":0,"time":"2026-09-04T03:53:52Z","message":"Tunnel connection curve preferences: [X25519MLKEM768 CurveID(65074) CurveP256]"}
{"level":"error","event":0,"ip":"2606:4700:a0::8","connIndex":0,"error":"context canceled","time":"2026-09-04T03:53:52Z","message":"failed to run the datagram handler"}
{"level":"error","event":0,"ip":"2606:4700:a0::8","connIndex":0,"error":"control stream encountered a failure while serving","time":"2026-09-04T03:53:52Z","message":"failed to serve tunnel connection"}
{"level":"error","event":0,"ip":"2606:4700:a0::8","connIndex":0,"error":"control stream encountered a failure while serving","time":"2026-09-04T03:53:52Z","message":"Serve tunnel error"}
{"level":"info","event":0,"ip":"2606:4700:a0::8","connIndex":0,"time":"2026-09-04T03:53:52Z","message":"Retrying connection in up to 1m4s"}
{"level":"info","event":0,"ip":"2606:4700:a0::8","connIndex":0,"time":"2026-09-04T03:54:02Z","message":"Tunnel connection curve preferences: [X25519MLKEM768 CurveID(65074) CurveP256]"}
{"level":"error","event":0,"ip":"2606:4700:a0::8","connIndex":0,"error":"context canceled","time":"2026-09-04T03:54:02Z","message":"failed to run the datagram handler"}
{"level":"error","event":0,"ip":"2606:4700:a0::8","connIndex":0,"error":"control stream encountered a failure while serving","time":"2026-09-04T03:54:02Z","message":"failed to serve tunnel connection"}
{"level":"error","event":0,"ip":"2606:4700:a0::8","connIndex":0,"error":"control stream encountered a failure while serving","time":"2026-09-04T03:54:02Z","message":"Serve tunnel error"}
{"level":"info","event":0,"ip":"2606:4700:a0::8","connIndex":0,"time":"2026-09-04T03:54:02Z","message":"Retrying connection in up to 1m4s"}
{"level":"info","event":0,"ip":"2606:4700:a0::8","connIndex":0,"time":"2026-09-04T03:54:13Z","message":"Tunnel connection curve preferences: [X25519MLKEM768 CurveID(65074) CurveP256]"}
{"level":"error","event":0,"ip":"2606:4700:a0::8","connIndex":0,"error":"context canceled","time":"2026-09-04T03:54:13Z","message":"failed to run the datagram handler"}
{"level":"error","event":0,"ip":"2606:4700:a0::8","connIndex":0,"error":"control stream encountered a failure while serving","time":"2026-09-04T03:54:13Z","message":"failed to serve tunnel connection"}
{"level":"error","event":0,"ip":"2606:4700:a0::8","connIndex":0,"error":"control stream encountered a failure while serving","time":"2026-09-04T03:54:13Z","message":"Serve tunnel error"}
{"level":"info","event":0,"ip":"2606:4700:a0::8","connIndex":0,"time":"2026-09-04T03:54:13Z","message":"Retrying connection in up to 1m4s"}
{"level":"info","event":0,"ip":"2606:4700:a0::8","connIndex":0,"time":"2026-09-04T03:54:17Z","message":"Tunnel connection curve preferences: [X25519MLKEM768 CurveID(65074) CurveP256]"}
{"level":"error","event":0,"ip":"2606:4700:a0::8","connIndex":0,"error":"context canceled","time":"2026-09-04T03:54:17Z","message":"failed to run the datagram handler"}
{"level":"error","event":0,"ip":"2606:4700:a0::8","connIndex":0,"error":"control stream encountered a failure while serving","time":"2026-09-04T03:54:17Z","message":"failed to serve tunnel connection"}
{"level":"error","event":0,"ip":"2606:4700:a0::8","connIndex":0,"error":"control stream encountered a failure while serving","time":"2026-09-04T03:54:17Z","message":"Serve tunnel error"}
{"level":"info","event":0,"ip":"2606:4700:a0::8","connIndex":0,"time":"2026-09-04T03:54:17Z","message":"Retrying connection in up to 1m4s"}
{"level":"info","event":0,"ip":"2606:4700:a0::8","connIndex":0,"time":"2026-09-04T03:55:32Z","message":"Tunnel connection curve preferences: [X25519MLKEM768 CurveID(65074) CurveP256]"}
{"level":"error","event":0,"ip":"2606:4700:a0::8","connIndex":0,"error":"context canceled","time":"2026-09-04T03:55:32Z","message":"failed to run the datagram handler"}
{"level":"error","event":0,"ip":"2606:4700:a0::8","connIndex":0,"error":"control stream encountered a failure while serving","time":"2026-09-04T03:55:32Z","message":"failed to serve tunnel connection"}
{"level":"error","event":0,"ip":"2606:4700:a0::8","connIndex":0,"error":"control stream encountered a failure while serving","time":"2026-09-04T03:55:32Z","message":"Serve tunnel error"}
{"level":"info","event":0,"ip":"2606:4700:a0::8","connIndex":0,"time":"2026-09-04T03:55:32Z","message":"Retrying connection in up to 1m4s"}
{"level":"info","event":0,"ip":"2606:4700:a0::8","connIndex":0,"time":"2026-09-04T03:56:01Z","message":"Tunnel connection curve preferences: [X25519MLKEM768 CurveID(65074) CurveP256]"}
{"level":"error","event":0,"ip":"2606:4700:a0::8","connIndex":0,"error":"context canceled","time":"2026-09-04T03:56:01Z","message":"failed to run the datagram handler"}
{"level":"error","event":0,"ip":"2606:4700:a0::8","connIndex":0,"error":"control stream encountered a failure while serving","time":"2026-09-04T03:56:01Z","message":"failed to serve tunnel connection"}
{"level":"error","event":0,"ip":"2606:4700:a0::8","connIndex":0,"error":"control stream encountered a failure while serving","time":"2026-09-04T03:56:01Z","message":"Serve tunnel error"}
{"level":"info","event":0,"ip":"2606:4700:a0::8","connIndex":0,"time":"2026-09-04T03:56:01Z","message":"Retrying connection in up to 1m4s"}
{"level":"info","event":0,"ip":"2606:4700:a0::8","connIndex":0,"time":"2026-09-04T03:56:25Z","message":"Tunnel connection curve preferences: [X25519MLKEM768 CurveID(65074) CurveP256]"}
{"level":"error","event":0,"ip":"2606:4700:a0::8","connIndex":0,"error":"context canceled","time":"2026-09-04T03:56:25Z","message":"failed to run the datagram handler"}
{"level":"error","event":0,"ip":"2606:4700:a0::8","connIndex":0,"error":"control stream encountered a failure while serving","time":"2026-09-04T03:56:25Z","message":"failed to serve tunnel connection"}
{"level":"error","event":0,"ip":"2606:4700:a0::8","connIndex":0,"error":"control stream encountered a failure while serving","time":"2026-09-04T03:56:25Z","message":"Serve tunnel error"}
{"level":"info","event":0,"ip":"2606:4700:a0::8","connIndex":0,"time":"2026-09-04T03:56:25Z","message":"Retrying connection in up to 1m4s"}
{"level":"info","event":0,"ip":"2606:4700:a0::8","connIndex":0,"time":"2026-09-04T03:56:48Z","message":"Tunnel connection curve preferences: [X25519MLKEM768 CurveID(65074) CurveP256]"}
{"level":"error","event":0,"ip":"2606:4700:a0::8","connIndex":0,"error":"context canceled","time":"2026-09-04T03:56:48Z","message":"failed to run the datagram handler"}
{"level":"error","event":0,"ip":"2606:4700:a0::8","connIndex":0,"error":"control stream encountered a failure while serving","time":"2026-09-04T03:56:48Z","message":"failed to serve tunnel connection"}
{"level":"error","event":0,"ip":"2606:4700:a0::8","connIndex":0,"error":"control stream encountered a failure while serving","time":"2026-09-04T03:56:48Z","message":"Serve tunnel error"}
{"level":"info","event":0,"ip":"2606:4700:a0::8","connIndex":0,"time":"2026-09-04T03:56:48Z","message":"Retrying connection in up to 1m4s"}
{"level":"info","event":0,"ip":"2606:4700:a0::8","connIndex":0,"time":"2026-09-04T03:57:00Z","message":"Tunnel connection curve preferences: [X25519MLKEM768 CurveID(65074) CurveP256]"}
{"level":"error","event":0,"ip":"2606:4700:a0::8","connIndex":0,"error":"context canceled","time":"2026-09-04T03:57:00Z","message":"failed to run the datagram handler"}
{"level":"error","event":0,"ip":"2606:4700:a0::8","connIndex":0,"error":"control stream encountered a failure while serving","time":"2026-09-04T03:57:00Z","message":"failed to serve tunnel connection"}
{"level":"error","event":0,"ip":"2606:4700:a0::8","connIndex":0,"error":"control stream encountered a failure while serving","time":"2026-09-04T03:57:00Z","message":"Serve tunnel error"}
{"level":"info","event":0,"ip":"2606:4700:a0::8","connIndex":0,"time":"2026-09-04T03:57:00Z","message":"Retrying connection in up to 1m4s"}
{"level":"info","event":0,"ip":"2606:4700:a0::8","connIndex":0,"time":"2026-09-04T03:57:12Z","message":"Tunnel connection curve preferences: [X25519MLKEM768 CurveID(65074) CurveP256]"}
{"level":"error","event":0,"ip":"2606:4700:a0::8","connIndex":0,"error":"context canceled","time":"2026-09-04T03:57:12Z","message":"failed to run the datagram handler"}
{"level":"error","event":0,"ip":"2606:4700:a0::8","connIndex":0,"error":"control stream encountered a failure while serving","time":"2026-09-04T03:57:12Z","message":"failed to serve tunnel connection"}
{"level":"error","event":0,"ip":"2606:4700:a0::8","connIndex":0,"error":"control stream encountered a failure while serving","time":"2026-09-04T03:57:12Z","message":"Serve tunnel error"}
{"level":"info","event":0,"ip":"2606:4700:a0::8","connIndex":0,"time":"2026-09-04T03:57:12Z","message":"Retrying connection in up to 1m4s"}
{"level":"info","event":0,"ip":"2606:4700:a0::8","connIndex":0,"time":"2026-09-04T03:57:41Z","message":"Tunnel connection curve preferences: [X25519MLKEM768 CurveID(65074) CurveP256]"}
{"level":"error","event":0,"ip":"2606:4700:a0::8","connIndex":0,"error":"context canceled","time":"2026-09-04T03:57:41Z","message":"failed to run the datagram handler"}
{"level":"error","event":0,"ip":"2606:4700:a0::8","connIndex":0,"error":"control stream encountered a failure while serving","time":"2026-09-04T03:57:41Z","message":"failed to serve tunnel connection"}
{"level":"error","event":0,"ip":"2606:4700:a0::8","connIndex":0,"error":"control stream encountered a failure while serving","time":"2026-09-04T03:57:41Z","message":"Serve tunnel error"}
{"level":"info","event":0,"ip":"2606:4700:a0::8","connIndex":0,"time":"2026-09-04T03:57:41Z","message":"Retrying connection in up to 1m4s"}
{"level":"info","event":0,"ip":"2606:4700:a0::8","connIndex":0,"time":"2026-09-04T03:57:52Z","message":"Tunnel connection curve preferences: [X25519MLKEM768 CurveID(65074) CurveP256]"}
{"level":"error","event":0,"ip":"2606:4700:a0::8","connIndex":0,"error":"context canceled","time":"2026-09-04T03:57:52Z","message":"failed to run the datagram handler"}
{"level":"error","event":0,"ip":"2606:4700:a0::8","connIndex":0,"error":"control stream encountered a failure while serving","time":"2026-09-04T03:57:52Z","message":"failed to serve tunnel connection"}
{"level":"error","event":0,"ip":"2606:4700:a0::8","connIndex":0,"error":"control stream encountered a failure while serving","time":"2026-09-04T03:57:52Z","message":"Serve tunnel error"}
{"level":"info","event":0,"ip":"2606:4700:a0::8","connIndex":0,"time":"2026-09-04T03:57:52Z","message":"Retrying connection in up to 1m4s"}
{"level":"info","event":0,"ip":"2606:4700:a0::8","connIndex":0,"time":"2026-09-04T03:58:13Z","message":"Tunnel connection curve preferences: [X25519MLKEM768 CurveID(65074) CurveP256]"}
{"level":"error","event":0,"ip":"2606:4700:a0::8","connIndex":0,"error":"context canceled","time":"2026-09-04T03:58:13Z","message":"failed to run the datagram handler"}
{"level":"error","event":0,"ip":"2606:4700:a0::8","connIndex":0,"error":"control stream encountered a failure while serving","time":"2026-09-04T03:58:13Z","message":"failed to serve tunnel connection"}
{"level":"error","event":0,"ip":"2606:4700:a0::8","connIndex":0,"error":"control stream encountered a failure while serving","time":"2026-09-04T03:58:13Z","message":"Serve tunnel error"}
{"level":"info","event":0,"ip":"2606:4700:a0::8","connIndex":0,"time":"2026-09-04T03:58:13Z","message":"Retrying connection in up to 1m4s"}
{"level":"info","event":0,"ip":"2606:4700:a0::8","connIndex":0,"time":"2026-09-04T03:58:35Z","message":"Tunnel connection curve preferences: [X25519MLKEM768 CurveID(65074) CurveP256]"}
{"level":"error","event":0,"ip":"2606:4700:a0::8","connIndex":0,"error":"context canceled","time":"2026-09-04T03:58:35Z","message":"failed to run the datagram handler"}
{"level":"error","event":0,"ip":"2606:4700:a0::8","connIndex":0,"error":"control stream encountered a failure while serving","time":"2026-09-04T03:58:35Z","message":"failed to serve tunnel connection"}
{"level":"error","event":0,"ip":"2606:4700:a0::8","connIndex":0,"error":"control stream encountered a failure while serving","time":"2026-09-04T03:58:35Z","message":"Serve tunnel error"}
{"level":"info","event":0,"ip":"2606:4700:a0::8","connIndex":0,"time":"2026-09-04T03:58:35Z","message":"Retrying connection in up to 1m4s"}
{"level":"info","event":0,"ip":"2606:4700:a0::8","connIndex":0,"time":"2026-09-04T03:58:59Z","message":"Tunnel connection curve preferences: [X25519MLKEM768 CurveID(65074) CurveP256]"}
{"level":"error","event":0,"ip":"2606:4700:a0::8","connIndex":0,"error":"context canceled","time":"2026-09-04T03:58:59Z","message":"failed to run the datagram handler"}
{"level":"error","event":0,"ip":"2606:4700:a0::8","connIndex":0,"error":"control stream encountered a failure while serving","time":"2026-09-04T03:58:59Z","message":"failed to serve tunnel connection"}
{"level":"error","event":0,"ip":"2606:4700:a0::8","connIndex":0,"error":"control stream encountered a failure while serving","time":"2026-09-04T03:58:59Z","message":"Serve tunnel error"}
{"level":"info","event":0,"ip":"2606:4700:a0::8","connIndex":0,"time":"2026-09-04T03:58:59Z","message":"Retrying connection in up to 1m4s"}
{"level":"info","event":0,"ip":"2606:4700:a0::8","connIndex":0,"time":"2026-09-04T03:59:27Z","message":"Tunnel connection curve preferences: [X25519MLKEM768 CurveID(65074) CurveP256]"}
{"level":"error","event":0,"ip":"2606:4700:a0::8","connIndex":0,"error":"context canceled","time":"2026-09-04T03:59:27Z","message":"failed to run the datagram handler"}
{"level":"error","event":0,"ip":"2606:4700:a0::8","connIndex":0,"error":"control stream encountered a failure while serving","time":"2026-09-04T03:59:27Z","message":"failed to serve tunnel connection"}
{"level":"error","event":0,"ip":"2606:4700:a0::8","connIndex":0,"error":"control stream encountered a failure while serving","time":"2026-09-04T03:59:27Z","message":"Serve tunnel error"}
{"level":"info","event":0,"ip":"2606:4700:a0::8","connIndex":0,"time":"2026-09-04T03:59:27Z","message":"Retrying connection in up to 1m4s"}
{"level":"info","event":0,"ip":"2606:4700:a0::8","connIndex":0,"time":"2026-09-04T03:59:51Z","message":"Tunnel connection curve preferences: [X25519MLKEM768 CurveID(65074) CurveP256]"}
{"level":"error","event":0,"ip":"2606:4700:a0::8","connIndex":0,"error":"context canceled","time":"2026-09-04T03:59:51Z","message":"failed to run the datagram handler"}
{"level":"error","event":0,"ip":"2606:4700:a0::8","connIndex":0,"error":"control stream encountered a failure while serving","time":"2026-09-04T03:59:51Z","message":"failed to serve tunnel connection"}
{"level":"error","event":0,"ip":"2606:4700:a0::8","connIndex":0,"error":"control stream encountered a failure while serving","time":"2026-09-04T03:59:51Z","message":"Serve tunnel error"}
{"level":"info","event":0,"ip":"2606:4700:a0::8","connIndex":0,"time":"2026-09-04T03:59:51Z","message":"Retrying connection in up to 1m4s"}
{"level":"info","event":0,"ip":"2606:4700:a0::8","connIndex":0,"time":"2026-09-04T04:00:03Z","message":"Tunnel connection curve preferences: [X25519MLKEM768 CurveID(65074) CurveP256]"}
{"level":"error","event":0,"ip":"2606:4700:a0::8","connIndex":0,"error":"context canceled","time":"2026-09-04T04:00:03Z","message":"failed to run the datagram handler"}
{"level":"error","event":0,"ip":"2606:4700:a0::8","connIndex":0,"error":"control stream encountered a failure while serving","time":"2026-09-04T04:00:03Z","message":"failed to serve tunnel connection"}
{"level":"error","event":0,"ip":"2606:4700:a0::8","connIndex":0,"error":"control stream encountered a failure while serving","time":"2026-09-04T04:00:03Z","message":"Serve tunnel error"}
{"level":"info","event":0,"ip":"2606:4700:a0::8","connIndex":0,"time":"2026-09-04T04:00:03Z","message":"Retrying connection in up to 1m4s"}
{"level":"info","event":0,"ip":"2606:4700:a0::8","connIndex":0,"time":"2026-09-04T04:00:30Z","message":"Tunnel connection curve preferences: [X25519MLKEM768 CurveID(65074) CurveP256]"}
{"level":"error","event":0,"ip":"2606:4700:a0::8","connIndex":0,"error":"context canceled","time":"2026-09-04T04:00:30Z","message":"failed to run the datagram handler"}
{"level":"error","event":0,"ip":"2606:4700:a0::8","connIndex":0,"error":"control stream encountered a failure while serving","time":"2026-09-04T04:00:30Z","message":"failed to serve tunnel connection"}
{"level":"error","event":0,"ip":"2606:4700:a0::8","connIndex":0,"error":"control stream encountered a failure while serving","time":"2026-09-04T04:00:30Z","message":"Serve tunnel error"}
{"level":"info","event":0,"ip":"2606:4700:a0::8","connIndex":0,"time":"2026-09-04T04:00:30Z","message":"Retrying connection in up to 1m4s"}
{"level":"info","event":0,"ip":"2606:4700:a0::8","connIndex":0,"time":"2026-09-04T04:00:58Z","message":"Tunnel connection curve preferences: [X25519MLKEM768 CurveID(65074) CurveP256]"}
{"level":"error","event":0,"ip":"2606:4700:a0::8","connIndex":0,"error":"context canceled","time":"2026-09-04T04:00:58Z","message":"failed to run the datagram handler"}
{"level":"error","event":0,"ip":"2606:4700:a0::8","connIndex":0,"error":"control stream encountered a failure while serving","time":"2026-09-04T04:00:58Z","message":"failed to serve tunnel connection"}
{"level":"error","event":0,"ip":"2606:4700:a0::8","connIndex":0,"error":"control stream encountered a failure while serving","time":"2026-09-04T04:00:58Z","message":"Serve tunnel error"}
{"level":"info","event":0,"ip":"2606:4700:a0::8","connIndex":0,"time":"2026-09-04T04:00:58Z","message":"Retrying connection in up to 1m4s"}
{"level":"info","event":0,"ip":"2606:4700:a0::8","connIndex":0,"time":"2026-09-04T04:01:29Z","message":"Tunnel connection curve preferences: [X25519MLKEM768 CurveID(65074) CurveP256]"}
{"level":"error","event":0,"ip":"2606:4700:a0::8","connIndex":0,"error":"context canceled","time":"2026-09-04T04:01:29Z","message":"failed to run the datagram handler"}
{"level":"error","event":0,"ip":"2606:4700:a0::8","connIndex":0,"error":"control stream encountered a failure while serving","time":"2026-09-04T04:01:29Z","message":"failed to serve tunnel connection"}
{"level":"error","event":0,"ip":"2606:4700:a0::8","connIndex":0,"error":"control stream encountered a failure while serving","time":"2026-09-04T04:01:29Z","message":"Serve tunnel error"}
{"level":"info","event":0,"ip":"2606:4700:a0::8","connIndex":0,"time":"2026-09-04T04:01:29Z","message":"Retrying connection in up to 1m4s"}
{"level":"info","event":0,"ip":"2606:4700:a0::8","connIndex":0,"time":"2026-09-04T04:01:38Z","message":"Tunnel connection curve preferences: [X25519MLKEM768 CurveID(65074) CurveP256]"}
{"level":"error","event":0,"ip":"2606:4700:a0::8","connIndex":0,"error":"context canceled","time":"2026-09-04T04:01:38Z","message":"failed to run the datagram handler"}
{"level":"error","event":0,"ip":"2606:4700:a0::8","connIndex":0,"error":"control stream encountered a failure while serving","time":"2026-09-04T04:01:38Z","message":"failed to serve tunnel connection"}
{"level":"error","event":0,"ip":"2606:4700:a0::8","connIndex":0,"error":"control stream encountered a failure while serving","time":"2026-09-04T04:01:38Z","message":"Serve tunnel error"}
{"level":"info","event":0,"ip":"2606:4700:a0::8","connIndex":0,"time":"2026-09-04T04:01:38Z","message":"Retrying connection in up to 1m4s"}
{"level":"info","event":0,"ip":"2606:4700:a0::8","connIndex":0,"time":"2026-09-04T04:02:10Z","message":"Tunnel connection curve preferences: [X25519MLKEM768 CurveID(65074) CurveP256]"}
{"level":"error","event":0,"ip":"2606:4700:a0::8","connIndex":0,"error":"context canceled","time":"2026-09-04T04:02:10Z","message":"failed to run the datagram handler"}
{"level":"error","event":0,"ip":"2606:4700:a0::8","connIndex":0,"error":"control stream encountered a failure while serving","time":"2026-09-04T04:02:10Z","message":"failed to serve tunnel connection"}
{"level":"error","event":0,"ip":"2606:4700:a0::8","connIndex":0,"error":"control stream encountered a failure while serving","time":"2026-09-04T04:02:10Z","message":"Serve tunnel error"}
{"level":"info","event":0,"ip":"2606:4700:a0::8","connIndex":0,"time":"2026-09-04T04:02:10Z","message":"Retrying connection in up to 1m4s"}
{"level":"info","event":0,"ip":"2606:4700:a0::8","connIndex":0,"time":"2026-09-04T04:02:39Z","message":"Tunnel connection curve preferences: [X25519MLKEM768 CurveID(65074) CurveP256]"}
{"level":"error","event":0,"ip":"2606:4700:a0::8","connIndex":0,"error":"context canceled","time":"2026-09-04T04:02:39Z","message":"failed to run the datagram handler"}
{"level":"error","event":0,"ip":"2606:4700:a0::8","connIndex":0,"error":"control stream encountered a failure while serving","time":"2026-09-04T04:02:39Z","message":"failed to serve tunnel connection"}
{"level":"error","event":0,"ip":"2606:4700:a0::8","connIndex":0,"error":"control stream encountered a failure while serving","time":"2026-09-04T04:02:39Z","message":"Serve tunnel error"}
{"level":"info","event":0,"ip":"2606:4700:a0::8","connIndex":0,"time":"2026-09-04T04:02:39Z","message":"Retrying connection in up to 1m4s"}
{"level":"info","event":0,"ip":"2606:4700:a0::8","connIndex":0,"time":"2026-09-04T04:03:07Z","message":"Tunnel connection curve preferences: [X25519MLKEM768 CurveID(65074) CurveP256]"}
{"level":"error","event":0,"ip":"2606:4700:a0::8","connIndex":0,"error":"context canceled","time":"2026-09-04T04:03:07Z","message":"failed to run the datagram handler"}
{"level":"error","event":0,"ip":"2606:4700:a0::8","connIndex":0,"error":"control stream encountered a failure while serving","time":"2026-09-04T04:03:07Z","message":"failed to serve tunnel connection"}
{"level":"error","event":0,"ip":"2606:4700:a0::8","connIndex":0,"error":"control stream encountered a failure while serving","time":"2026-09-04T04:03:07Z","message":"Serve tunnel error"}
{"level":"info","event":0,"ip":"2606:4700:a0::8","connIndex":0,"time":"2026-09-04T04:03:07Z","message":"Retrying connection in up to 1m4s"}
{"level":"info","event":0,"ip":"2606:4700:a0::8","connIndex":0,"time":"2026-09-04T04:03:15Z","message":"Tunnel connection curve preferences: [X25519MLKEM768 CurveID(65074) CurveP256]"}
{"level":"error","event":0,"ip":"2606:4700:a0::8","connIndex":0,"error":"context canceled","time":"2026-09-04T04:03:15Z","message":"failed to run the datagram handler"}
{"level":"error","event":0,"ip":"2606:4700:a0::8","connIndex":0,"error":"control stream encountered a failure while serving","time":"2026-09-04T04:03:15Z","message":"failed to serve tunnel connection"}
{"level":"error","event":0,"ip":"2606:4700:a0::8","connIndex":0,"error":"control stream encountered a failure while serving","time":"2026-09-04T04:03:15Z","message":"Serve tunnel error"}
{"level":"info","event":0,"ip":"2606:4700:a0::8","connIndex":0,"time":"2026-09-04T04:03:15Z","message":"Retrying connection in up to 1m4s"}
{"level":"info","event":0,"ip":"2606:4700:a0::8","connIndex":0,"time":"2026-09-04T04:03:22Z","message":"Tunnel connection curve preferences: [X25519MLKEM768 CurveID(65074) CurveP256]"}
{"level":"error","event":0,"ip":"2606:4700:a0::8","connIndex":0,"error":"context canceled","time":"2026-09-04T04:03:22Z","message":"failed to run the datagram handler"}
{"level":"error","event":0,"ip":"2606:4700:a0::8","connIndex":0,"error":"control stream encountered a failure while serving","time":"2026-09-04T04:03:22Z","message":"failed to serve tunnel connection"}
{"level":"error","event":0,"ip":"2606:4700:a0::8","connIndex":0,"error":"control stream encountered a failure while serving","time":"2026-09-04T04:03:22Z","message":"Serve tunnel error"}
{"level":"info","event":0,"ip":"2606:4700:a0::8","connIndex":0,"time":"2026-09-04T04:03:22Z","message":"Retrying connection in up to 1m4s"}
{"level":"info","event":0,"ip":"2606:4700:a0::8","connIndex":0,"time":"2026-09-04T04:03:41Z","message":"Tunnel connection curve preferences: [X25519MLKEM768 CurveID(65074) CurveP256]"}
{"level":"error","event":0,"ip":"2606:4700:a0::8","connIndex":0,"error":"context canceled","time":"2026-09-04T04:03:41Z","message":"failed to run the datagram handler"}
{"level":"error","event":0,"ip":"2606:4700:a0::8","connIndex":0,"error":"control stream encountered a failure while serving","time":"2026-09-04T04:03:41Z","message":"failed to serve tunnel connection"}
{"level":"error","event":0,"ip":"2606:4700:a0::8","connIndex":0,"error":"control stream encountered a failure while serving","time":"2026-09-04T04:03:41Z","message":"Serve tunnel error"}
{"level":"info","event":0,"ip":"2606:4700:a0::8","connIndex":0,"time":"2026-09-04T04:03:41Z","message":"Retrying connection in up to 1m4s"}
{"level":"info","event":0,"ip":"2606:4700:a0::8","connIndex":0,"time":"2026-09-04T04:03:43Z","message":"Tunnel connection curve preferences: [X25519MLKEM768 CurveID(65074) CurveP256]"}
{"level":"error","event":0,"ip":"2606:4700:a0::8","connIndex":0,"error":"context canceled","time":"2026-09-04T04:03:43Z","message":"failed to run the datagram handler"}
{"level":"error","event":0,"ip":"2606:4700:a0::8","connIndex":0,"error":"control stream encountered a failure while serving","time":"2026-09-04T04:03:43Z","message":"failed to serve tunnel connection"}
{"level":"error","event":0,"ip":"2606:4700:a0::8","connIndex":0,"error":"control stream encountered a failure while serving","time":"2026-09-04T04:03:43Z","message":"Serve tunnel error"}
{"level":"info","event":0,"ip":"2606:4700:a0::8","connIndex":0,"time":"2026-09-04T04:03:43Z","message":"Retrying connection in up to 1m4s"}
{"level":"info","event":0,"ip":"2606:4700:a0::8","connIndex":0,"time":"2026-09-04T04:03:43Z","message":"Tunnel connection curve preferences: [X25519MLKEM768 CurveID(65074) CurveP256]"}
{"level":"error","event":0,"ip":"2606:4700:a0::8","connIndex":0,"error":"context canceled","time":"2026-09-04T04:03:43Z","message":"failed to run the datagram handler"}
{"level":"error","event":0,"ip":"2606:4700:a0::8","connIndex":0,"error":"control stream encountered a failure while serving","time":"2026-09-04T04:03:43Z","message":"failed to serve tunnel connection"}
{"level":"error","event":0,"ip":"2606:4700:a0::8","connIndex":0,"error":"control stream encountered a failure while serving","time":"2026-09-04T04:03:43Z","message":"Serve tunnel error"}
{"level":"info","event":0,"ip":"2606:4700:a0::8","connIndex":0,"time":"2026-09-04T04:03:43Z","message":"Retrying connection in up to 1m4s"}
{"level":"info","event":0,"ip":"2606:4700:a0::8","connIndex":0,"time":"2026-09-04T04:04:04Z","message":"Tunnel connection curve preferences: [X25519MLKEM768 CurveID(65074) CurveP256]"}
{"level":"error","event":0,"ip":"2606:4700:a0::8","connIndex":0,"error":"context canceled","time":"2026-09-04T04:04:04Z","message":"failed to run the datagram handler"}
{"level":"error","event":0,"ip":"2606:4700:a0::8","connIndex":0,"error":"control stream encountered a failure while serving","time":"2026-09-04T04:04:04Z","message":"failed to serve tunnel connection"}
{"level":"error","event":0,"ip":"2606:4700:a0::8","connIndex":0,"error":"control stream encountered a failure while serving","time":"2026-09-04T04:04:04Z","message":"Serve tunnel error"}
{"level":"info","event":0,"ip":"2606:4700:a0::8","connIndex":0,"time":"2026-09-04T04:04:04Z","message":"Retrying connection in up to 1m4s"}
{"level":"info","event":0,"ip":"2606:4700:a0::8","connIndex":0,"time":"2026-09-04T04:04:06Z","message":"Tunnel connection curve preferences: [X25519MLKEM768 CurveID(65074) CurveP256]"}
{"level":"error","event":0,"ip":"2606:4700:a0::8","connIndex":0,"error":"context canceled","time":"2026-09-04T04:04:06Z","message":"failed to run the datagram handler"}
{"level":"error","event":0,"ip":"2606:4700:a0::8","connIndex":0,"error":"control stream encountered a failure while serving","time":"2026-09-04T04:04:06Z","message":"failed to serve tunnel connection"}
{"level":"error","event":0,"ip":"2606:4700:a0::8","connIndex":0,"error":"control stream encountered a failure while serving","time":"2026-09-04T04:04:06Z","message":"Serve tunnel error"}
{"level":"info","event":0,"ip":"2606:4700:a0::8","connIndex":0,"time":"2026-09-04T04:04:06Z","message":"Retrying connection in up to 1m4s"}
{"level":"info","event":0,"ip":"2606:4700:a0::8","connIndex":0,"time":"2026-09-04T04:04:12Z","message":"Tunnel connection curve preferences: [X25519MLKEM768 CurveID(65074) CurveP256]"}
{"level":"error","event":0,"ip":"2606:4700:a0::8","connIndex":0,"error":"context canceled","time":"2026-09-04T04:04:12Z","message":"failed to run the datagram handler"}
{"level":"error","event":0,"ip":"2606:4700:a0::8","connIndex":0,"error":"control stream encountered a failure while serving","time":"2026-09-04T04:04:12Z","message":"failed to serve tunnel connection"}
{"level":"error","event":0,"ip":"2606:4700:a0::8","connIndex":0,"error":"control stream encountered a failure while serving","time":"2026-09-04T04:04:12Z","message":"Serve tunnel error"}
{"level":"info","event":0,"ip":"2606:4700:a0::8","connIndex":0,"time":"2026-09-04T04:04:12Z","message":"Retrying connection in up to 1m4s"}
{"level":"info","event":0,"ip":"2606:4700:a0::8","connIndex":0,"time":"2026-09-04T04:04:14Z","message":"Tunnel connection curve preferences: [X25519MLKEM768 CurveID(65074) CurveP256]"}
{"level":"error","event":0,"ip":"2606:4700:a0::8","connIndex":0,"error":"context canceled","time":"2026-09-04T04:04:14Z","message":"failed to run the datagram handler"}
{"level":"error","event":0,"ip":"2606:4700:a0::8","connIndex":0,"error":"control stream encountered a failure while serving","time":"2026-09-04T04:04:14Z","message":"failed to serve tunnel connection"}
{"level":"error","event":0,"ip":"2606:4700:a0::8","connIndex":0,"error":"control stream encountered a failure while serving","time":"2026-09-04T04:04:14Z","message":"Serve tunnel error"}
{"level":"info","event":0,"ip":"2606:4700:a0::8","connIndex":0,"time":"2026-09-04T04:04:14Z","message":"Retrying connection in up to 1m4s"}
{"level":"info","event":0,"ip":"2606:4700:a0::8","connIndex":0,"time":"2026-09-04T04:04:38Z","message":"Tunnel connection curve preferences: [X25519MLKEM768 CurveID(65074) CurveP256]"}
{"level":"error","event":0,"ip":"2606:4700:a0::8","connIndex":0,"error":"context canceled","time":"2026-09-04T04:04:38Z","message":"failed to run the datagram handler"}
{"level":"error","event":0,"ip":"2606:4700:a0::8","connIndex":0,"error":"control stream encountered a failure while serving","time":"2026-09-04T04:04:38Z","message":"failed to serve tunnel connection"}
{"level":"error","event":0,"ip":"2606:4700:a0::8","connIndex":0,"error":"control stream encountered a failure while serving","time":"2026-09-04T04:04:38Z","message":"Serve tunnel error"}
{"level":"info","event":0,"ip":"2606:4700:a0::8","connIndex":0,"time":"2026-09-04T04:04:38Z","message":"Retrying connection in up to 1m4s"}
{"level":"info","event":0,"ip":"2606:4700:a0::8","connIndex":0,"time":"2026-09-04T04:04:44Z","message":"Tunnel connection curve preferences: [X25519MLKEM768 CurveID(65074) CurveP256]"}
{"level":"error","event":0,"ip":"2606:4700:a0::8","connIndex":0,"error":"context canceled","time":"2026-09-04T04:04:44Z","message":"failed to run the datagram handler"}
{"level":"error","event":0,"ip":"2606:4700:a0::8","connIndex":0,"error":"control stream encountered a failure while serving","time":"2026-09-04T04:04:44Z","message":"failed to serve tunnel connection"}
{"level":"error","event":0,"ip":"2606:4700:a0::8","connIndex":0,"error":"control stream encountered a failure while serving","time":"2026-09-04T04:04:44Z","message":"Serve tunnel error"}
{"level":"info","event":0,"ip":"2606:4700:a0::8","connIndex":0,"time":"2026-09-04T04:04:44Z","message":"Retrying connection in up to 1m4s"}
{"level":"info","event":0,"ip":"2606:4700:a0::8","connIndex":0,"time":"2026-09-04T04:04:53Z","message":"Tunnel connection curve preferences: [X25519MLKEM768 CurveID(65074) CurveP256]"}
{"level":"error","event":0,"ip":"2606:4700:a0::8","connIndex":0,"error":"context canceled","time":"2026-09-04T04:04:53Z","message":"failed to run the datagram handler"}
{"level":"error","event":0,"ip":"2606:4700:a0::8","connIndex":0,"error":"control stream encountered a failure while serving","time":"2026-09-04T04:04:53Z","message":"failed to serve tunnel connection"}
{"level":"error","event":0,"ip":"2606:4700:a0::8","connIndex":0,"error":"control stream encountered a failure while serving","time":"2026-09-04T04:04:53Z","message":"Serve tunnel error"}
{"level":"info","event":0,"ip":"2606:4700:a0::8","connIndex":0,"time":"2026-09-04T04:04:53Z","message":"Retrying connection in up to 1m4s"}
{"level":"info","event":0,"ip":"2606:4700:a0::8","connIndex":0,"time":"2026-09-04T04:04:53Z","message":"Tunnel connection curve preferences: [X25519MLKEM768 CurveID(65074) CurveP256]"}
{"level":"error","event":0,"ip":"2606:4700:a0::8","connIndex":0,"error":"context canceled","time":"2026-09-04T04:04:53Z","message":"failed to run the datagram handler"}
{"level":"error","event":0,"ip":"2606:4700:a0::8","connIndex":0,"error":"control stream encountered a failure while serving","time":"2026-09-04T04:04:53Z","message":"failed to serve tunnel connection"}
{"level":"error","event":0,"ip":"2606:4700:a0::8","connIndex":0,"error":"control stream encountered a failure while serving","time":"2026-09-04T04:04:53Z","message":"Serve tunnel error"}
{"level":"info","event":0,"ip":"2606:4700:a0::8","connIndex":0,"time":"2026-09-04T04:04:53Z","message":"Retrying connection in up to 1m4s"}
{"level":"info","event":0,"ip":"2606:4700:a0::8","connIndex":0,"time":"2026-09-04T04:05:01Z","message":"Tunnel connection curve preferences: [X25519MLKEM768 CurveID(65074) CurveP256]"}
{"level":"error","event":0,"ip":"2606:4700:a0::8","connIndex":0,"error":"context canceled","time":"2026-09-04T04:05:01Z","message":"failed to run the datagram handler"}
{"level":"error","event":0,"ip":"2606:4700:a0::8","connIndex":0,"error":"control stream encountered a failure while serving","time":"2026-09-04T04:05:01Z","message":"failed to serve tunnel connection"}
{"level":"error","event":0,"ip":"2606:4700:a0::8","connIndex":0,"error":"control stream encountered a failure while serving","time":"2026-09-04T04:05:01Z","message":"Serve tunnel error"}
{"level":"info","event":0,"ip":"2606:4700:a0::8","connIndex":0,"time":"2026-09-04T04:05:01Z","message":"Retrying connection in up to 1m4s"}
{"level":"info","event":0,"ip":"2606:4700:a0::8","connIndex":0,"time":"2026-09-04T04:05:31Z","message":"Tunnel connection curve preferences: [X25519MLKEM768 CurveID(65074) CurveP256]"}
{"level":"error","event":0,"ip":"2606:4700:a0::8","connIndex":0,"error":"context canceled","time":"2026-09-04T04:05:31Z","message":"failed to run the datagram handler"}
{"level":"error","event":0,"ip":"2606:4700:a0::8","connIndex":0,"error":"control stream encountered a failure while serving","time":"2026-09-04T04:05:31Z","message":"failed to serve tunnel connection"}
{"level":"error","event":0,"ip":"2606:4700:a0::8","connIndex":0,"error":"control stream encountered a failure while serving","time":"2026-09-04T04:05:31Z","message":"Serve tunnel error"}
{"level":"info","event":0,"ip":"2606:4700:a0::8","connIndex":0,"time":"2026-09-04T04:05:31Z","message":"Retrying connection in up to 1m4s"}
{"level":"info","event":0,"ip":"2606:4700:a0::8","connIndex":0,"time":"2026-09-04T04:06:02Z","message":"Tunnel connection curve preferences: [X25519MLKEM768 CurveID(65074) CurveP256]"}
{"level":"error","event":0,"ip":"2606:4700:a0::8","connIndex":0,"error":"context canceled","time":"2026-09-04T04:06:02Z","message":"failed to run the datagram handler"}
{"level":"error","event":0,"ip":"2606:4700:a0::8","connIndex":0,"error":"control stream encountered a failure while serving","time":"2026-09-04T04:06:02Z","message":"failed to serve tunnel connection"}
{"level":"error","event":0,"ip":"2606:4700:a0::8","connIndex":0,"error":"control stream encountered a failure while serving","time":"2026-09-04T04:06:02Z","message":"Serve tunnel error"}
{"level":"info","event":0,"ip":"2606:4700:a0::8","connIndex":0,"time":"2026-09-04T04:06:02Z","message":"Retrying connection in up to 1m4s"}
{"level":"info","event":0,"ip":"2606:4700:a0::8","connIndex":0,"time":"2026-09-04T04:06:27Z","message":"Tunnel connection curve preferences: [X25519MLKEM768 CurveID(65074) CurveP256]"}
{"level":"error","event":0,"ip":"2606:4700:a0::8","connIndex":0,"error":"context canceled","time":"2026-09-04T04:06:27Z","message":"failed to run the datagram handler"}
{"level":"error","event":0,"ip":"2606:4700:a0::8","connIndex":0,"error":"control stream encountered a failure while serving","time":"2026-09-04T04:06:27Z","message":"failed to serve tunnel connection"}
{"level":"error","event":0,"ip":"2606:4700:a0::8","connIndex":0,"error":"control stream encountered a failure while serving","time":"2026-09-04T04:06:27Z","message":"Serve tunnel error"}
{"level":"info","event":0,"ip":"2606:4700:a0::8","connIndex":0,"time":"2026-09-04T04:06:27Z","message":"Retrying connection in up to 1m4s"}
{"level":"info","event":0,"ip":"2606:4700:a0::8","connIndex":0,"time":"2026-09-04T04:06:44Z","message":"Tunnel connection curve preferences: [X25519MLKEM768 CurveID(65074) CurveP256]"}
{"level":"error","event":0,"ip":"2606:4700:a0::8","connIndex":0,"error":"context canceled","time":"2026-09-04T04:06:44Z","message":"failed to run the datagram handler"}
{"level":"error","event":0,"ip":"2606:4700:a0::8","connIndex":0,"error":"control stream encountered a failure while serving","time":"2026-09-04T04:06:44Z","message":"failed to serve tunnel connection"}
{"level":"error","event":0,"ip":"2606:4700:a0::8","connIndex":0,"error":"control stream encountered a failure while serving","time":"2026-09-04T04:06:44Z","message":"Serve tunnel error"}
{"level":"info","event":0,"ip":"2606:4700:a0::8","connIndex":0,"time":"2026-09-04T04:06:44Z","message":"Retrying connection in up to 1m4s"}
{"level":"info","event":0,"ip":"2606:4700:a0::8","connIndex":0,"time":"2026-09-04T04:07:02Z","message":"Tunnel connection curve preferences: [X25519MLKEM768 CurveID(65074) CurveP256]"}
{"level":"error","event":0,"ip":"2606:4700:a0::8","connIndex":0,"error":"context canceled","time":"2026-09-04T04:07:02Z","message":"failed to run the datagram handler"}
{"level":"error","event":0,"ip":"2606:4700:a0::8","connIndex":0,"error":"control stream encountered a failure while serving","time":"2026-09-04T04:07:02Z","message":"failed to serve tunnel connection"}
{"level":"error","event":0,"ip":"2606:4700:a0::8","connIndex":0,"error":"control stream encountered a failure while serving","time":"2026-09-04T04:07:02Z","message":"Serve tunnel error"}
{"level":"info","event":0,"ip":"2606:4700:a0::8","connIndex":0,"time":"2026-09-04T04:07:02Z","message":"Retrying connection in up to 1m4s"}
{"level":"info","event":0,"ip":"2606:4700:a0::8","connIndex":0,"time":"2026-09-04T04:07:31Z","message":"Tunnel connection curve preferences: [X25519MLKEM768 CurveID(65074) CurveP256]"}
{"level":"error","event":0,"ip":"2606:4700:a0::8","connIndex":0,"error":"context canceled","time":"2026-09-04T04:07:31Z","message":"failed to run the datagram handler"}
{"level":"error","event":0,"ip":"2606:4700:a0::8","connIndex":0,"error":"control stream encountered a failure while serving","time":"2026-09-04T04:07:31Z","message":"failed to serve tunnel connection"}
{"level":"error","event":0,"ip":"2606:4700:a0::8","connIndex":0,"error":"control stream encountered a failure while serving","time":"2026-09-04T04:07:31Z","message":"Serve tunnel error"}
{"level":"info","event":0,"ip":"2606:4700:a0::8","connIndex":0,"time":"2026-09-04T04:07:31Z","message":"Retrying connection in up to 1m4s"}
{"level":"info","event":0,"ip":"2606:4700:a0::8","connIndex":0,"time":"2026-09-04T04:07:59Z","message":"Tunnel connection curve preferences: [X25519MLKEM768 CurveID(65074) CurveP256]"}
{"level":"error","event":0,"ip":"2606:4700:a0::8","connIndex":0,"error":"context canceled","time":"2026-09-04T04:07:59Z","message":"failed to run the datagram handler"}
{"level":"error","event":0,"ip":"2606:4700:a0::8","connIndex":0,"error":"control stream encountered a failure while serving","time":"2026-09-04T04:07:59Z","message":"failed to serve tunnel connection"}
{"level":"error","event":0,"ip":"2606:4700:a0::8","connIndex":0,"error":"control stream encountered a failure while serving","time":"2026-09-04T04:07:59Z","message":"Serve tunnel error"}
{"level":"info","event":0,"ip":"2606:4700:a0::8","connIndex":0,"time":"2026-09-04T04:07:59Z","message":"Retrying connection in up to 1m4s"}
{"level":"info","event":0,"ip":"2606:4700:a0::8","connIndex":0,"time":"2026-09-04T04:08:16Z","message":"Tunnel connection curve preferences: [X25519MLKEM768 CurveID(65074) CurveP256]"}
{"level":"error","event":0,"ip":"2606:4700:a0::8","connIndex":0,"error":"context canceled","time":"2026-09-04T04:08:16Z","message":"failed to run the datagram handler"}
{"level":"error","event":0,"ip":"2606:4700:a0::8","connIndex":0,"error":"control stream encountered a failure while serving","time":"2026-09-04T04:08:16Z","message":"failed to serve tunnel connection"}
{"level":"error","event":0,"ip":"2606:4700:a0::8","connIndex":0,"error":"control stream encountered a failure while serving","time":"2026-09-04T04:08:16Z","message":"Serve tunnel error"}
{"level":"info","event":0,"ip":"2606:4700:a0::8","connIndex":0,"time":"2026-09-04T04:08:16Z","message":"Retrying connection in up to 1m4s"}
{"level":"info","event":0,"ip":"2606:4700:a0::8","connIndex":0,"time":"2026-09-04T04:08:33Z","message":"Tunnel connection curve preferences: [X25519MLKEM768 CurveID(65074) CurveP256]"}
{"level":"error","event":0,"ip":"2606:4700:a0::8","connIndex":0,"error":"context canceled","time":"2026-09-04T04:08:33Z","message":"failed to run the datagram handler"}
{"level":"error","event":0,"ip":"2606:4700:a0::8","connIndex":0,"error":"control stream encountered a failure while serving","time":"2026-09-04T04:08:33Z","message":"failed to serve tunnel connection"}
{"level":"error","event":0,"ip":"2606:4700:a0::8","connIndex":0,"error":"control stream encountered a failure while serving","time":"2026-09-04T04:08:33Z","message":"Serve tunnel error"}
{"level":"info","event":0,"ip":"2606:4700:a0::8","connIndex":0,"time":"2026-09-04T04:08:33Z","message":"Retrying connection in up to 1m4s"}
{"level":"info","event":0,"ip":"2606:4700:a0::8","connIndex":0,"time":"2026-09-04T04:09:00Z","message":"Tunnel connection curve preferences: [X25519MLKEM768 CurveID(65074) CurveP256]"}
{"level":"error","event":0,"ip":"2606:4700:a0::8","connIndex":0,"error":"context canceled","time":"2026-09-04T04:09:00Z","message":"failed to run the datagram handler"}
{"level":"error","event":0,"ip":"2606:4700:a0::8","connIndex":0,"error":"control stream encountered a failure while serving","time":"2026-09-04T04:09:00Z","message":"failed to serve tunnel connection"}
{"level":"error","event":0,"ip":"2606:4700:a0::8","connIndex":0,"error":"control stream encountered a failure while serving","time":"2026-09-04T04:09:00Z","message":"Serve tunnel error"}
{"level":"info","event":0,"ip":"2606:4700:a0::8","connIndex":0,"time":"2026-09-04T04:09:00Z","message":"Retrying connection in up to 1m4s"}
{"level":"info","event":0,"ip":"2606:4700:a0::8","connIndex":0,"time":"2026-09-04T04:09:16Z","message":"Tunnel connection curve preferences: [X25519MLKEM768 CurveID(65074) CurveP256]"}
{"level":"error","event":0,"ip":"2606:4700:a0::8","connIndex":0,"error":"context canceled","time":"2026-09-04T04:09:16Z","message":"failed to run the datagram handler"}
{"level":"error","event":0,"ip":"2606:4700:a0::8","connIndex":0,"error":"control stream encountered a failure while serving","time":"2026-09-04T04:09:16Z","message":"failed to serve tunnel connection"}
{"level":"error","event":0,"ip":"2606:4700:a0::8","connIndex":0,"error":"control stream encountered a failure while serving","time":"2026-09-04T04:09:16Z","message":"Serve tunnel error"}
{"level":"info","event":0,"ip":"2606:4700:a0::8","connIndex":0,"time":"2026-09-04T04:09:16Z","message":"Retrying connection in up to 1m4s"}
{"level":"info","event":0,"ip":"2606:4700:a0::8","connIndex":0,"time":"2026-09-04T04:09:23Z","message":"Tunnel connection curve preferences: [X25519MLKEM768 CurveID(65074) CurveP256]"}
{"level":"error","event":0,"ip":"2606:4700:a0::8","connIndex":0,"error":"context canceled","time":"2026-09-04T04:09:23Z","message":"failed to run the datagram handler"}
{"level":"error","event":0,"ip":"2606:4700:a0::8","connIndex":0,"error":"control stream encountered a failure while serving","time":"2026-09-04T04:09:23Z","message":"failed to serve tunnel connection"}
{"level":"error","event":0,"ip":"2606:4700:a0::8","connIndex":0,"error":"control stream encountered a failure while serving","time":"2026-09-04T04:09:23Z","message":"Serve tunnel error"}
{"level":"info","event":0,"ip":"2606:4700:a0::8","connIndex":0,"time":"2026-09-04T04:09:23Z","message":"Retrying connection in up to 1m4s"}
{"level":"info","event":0,"ip":"2606:4700:a0::8","connIndex":0,"time":"2026-09-04T04:09:37Z","message":"Tunnel connection curve preferences: [X25519MLKEM768 CurveID(65074) CurveP256]"}
{"level":"error","event":0,"ip":"2606:4700:a0::8","connIndex":0,"error":"context canceled","time":"2026-09-04T04:09:37Z","message":"failed to run the datagram handler"}
{"level":"error","event":0,"ip":"2606:4700:a0::8","connIndex":0,"error":"control stream encountered a failure while serving","time":"2026-09-04T04:09:37Z","message":"failed to serve tunnel connection"}
{"level":"error","event":0,"ip":"2606:4700:a0::8","connIndex":0,"error":"control stream encountered a failure while serving","time":"2026-09-04T04:09:37Z","message":"Serve tunnel error"}
{"level":"info","event":0,"ip":"2606:4700:a0::8","connIndex":0,"time":"2026-09-04T04:09:37Z","message":"Retrying connection in up to 1m4s"}
{"level":"info","event":0,"ip":"2606:4700:a0::8","connIndex":0,"time":"2026-09-04T04:10:00Z","message":"Tunnel connection curve preferences: [X25519MLKEM768 CurveID(65074) CurveP256]"}
{"level":"error","event":0,"ip":"2606:4700:a0::8","connIndex":0,"error":"context canceled","time":"2026-09-04T04:10:00Z","message":"failed to run the datagram handler"}
{"level":"error","event":0,"ip":"2606:4700:a0::8","connIndex":0,"error":"control stream encountered a failure while serving","time":"2026-09-04T04:10:00Z","message":"failed to serve tunnel connection"}
{"level":"error","event":0,"ip":"2606:4700:a0::8","connIndex":0,"error":"control stream encountered a failure while serving","time":"2026-09-04T04:10:00Z","message":"Serve tunnel error"}
{"level":"info","event":0,"ip":"2606:4700:a0::8","connIndex":0,"time":"2026-09-04T04:10:00Z","message":"Retrying connection in up to 1m4s"}
{"level":"info","event":0,"ip":"2606:4700:a0::8","connIndex":0,"time":"2026-09-04T04:10:30Z","message":"Tunnel connection curve preferences: [X25519MLKEM768 CurveID(65074) CurveP256]"}
{"level":"error","event":0,"ip":"2606:4700:a0::8","connIndex":0,"error":"context canceled","time":"2026-09-04T04:10:30Z","message":"failed to run the datagram handler"}
{"level":"error","event":0,"ip":"2606:4700:a0::8","connIndex":0,"error":"control stream encountered a failure while serving","time":"2026-09-04T04:10:30Z","message":"failed to serve tunnel connection"}
{"level":"error","event":0,"ip":"2606:4700:a0::8","connIndex":0,"error":"control stream encountered a failure while serving","time":"2026-09-04T04:10:30Z","message":"Serve tunnel error"}
{"level":"info","event":0,"ip":"2606:4700:a0::8","connIndex":0,"time":"2026-09-04T04:10:30Z","message":"Retrying connection in up to 1m4s"}
{"level":"info","event":0,"ip":"2606:4700:a0::8","connIndex":0,"time":"2026-09-04T04:10:41Z","message":"Tunnel connection curve preferences: [X25519MLKEM768 CurveID(65074) CurveP256]"}
{"level":"error","event":0,"ip":"2606:4700:a0::8","connIndex":0,"error":"context canceled","time":"2026-09-04T04:10:42Z","message":"failed to run the datagram handler"}
{"level":"error","event":0,"ip":"2606:4700:a0::8","connIndex":0,"error":"control stream encountered a failure while serving","time":"2026-09-04T04:10:42Z","message":"failed to serve tunnel connection"}
{"level":"error","event":0,"ip":"2606:4700:a0::8","connIndex":0,"error":"control stream encountered a failure while serving","time":"2026-09-04T04:10:42Z","message":"Serve tunnel error"}
{"level":"info","event":0,"ip":"2606:4700:a0::8","connIndex":0,"time":"2026-09-04T04:10:42Z","message":"Retrying connection in up to 1m4s"}
{"level":"info","event":0,"ip":"2606:4700:a0::8","connIndex":0,"time":"2026-09-04T04:10:57Z","message":"Tunnel connection curve preferences: [X25519MLKEM768 CurveID(65074) CurveP256]"}
{"level":"error","event":0,"ip":"2606:4700:a0::8","connIndex":0,"error":"context canceled","time":"2026-09-04T04:10:57Z","message":"failed to run the datagram handler"}
{"level":"error","event":0,"ip":"2606:4700:a0::8","connIndex":0,"error":"control stream encountered a failure while serving","time":"2026-09-04T04:10:57Z","message":"failed to serve tunnel connection"}
{"level":"error","event":0,"ip":"2606:4700:a0::8","connIndex":0,"error":"control stream encountered a failure while serving","time":"2026-09-04T04:10:57Z","message":"Serve tunnel error"}
{"level":"info","event":0,"ip":"2606:4700:a0::8","connIndex":0,"time":"2026-09-04T04:10:57Z","message":"Retrying connection in up to 1m4s"}
{"level":"info","event":0,"ip":"2606:4700:a0::8","connIndex":0,"time":"2026-09-04T04:11:07Z","message":"Tunnel connection curve preferences: [X25519MLKEM768 CurveID(65074) CurveP256]"}
{"level":"error","event":0,"ip":"2606:4700:a0::8","connIndex":0,"error":"context canceled","time":"2026-09-04T04:11:07Z","message":"failed to run the datagram handler"}
{"level":"error","event":0,"ip":"2606:4700:a0::8","connIndex":0,"error":"control stream encountered a failure while serving","time":"2026-09-04T04:11:07Z","message":"failed to serve tunnel connection"}
{"level":"error","event":0,"ip":"2606:4700:a0::8","connIndex":0,"error":"control stream encountered a failure while serving","time":"2026-09-04T04:11:07Z","message":"Serve tunnel error"}
{"level":"info","event":0,"ip":"2606:4700:a0::8","connIndex":0,"time":"2026-09-04T04:11:07Z","message":"Retrying connection in up to 1m4s"}
{"level":"info","event":0,"ip":"2606:4700:a0::8","connIndex":0,"time":"2026-09-04T04:11:11Z","message":"Tunnel connection curve preferences: [X25519MLKEM768 CurveID(65074) CurveP256]"}
{"level":"error","event":0,"ip":"2606:4700:a0::8","connIndex":0,"error":"context canceled","time":"2026-09-04T04:11:12Z","message":"failed to run the datagram handler"}
{"level":"error","event":0,"ip":"2606:4700:a0::8","connIndex":0,"error":"control stream encountered a failure while serving","time":"2026-09-04T04:11:12Z","message":"failed to serve tunnel connection"}
{"level":"error","event":0,"ip":"2606:4700:a0::8","connIndex":0,"error":"control stream encountered a failure while serving","time":"2026-09-04T04:11:12Z","message":"Serve tunnel error"}
{"level":"info","event":0,"ip":"2606:4700:a0::8","connIndex":0,"time":"2026-09-04T04:11:12Z","message":"Retrying connection in up to 1m4s"}
{"level":"info","event":0,"ip":"2606:4700:a0::8","connIndex":0,"time":"2026-09-04T04:11:16Z","message":"Tunnel connection curve preferences: [X25519MLKEM768 CurveID(65074) CurveP256]"}
{"level":"error","event":0,"ip":"2606:4700:a0::8","connIndex":0,"error":"context canceled","time":"2026-09-04T04:11:16Z","message":"failed to run the datagram handler"}
{"level":"error","event":0,"ip":"2606:4700:a0::8","connIndex":0,"error":"control stream encountered a failure while serving","time":"2026-09-04T04:11:16Z","message":"failed to serve tunnel connection"}
{"level":"error","event":0,"ip":"2606:4700:a0::8","connIndex":0,"error":"control stream encountered a failure while serving","time":"2026-09-04T04:11:16Z","message":"Serve tunnel error"}
{"level":"info","event":0,"ip":"2606:4700:a0::8","connIndex":0,"time":"2026-09-04T04:11:16Z","message":"Retrying connection in up to 1m4s"}
{"level":"info","event":0,"ip":"2606:4700:a0::8","connIndex":0,"time":"2026-09-04T04:11:21Z","message":"Tunnel connection curve preferences: [X25519MLKEM768 CurveID(65074) CurveP256]"}
{"level":"error","event":0,"ip":"2606:4700:a0::8","connIndex":0,"error":"context canceled","time":"2026-09-04T04:11:22Z","message":"failed to run the datagram handler"}
{"level":"error","event":0,"ip":"2606:4700:a0::8","connIndex":0,"error":"control stream encountered a failure while serving","time":"2026-09-04T04:11:22Z","message":"failed to serve tunnel connection"}
{"level":"error","event":0,"ip":"2606:4700:a0::8","connIndex":0,"error":"control stream encountered a failure while serving","time":"2026-09-04T04:11:22Z","message":"Serve tunnel error"}
{"level":"info","event":0,"ip":"2606:4700:a0::8","connIndex":0,"time":"2026-09-04T04:11:22Z","message":"Retrying connection in up to 1m4s"}
{"level":"info","event":0,"ip":"2606:4700:a0::8","connIndex":0,"time":"2026-09-04T04:11:52Z","message":"Tunnel connection curve preferences: [X25519MLKEM768 CurveID(65074) CurveP256]"}
{"level":"error","event":0,"ip":"2606:4700:a0::8","connIndex":0,"error":"context canceled","time":"2026-09-04T04:11:52Z","message":"failed to run the datagram handler"}
{"level":"error","event":0,"ip":"2606:4700:a0::8","connIndex":0,"error":"control stream encountered a failure while serving","time":"2026-09-04T04:11:52Z","message":"failed to serve tunnel connection"}
{"level":"error","event":0,"ip":"2606:4700:a0::8","connIndex":0,"error":"control stream encountered a failure while serving","time":"2026-09-04T04:11:52Z","message":"Serve tunnel error"}
{"level":"info","event":0,"ip":"2606:4700:a0::8","connIndex":0,"time":"2026-09-04T04:11:52Z","message":"Retrying connection in up to 1m4s"}
{"level":"info","event":0,"ip":"2606:4700:a0::8","connIndex":0,"time":"2026-09-04T04:11:55Z","message":"Tunnel connection curve preferences: [X25519MLKEM768 CurveID(65074) CurveP256]"}
{"level":"error","event":0,"ip":"2606:4700:a0::8","connIndex":0,"error":"context canceled","time":"2026-09-04T04:11:55Z","message":"failed to run the datagram handler"}
{"level":"error","event":0,"ip":"2606:4700:a0::8","connIndex":0,"error":"control stream encountered a failure while serving","time":"2026-09-04T04:11:55Z","message":"failed to serve tunnel connection"}
{"level":"error","event":0,"ip":"2606:4700:a0::8","connIndex":0,"error":"control stream encountered a failure while serving","time":"2026-09-04T04:11:55Z","message":"Serve tunnel error"}
{"level":"info","event":0,"ip":"2606:4700:a0::8","connIndex":0,"time":"2026-09-04T04:11:55Z","message":"Retrying connection in up to 1m4s"}
{"level":"info","event":0,"ip":"2606:4700:a0::8","connIndex":0,"time":"2026-09-04T04:12:26Z","message":"Tunnel connection curve preferences: [X25519MLKEM768 CurveID(65074) CurveP256]"}
{"level":"error","event":0,"ip":"2606:4700:a0::8","connIndex":0,"error":"context canceled","time":"2026-09-04T04:12:26Z","message":"failed to run the datagram handler"}
{"level":"error","event":0,"ip":"2606:4700:a0::8","connIndex":0,"error":"control stream encountered a failure while serving","time":"2026-09-04T04:12:26Z","message":"failed to serve tunnel connection"}
{"level":"error","event":0,"ip":"2606:4700:a0::8","connIndex":0,"error":"control stream encountered a failure while serving","time":"2026-09-04T04:12:26Z","message":"Serve tunnel error"}
{"level":"info","event":0,"ip":"2606:4700:a0::8","connIndex":0,"time":"2026-09-04T04:12:26Z","message":"Retrying connection in up to 1m4s"}
{"level":"info","event":0,"ip":"2606:4700:a0::8","connIndex":0,"time":"2026-09-04T04:12:40Z","message":"Tunnel connection curve preferences: [X25519MLKEM768 CurveID(65074) CurveP256]"}
{"level":"error","event":0,"ip":"2606:4700:a0::8","connIndex":0,"error":"context canceled","time":"2026-09-04T04:12:40Z","message":"failed to run the datagram handler"}
{"level":"error","event":0,"ip":"2606:4700:a0::8","connIndex":0,"error":"control stream encountered a failure while serving","time":"2026-09-04T04:12:40Z","message":"failed to serve tunnel connection"}
{"level":"error","event":0,"ip":"2606:4700:a0::8","connIndex":0,"error":"control stream encountered a failure while serving","time":"2026-09-04T04:12:40Z","message":"Serve tunnel error"}
{"level":"info","event":0,"ip":"2606:4700:a0::8","connIndex":0,"time":"2026-09-04T04:12:40Z","message":"Retrying connection in up to 1m4s"}
{"level":"info","event":0,"ip":"2606:4700:a0::8","connIndex":0,"time":"2026-09-04T04:12:44Z","message":"Tunnel connection curve preferences: [X25519MLKEM768 CurveID(65074) CurveP256]"}
{"level":"error","event":0,"ip":"2606:4700:a0::8","connIndex":0,"error":"context canceled","time":"2026-09-04T04:12:45Z","message":"failed to run the datagram handler"}
{"level":"error","event":0,"ip":"2606:4700:a0::8","connIndex":0,"error":"control stream encountered a failure while serving","time":"2026-09-04T04:12:45Z","message":"failed to serve tunnel connection"}
{"level":"error","event":0,"ip":"2606:4700:a0::8","connIndex":0,"error":"control stream encountered a failure while serving","time":"2026-09-04T04:12:45Z","message":"Serve tunnel error"}
{"level":"info","event":0,"ip":"2606:4700:a0::8","connIndex":0,"time":"2026-09-04T04:12:45Z","message":"Retrying connection in up to 1m4s"}
{"level":"info","event":0,"ip":"2606:4700:a0::8","connIndex":0,"time":"2026-09-04T04:13:12Z","message":"Tunnel connection curve preferences: [X25519MLKEM768 CurveID(65074) CurveP256]"}
{"level":"error","event":0,"ip":"2606:4700:a0::8","connIndex":0,"error":"context canceled","time":"2026-09-04T04:13:13Z","message":"failed to run the datagram handler"}
{"level":"error","event":0,"ip":"2606:4700:a0::8","connIndex":0,"error":"control stream encountered a failure while serving","time":"2026-09-04T04:13:13Z","message":"failed to serve tunnel connection"}
{"level":"error","event":0,"ip":"2606:4700:a0::8","connIndex":0,"error":"control stream encountered a failure while serving","time":"2026-09-04T04:13:13Z","message":"Serve tunnel error"}
{"level":"info","event":0,"ip":"2606:4700:a0::8","connIndex":0,"time":"2026-09-04T04:13:13Z","message":"Retrying connection in up to 1m4s"}
{"level":"info","event":0,"ip":"2606:4700:a0::8","connIndex":0,"time":"2026-09-04T04:13:15Z","message":"Tunnel connection curve preferences: [X25519MLKEM768 CurveID(65074) CurveP256]"}
{"level":"error","event":0,"ip":"2606:4700:a0::8","connIndex":0,"error":"context canceled","time":"2026-09-04T04:13:15Z","message":"failed to run the datagram handler"}
{"level":"error","event":0,"ip":"2606:4700:a0::8","connIndex":0,"error":"control stream encountered a failure while serving","time":"2026-09-04T04:13:15Z","message":"failed to serve tunnel connection"}
{"level":"error","event":0,"ip":"2606:4700:a0::8","connIndex":0,"error":"control stream encountered a failure while serving","time":"2026-09-04T04:13:15Z","message":"Serve tunnel error"}
{"level":"info","event":0,"ip":"2606:4700:a0::8","connIndex":0,"time":"2026-09-04T04:13:15Z","message":"Retrying connection in up to 1m4s"}
{"level":"info","event":0,"ip":"2606:4700:a0::8","connIndex":0,"time":"2026-09-04T04:13:20Z","message":"Tunnel connection curve preferences: [X25519MLKEM768 CurveID(65074) CurveP256]"}
{"level":"error","event":0,"ip":"2606:4700:a0::8","connIndex":0,"error":"context canceled","time":"2026-09-04T04:13:20Z","message":"failed to run the datagram handler"}
{"level":"error","event":0,"ip":"2606:4700:a0::8","connIndex":0,"error":"control stream encountered a failure while serving","time":"2026-09-04T04:13:20Z","message":"failed to serve tunnel connection"}
{"level":"error","event":0,"ip":"2606:4700:a0::8","connIndex":0,"error":"control stream encountered a failure while serving","time":"2026-09-04T04:13:20Z","message":"Serve tunnel error"}
{"level":"info","event":0,"ip":"2606:4700:a0::8","connIndex":0,"time":"2026-09-04T04:13:20Z","message":"Retrying connection in up to 1m4s"}
{"level":"info","event":0,"ip":"2606:4700:a0::8","connIndex":0,"time":"2026-09-04T04:13:37Z","message":"Tunnel connection curve preferences: [X25519MLKEM768 CurveID(65074) CurveP256]"}
{"level":"error","event":0,"ip":"2606:4700:a0::8","connIndex":0,"error":"context canceled","time":"2026-09-04T04:13:37Z","message":"failed to run the datagram handler"}
{"level":"error","event":0,"ip":"2606:4700:a0::8","connIndex":0,"error":"control stream encountered a failure while serving","time":"2026-09-04T04:13:37Z","message":"failed to serve tunnel connection"}
{"level":"error","event":0,"ip":"2606:4700:a0::8","connIndex":0,"error":"control stream encountered a failure while serving","time":"2026-09-04T04:13:37Z","message":"Serve tunnel error"}
{"level":"info","event":0,"ip":"2606:4700:a0::8","connIndex":0,"time":"2026-09-04T04:13:37Z","message":"Retrying connection in up to 1m4s"}
{"level":"info","event":0,"ip":"2606:4700:a0::8","connIndex":0,"time":"2026-09-04T04:13:44Z","message":"Tunnel connection curve preferences: [X25519MLKEM768 CurveID(65074) CurveP256]"}
{"level":"error","event":0,"ip":"2606:4700:a0::8","connIndex":0,"error":"context canceled","time":"2026-09-04T04:13:44Z","message":"failed to run the datagram handler"}
{"level":"error","event":0,"ip":"2606:4700:a0::8","connIndex":0,"error":"control stream encountered a failure while serving","time":"2026-09-04T04:13:44Z","message":"failed to serve tunnel connection"}
{"level":"error","event":0,"ip":"2606:4700:a0::8","connIndex":0,"error":"control stream encountered a failure while serving","time":"2026-09-04T04:13:44Z","message":"Serve tunnel error"}
{"level":"info","event":0,"ip":"2606:4700:a0::8","connIndex":0,"time":"2026-09-04T04:13:44Z","message":"Retrying connection in up to 1m4s"}
{"level":"info","event":0,"ip":"2606:4700:a0::8","connIndex":0,"time":"2026-09-04T04:14:06Z","message":"Tunnel connection curve preferences: [X25519MLKEM768 CurveID(65074) CurveP256]"}
{"level":"error","event":0,"ip":"2606:4700:a0::8","connIndex":0,"error":"context canceled","time":"2026-09-04T04:14:07Z","message":"failed to run the datagram handler"}
{"level":"error","event":0,"ip":"2606:4700:a0::8","connIndex":0,"error":"control stream encountered a failure while serving","time":"2026-09-04T04:14:07Z","message":"failed to serve tunnel connection"}
{"level":"error","event":0,"ip":"2606:4700:a0::8","connIndex":0,"error":"control stream encountered a failure while serving","time":"2026-09-04T04:14:07Z","message":"Serve tunnel error"}
{"level":"info","event":0,"ip":"2606:4700:a0::8","connIndex":0,"time":"2026-09-04T04:14:07Z","message":"Retrying connection in up to 1m4s"}
{"level":"info","event":0,"ip":"2606:4700:a0::8","connIndex":0,"time":"2026-09-04T04:14:09Z","message":"Tunnel connection curve preferences: [X25519MLKEM768 CurveID(65074) CurveP256]"}
{"level":"error","event":0,"ip":"2606:4700:a0::8","connIndex":0,"error":"context canceled","time":"2026-09-04T04:14:09Z","message":"failed to run the datagram handler"}
{"level":"error","event":0,"ip":"2606:4700:a0::8","connIndex":0,"error":"control stream encountered a failure while serving","time":"2026-09-04T04:14:09Z","message":"failed to serve tunnel connection"}
{"level":"error","event":0,"ip":"2606:4700:a0::8","connIndex":0,"error":"control stream encountered a failure while serving","time":"2026-09-04T04:14:09Z","message":"Serve tunnel error"}
{"level":"info","event":0,"ip":"2606:4700:a0::8","connIndex":0,"time":"2026-09-04T04:14:09Z","message":"Retrying connection in up to 1m4s"}
{"level":"info","event":0,"ip":"2606:4700:a0::8","connIndex":0,"time":"2026-09-04T04:14:16Z","message":"Tunnel connection curve preferences: [X25519MLKEM768 CurveID(65074) CurveP256]"}
{"level":"error","event":0,"ip":"2606:4700:a0::8","connIndex":0,"error":"context canceled","time":"2026-09-04T04:14:16Z","message":"failed to run the datagram handler"}
{"level":"error","event":0,"ip":"2606:4700:a0::8","connIndex":0,"error":"control stream encountered a failure while serving","time":"2026-09-04T04:14:16Z","message":"failed to serve tunnel connection"}
{"level":"error","event":0,"ip":"2606:4700:a0::8","connIndex":0,"error":"control stream encountered a failure while serving","time":"2026-09-04T04:14:16Z","message":"Serve tunnel error"}
{"level":"info","event":0,"ip":"2606:4700:a0::8","connIndex":0,"time":"2026-09-04T04:14:16Z","message":"Retrying connection in up to 1m4s"}
{"level":"info","event":0,"ip":"2606:4700:a0::8","connIndex":0,"time":"2026-09-04T04:14:35Z","message":"Tunnel connection curve preferences: [X25519MLKEM768 CurveID(65074) CurveP256]"}
{"level":"error","event":0,"ip":"2606:4700:a0::8","connIndex":0,"error":"context canceled","time":"2026-09-04T04:14:35Z","message":"failed to run the datagram handler"}
{"level":"error","event":0,"ip":"2606:4700:a0::8","connIndex":0,"error":"control stream encountered a failure while serving","time":"2026-09-04T04:14:35Z","message":"failed to serve tunnel connection"}
{"level":"error","event":0,"ip":"2606:4700:a0::8","connIndex":0,"error":"control stream encountered a failure while serving","time":"2026-09-04T04:14:35Z","message":"Serve tunnel error"}
{"level":"info","event":0,"ip":"2606:4700:a0::8","connIndex":0,"time":"2026-09-04T04:14:35Z","message":"Retrying connection in up to 1m4s"}
{"level":"info","event":0,"ip":"2606:4700:a0::8","connIndex":0,"time":"2026-09-04T04:15:05Z","message":"Tunnel connection curve preferences: [X25519MLKEM768 CurveID(65074) CurveP256]"}
{"level":"error","event":0,"ip":"2606:4700:a0::8","connIndex":0,"error":"context canceled","time":"2026-09-04T04:15:06Z","message":"failed to run the datagram handler"}
{"level":"error","event":0,"ip":"2606:4700:a0::8","connIndex":0,"error":"control stream encountered a failure while serving","time":"2026-09-04T04:15:06Z","message":"failed to serve tunnel connection"}
{"level":"error","event":0,"ip":"2606:4700:a0::8","connIndex":0,"error":"control stream encountered a failure while serving","time":"2026-09-04T04:15:06Z","message":"Serve tunnel error"}
{"level":"info","event":0,"ip":"2606:4700:a0::8","connIndex":0,"time":"2026-09-04T04:15:06Z","message":"Retrying connection in up to 1m4s"}
{"level":"info","event":0,"ip":"2606:4700:a0::8","connIndex":0,"time":"2026-09-04T04:15:16Z","message":"Tunnel connection curve preferences: [X25519MLKEM768 CurveID(65074) CurveP256]"}
{"level":"error","event":0,"ip":"2606:4700:a0::8","connIndex":0,"error":"context canceled","time":"2026-09-04T04:15:17Z","message":"failed to run the datagram handler"}
{"level":"error","event":0,"ip":"2606:4700:a0::8","connIndex":0,"error":"control stream encountered a failure while serving","time":"2026-09-04T04:15:17Z","message":"failed to serve tunnel connection"}
{"level":"error","event":0,"ip":"2606:4700:a0::8","connIndex":0,"error":"control stream encountered a failure while serving","time":"2026-09-04T04:15:17Z","message":"Serve tunnel error"}
{"level":"info","event":0,"ip":"2606:4700:a0::8","connIndex":0,"time":"2026-09-04T04:15:17Z","message":"Retrying connection in up to 1m4s"}
{"level":"info","event":0,"ip":"2606:4700:a0::8","connIndex":0,"time":"2026-09-04T04:15:23Z","message":"Tunnel connection curve preferences: [X25519MLKEM768 CurveID(65074) CurveP256]"}
{"level":"error","event":0,"ip":"2606:4700:a0::8","connIndex":0,"error":"context canceled","time":"2026-09-04T04:15:23Z","message":"failed to run the datagram handler"}
{"level":"error","event":0,"ip":"2606:4700:a0::8","connIndex":0,"error":"control stream encountered a failure while serving","time":"2026-09-04T04:15:23Z","message":"failed to serve tunnel connection"}
{"level":"error","event":0,"ip":"2606:4700:a0::8","connIndex":0,"error":"control stream encountered a failure while serving","time":"2026-09-04T04:15:23Z","message":"Serve tunnel error"}
{"level":"info","event":0,"ip":"2606:4700:a0::8","connIndex":0,"time":"2026-09-04T04:15:23Z","message":"Retrying connection in up to 1m4s"}
{"level":"info","event":0,"ip":"2606:4700:a0::8","connIndex":0,"time":"2026-09-04T04:15:42Z","message":"Tunnel connection curve preferences: [X25519MLKEM768 CurveID(65074) CurveP256]"}
{"level":"error","event":0,"ip":"2606:4700:a0::8","connIndex":0,"error":"context canceled","time":"2026-09-04T04:15:42Z","message":"failed to run the datagram handler"}
{"level":"error","event":0,"ip":"2606:4700:a0::8","connIndex":0,"error":"control stream encountered a failure while serving","time":"2026-09-04T04:15:42Z","message":"failed to serve tunnel connection"}
{"level":"error","event":0,"ip":"2606:4700:a0::8","connIndex":0,"error":"control stream encountered a failure while serving","time":"2026-09-04T04:15:42Z","message":"Serve tunnel error"}
{"level":"info","event":0,"ip":"2606:4700:a0::8","connIndex":0,"time":"2026-09-04T04:15:42Z","message":"Retrying connection in up to 1m4s"}
{"level":"info","event":0,"ip":"2606:4700:a0::8","connIndex":0,"time":"2026-09-04T04:16:10Z","message":"Tunnel connection curve preferences: [X25519MLKEM768 CurveID(65074) CurveP256]"}
{"level":"error","event":0,"ip":"2606:4700:a0::8","connIndex":0,"error":"context canceled","time":"2026-09-04T04:16:10Z","message":"failed to run the datagram handler"}
{"level":"error","event":0,"ip":"2606:4700:a0::8","connIndex":0,"error":"control stream encountered a failure while serving","time":"2026-09-04T04:16:10Z","message":"failed to serve tunnel connection"}
{"level":"error","event":0,"ip":"2606:4700:a0::8","connIndex":0,"error":"control stream encountered a failure while serving","time":"2026-09-04T04:16:10Z","message":"Serve tunnel error"}
{"level":"info","event":0,"ip":"2606:4700:a0::8","connIndex":0,"time":"2026-09-04T04:16:10Z","message":"Retrying connection in up to 1m4s"}
{"level":"info","event":0,"ip":"2606:4700:a0::8","connIndex":0,"time":"2026-09-04T04:16:17Z","message":"Tunnel connection curve preferences: [X25519MLKEM768 CurveID(65074) CurveP256]"}
{"level":"error","event":0,"ip":"2606:4700:a0::8","connIndex":0,"error":"context canceled","time":"2026-09-04T04:16:17Z","message":"failed to run the datagram handler"}
{"level":"error","event":0,"ip":"2606:4700:a0::8","connIndex":0,"error":"control stream encountered a failure while serving","time":"2026-09-04T04:16:17Z","message":"failed to serve tunnel connection"}
{"level":"error","event":0,"ip":"2606:4700:a0::8","connIndex":0,"error":"control stream encountered a failure while serving","time":"2026-09-04T04:16:17Z","message":"Serve tunnel error"}
{"level":"info","event":0,"ip":"2606:4700:a0::8","connIndex":0,"time":"2026-09-04T04:16:17Z","message":"Retrying connection in up to 1m4s"}
{"level":"info","event":0,"ip":"2606:4700:a0::8","connIndex":0,"time":"2026-09-04T04:16:26Z","message":"Tunnel connection curve preferences: [X25519MLKEM768 CurveID(65074) CurveP256]"}
{"level":"error","event":0,"ip":"2606:4700:a0::8","connIndex":0,"error":"context canceled","time":"2026-09-04T04:16:27Z","message":"failed to run the datagram handler"}
{"level":"error","event":0,"ip":"2606:4700:a0::8","connIndex":0,"error":"control stream encountered a failure while serving","time":"2026-09-04T04:16:27Z","message":"failed to serve tunnel connection"}
{"level":"error","event":0,"ip":"2606:4700:a0::8","connIndex":0,"error":"control stream encountered a failure while serving","time":"2026-09-04T04:16:27Z","message":"Serve tunnel error"}
{"level":"info","event":0,"ip":"2606:4700:a0::8","connIndex":0,"time":"2026-09-04T04:16:27Z","message":"Retrying connection in up to 1m4s"}
{"level":"info","event":0,"ip":"2606:4700:a0::8","connIndex":0,"time":"2026-09-04T04:16:38Z","message":"Tunnel connection curve preferences: [X25519MLKEM768 CurveID(65074) CurveP256]"}
{"level":"error","event":0,"ip":"2606:4700:a0::8","connIndex":0,"error":"context canceled","time":"2026-09-04T04:16:38Z","message":"failed to run the datagram handler"}
{"level":"error","event":0,"ip":"2606:4700:a0::8","connIndex":0,"error":"control stream encountered a failure while serving","time":"2026-09-04T04:16:38Z","message":"failed to serve tunnel connection"}
{"level":"error","event":0,"ip":"2606:4700:a0::8","connIndex":0,"error":"control stream encountered a failure while serving","time":"2026-09-04T04:16:38Z","message":"Serve tunnel error"}
{"level":"info","event":0,"ip":"2606:4700:a0::8","connIndex":0,"time":"2026-09-04T04:16:38Z","message":"Retrying connection in up to 1m4s"}
{"level":"info","event":0,"ip":"2606:4700:a0::8","connIndex":0,"time":"2026-09-04T04:17:09Z","message":"Tunnel connection curve preferences: [X25519MLKEM768 CurveID(65074) CurveP256]"}
{"level":"error","event":0,"ip":"2606:4700:a0::8","connIndex":0,"error":"context canceled","time":"2026-09-04T04:17:09Z","message":"failed to run the datagram handler"}
{"level":"error","event":0,"ip":"2606:4700:a0::8","connIndex":0,"error":"control stream encountered a failure while serving","time":"2026-09-04T04:17:09Z","message":"failed to serve tunnel connection"}
{"level":"error","event":0,"ip":"2606:4700:a0::8","connIndex":0,"error":"control stream encountered a failure while serving","time":"2026-09-04T04:17:09Z","message":"Serve tunnel error"}
{"level":"info","event":0,"ip":"2606:4700:a0::8","connIndex":0,"time":"2026-09-04T04:17:09Z","message":"Retrying connection in up to 1m4s"}
{"level":"info","event":0,"ip":"2606:4700:a0::8","connIndex":0,"time":"2026-09-04T04:17:22Z","message":"Tunnel connection curve preferences: [X25519MLKEM768 CurveID(65074) CurveP256]"}
{"level":"error","event":0,"ip":"2606:4700:a0::8","connIndex":0,"error":"context canceled","time":"2026-09-04T04:17:22Z","message":"failed to run the datagram handler"}
{"level":"error","event":0,"ip":"2606:4700:a0::8","connIndex":0,"error":"control stream encountered a failure while serving","time":"2026-09-04T04:17:22Z","message":"failed to serve tunnel connection"}
{"level":"error","event":0,"ip":"2606:4700:a0::8","connIndex":0,"error":"control stream encountered a failure while serving","time":"2026-09-04T04:17:22Z","message":"Serve tunnel error"}
{"level":"info","event":0,"ip":"2606:4700:a0::8","connIndex":0,"time":"2026-09-04T04:17:22Z","message":"Retrying connection in up to 1m4s"}
{"level":"info","event":0,"ip":"2606:4700:a0::8","connIndex":0,"time":"2026-09-04T04:17:29Z","message":"Tunnel connection curve preferences: [X25519MLKEM768 CurveID(65074) CurveP256]"}
{"level":"error","event":0,"ip":"2606:4700:a0::8","connIndex":0,"error":"context canceled","time":"2026-09-04T04:17:30Z","message":"failed to run the datagram handler"}
{"level":"error","event":0,"ip":"2606:4700:a0::8","connIndex":0,"error":"control stream encountered a failure while serving","time":"2026-09-04T04:17:30Z","message":"failed to serve tunnel connection"}
{"level":"error","event":0,"ip":"2606:4700:a0::8","connIndex":0,"error":"control stream encountered a failure while serving","time":"2026-09-04T04:17:30Z","message":"Serve tunnel error"}
{"level":"info","event":0,"ip":"2606:4700:a0::8","connIndex":0,"time":"2026-09-04T04:17:30Z","message":"Retrying connection in up to 1m4s"}
{"level":"info","event":0,"ip":"2606:4700:a0::8","connIndex":0,"time":"2026-09-04T04:17:54Z","message":"Tunnel connection curve preferences: [X25519MLKEM768 CurveID(65074) CurveP256]"}
{"level":"error","event":0,"ip":"2606:4700:a0::8","connIndex":0,"error":"context canceled","time":"2026-09-04T04:17:54Z","message":"failed to run the datagram handler"}
{"level":"error","event":0,"ip":"2606:4700:a0::8","connIndex":0,"error":"control stream encountered a failure while serving","time":"2026-09-04T04:17:54Z","message":"failed to serve tunnel connection"}
{"level":"error","event":0,"ip":"2606:4700:a0::8","connIndex":0,"error":"control stream encountered a failure while serving","time":"2026-09-04T04:17:54Z","message":"Serve tunnel error"}
{"level":"info","event":0,"ip":"2606:4700:a0::8","connIndex":0,"time":"2026-09-04T04:17:54Z","message":"Retrying connection in up to 1m4s"}
{"level":"info","event":0,"ip":"2606:4700:a0::8","connIndex":0,"time":"2026-09-04T04:17:55Z","message":"Tunnel connection curve preferences: [X25519MLKEM768 CurveID(65074) CurveP256]"}
{"level":"error","event":0,"ip":"2606:4700:a0::8","connIndex":0,"error":"context canceled","time":"2026-09-04T04:17:55Z","message":"failed to run the datagram handler"}
{"level":"error","event":0,"ip":"2606:4700:a0::8","connIndex":0,"error":"control stream encountered a failure while serving","time":"2026-09-04T04:17:55Z","message":"failed to serve tunnel connection"}
{"level":"error","event":0,"ip":"2606:4700:a0::8","connIndex":0,"error":"control stream encountered a failure while serving","time":"2026-09-04T04:17:55Z","message":"Serve tunnel error"}
{"level":"info","event":0,"ip":"2606:4700:a0::8","connIndex":0,"time":"2026-09-04T04:17:55Z","message":"Retrying connection in up to 1m4s"}
{"level":"info","event":0,"ip":"2606:4700:a0::8","connIndex":0,"time":"2026-09-04T04:18:25Z","message":"Tunnel connection curve preferences: [X25519MLKEM768 CurveID(65074) CurveP256]"}
{"level":"error","event":0,"ip":"2606:4700:a0::8","connIndex":0,"error":"context canceled","time":"2026-09-04T04:18:25Z","message":"failed to run the datagram handler"}
{"level":"error","event":0,"ip":"2606:4700:a0::8","connIndex":0,"error":"control stream encountered a failure while serving","time":"2026-09-04T04:18:25Z","message":"failed to serve tunnel connection"}
{"level":"error","event":0,"ip":"2606:4700:a0::8","connIndex":0,"error":"control stream encountered a failure while serving","time":"2026-09-04T04:18:25Z","message":"Serve tunnel error"}
{"level":"info","event":0,"ip":"2606:4700:a0::8","connIndex":0,"time":"2026-09-04T04:18:25Z","message":"Retrying connection in up to 1m4s"}
{"level":"info","event":0,"ip":"2606:4700:a0::8","connIndex":0,"time":"2026-09-04T04:18:50Z","message":"Tunnel connection curve preferences: [X25519MLKEM768 CurveID(65074) CurveP256]"}
{"level":"error","event":0,"ip":"2606:4700:a0::8","connIndex":0,"error":"context canceled","time":"2026-09-04T04:18:50Z","message":"failed to run the datagram handler"}
{"level":"error","event":0,"ip":"2606:4700:a0::8","connIndex":0,"error":"control stream encountered a failure while serving","time":"2026-09-04T04:18:50Z","message":"failed to serve tunnel connection"}
{"level":"error","event":0,"ip":"2606:4700:a0::8","connIndex":0,"error":"control stream encountered a failure while serving","time":"2026-09-04T04:18:50Z","message":"Serve tunnel error"}
{"level":"info","event":0,"ip":"2606:4700:a0::8","connIndex":0,"time":"2026-09-04T04:18:50Z","message":"Retrying connection in up to 1m4s"}
{"level":"info","event":0,"ip":"2606:4700:a0::8","connIndex":0,"time":"2026-09-04T04:19:21Z","message":"Tunnel connection curve preferences: [X25519MLKEM768 CurveID(65074) CurveP256]"}
{"level":"error","event":0,"ip":"2606:4700:a0::8","connIndex":0,"error":"context canceled","time":"2026-09-04T04:19:21Z","message":"failed to run the datagram handler"}
{"level":"error","event":0,"ip":"2606:4700:a0::8","connIndex":0,"error":"control stream encountered a failure while serving","time":"2026-09-04T04:19:21Z","message":"failed to serve tunnel connection"}
{"level":"error","event":0,"ip":"2606:4700:a0::8","connIndex":0,"error":"control stream encountered a failure while serving","time":"2026-09-04T04:19:21Z","message":"Serve tunnel error"}
{"level":"info","event":0,"ip":"2606:4700:a0::8","connIndex":0,"time":"2026-09-04T04:19:21Z","message":"Retrying connection in up to 1m4s"}
{"level":"info","event":0,"ip":"2606:4700:a0::8","connIndex":0,"time":"2026-09-04T04:19:30Z","message":"Tunnel connection curve preferences: [X25519MLKEM768 CurveID(65074) CurveP256]"}
{"level":"error","event":0,"ip":"2606:4700:a0::8","connIndex":0,"error":"context canceled","time":"2026-09-04T04:19:30Z","message":"failed to run the datagram handler"}
{"level":"error","event":0,"ip":"2606:4700:a0::8","connIndex":0,"error":"control stream encountered a failure while serving","time":"2026-09-04T04:19:30Z","message":"failed to serve tunnel connection"}
{"level":"error","event":0,"ip":"2606:4700:a0::8","connIndex":0,"error":"control stream encountered a failure while serving","time":"2026-09-04T04:19:30Z","message":"Serve tunnel error"}
{"level":"info","event":0,"ip":"2606:4700:a0::8","connIndex":0,"time":"2026-09-04T04:19:30Z","message":"Retrying connection in up to 1m4s"}
{"level":"info","event":0,"ip":"2606:4700:a0::8","connIndex":0,"time":"2026-09-04T04:19:59Z","message":"Tunnel connection curve preferences: [X25519MLKEM768 CurveID(65074) CurveP256]"}
{"level":"error","event":0,"ip":"2606:4700:a0::8","connIndex":0,"error":"context canceled","time":"2026-09-04T04:19:59Z","message":"failed to run the datagram handler"}
{"level":"error","event":0,"ip":"2606:4700:a0::8","connIndex":0,"error":"control stream encountered a failure while serving","time":"2026-09-04T04:19:59Z","message":"failed to serve tunnel connection"}
{"level":"error","event":0,"ip":"2606:4700:a0::8","connIndex":0,"error":"control stream encountered a failure while serving","time":"2026-09-04T04:19:59Z","message":"Serve tunnel error"}
{"level":"info","event":0,"ip":"2606:4700:a0::8","connIndex":0,"time":"2026-09-04T04:19:59Z","message":"Retrying connection in up to 1m4s"}
{"level":"info","event":0,"ip":"2606:4700:a0::8","connIndex":0,"time":"2026-09-04T04:20:03Z","message":"Tunnel connection curve preferences: [X25519MLKEM768 CurveID(65074) CurveP256]"}
{"level":"error","event":0,"ip":"2606:4700:a0::8","connIndex":0,"error":"context canceled","time":"2026-09-04T04:20:03Z","message":"failed to run the datagram handler"}
{"level":"error","event":0,"ip":"2606:4700:a0::8","connIndex":0,"error":"control stream encountered a failure while serving","time":"2026-09-04T04:20:03Z","message":"failed to serve tunnel connection"}
{"level":"error","event":0,"ip":"2606:4700:a0::8","connIndex":0,"error":"control stream encountered a failure while serving","time":"2026-09-04T04:20:03Z","message":"Serve tunnel error"}
{"level":"info","event":0,"ip":"2606:4700:a0::8","connIndex":0,"time":"2026-09-04T04:20:03Z","message":"Retrying connection in up to 1m4s"}
{"level":"info","event":0,"ip":"2606:4700:a0::8","connIndex":0,"time":"2026-09-04T04:20:07Z","message":"Tunnel connection curve preferences: [X25519MLKEM768 CurveID(65074) CurveP256]"}
{"level":"error","event":0,"ip":"2606:4700:a0::8","connIndex":0,"error":"context canceled","time":"2026-09-04T04:20:07Z","message":"failed to run the datagram handler"}
{"level":"error","event":0,"ip":"2606:4700:a0::8","connIndex":0,"error":"control stream encountered a failure while serving","time":"2026-09-04T04:20:07Z","message":"failed to serve tunnel connection"}
{"level":"error","event":0,"ip":"2606:4700:a0::8","connIndex":0,"error":"control stream encountered a failure while serving","time":"2026-09-04T04:20:07Z","message":"Serve tunnel error"}
{"level":"info","event":0,"ip":"2606:4700:a0::8","connIndex":0,"time":"2026-09-04T04:20:07Z","message":"Retrying connection in up to 1m4s"}
{"level":"info","event":0,"ip":"2606:4700:a0::8","connIndex":0,"time":"2026-09-04T04:20:36Z","message":"Tunnel connection curve preferences: [X25519MLKEM768 CurveID(65074) CurveP256]"}
{"level":"error","event":0,"ip":"2606:4700:a0::8","connIndex":0,"error":"context canceled","time":"2026-09-04T04:20:36Z","message":"failed to run the datagram handler"}
{"level":"error","event":0,"ip":"2606:4700:a0::8","connIndex":0,"error":"control stream encountered a failure while serving","time":"2026-09-04T04:20:36Z","message":"failed to serve tunnel connection"}
{"level":"error","event":0,"ip":"2606:4700:a0::8","connIndex":0,"error":"control stream encountered a failure while serving","time":"2026-09-04T04:20:36Z","message":"Serve tunnel error"}
{"level":"info","event":0,"ip":"2606:4700:a0::8","connIndex":0,"time":"2026-09-04T04:20:36Z","message":"Retrying connection in up to 1m4s"}
{"level":"info","event":0,"ip":"2606:4700:a0::8","connIndex":0,"time":"2026-09-04T04:20:48Z","message":"Tunnel connection curve preferences: [X25519MLKEM768 CurveID(65074) CurveP256]"}
{"level":"error","event":0,"ip":"2606:4700:a0::8","connIndex":0,"error":"context canceled","time":"2026-09-04T04:20:48Z","message":"failed to run the datagram handler"}
{"level":"error","event":0,"ip":"2606:4700:a0::8","connIndex":0,"error":"control stream encountered a failure while serving","time":"2026-09-04T04:20:48Z","message":"failed to serve tunnel connection"}
{"level":"error","event":0,"ip":"2606:4700:a0::8","connIndex":0,"error":"control stream encountered a failure while serving","time":"2026-09-04T04:20:48Z","message":"Serve tunnel error"}
{"level":"info","event":0,"ip":"2606:4700:a0::8","connIndex":0,"time":"2026-09-04T04:20:48Z","message":"Retrying connection in up to 1m4s"}
{"level":"info","event":0,"ip":"2606:4700:a0::8","connIndex":0,"time":"2026-09-04T04:20:54Z","message":"Tunnel connection curve preferences: [X25519MLKEM768 CurveID(65074) CurveP256]"}
{"level":"error","event":0,"ip":"2606:4700:a0::8","connIndex":0,"error":"context canceled","time":"2026-09-04T04:20:54Z","message":"failed to run the datagram handler"}
{"level":"error","event":0,"ip":"2606:4700:a0::8","connIndex":0,"error":"control stream encountered a failure while serving","time":"2026-09-04T04:20:54Z","message":"failed to serve tunnel connection"}
{"level":"error","event":0,"ip":"2606:4700:a0::8","connIndex":0,"error":"control stream encountered a failure while serving","time":"2026-09-04T04:20:54Z","message":"Serve tunnel error"}
{"level":"info","event":0,"ip":"2606:4700:a0::8","connIndex":0,"time":"2026-09-04T04:20:54Z","message":"Retrying connection in up to 1m4s"}
{"level":"info","event":0,"ip":"2606:4700:a0::8","connIndex":0,"time":"2026-09-04T04:21:04Z","message":"Tunnel connection curve preferences: [X25519MLKEM768 CurveID(65074) CurveP256]"}
{"level":"error","event":0,"ip":"2606:4700:a0::8","connIndex":0,"error":"context canceled","time":"2026-09-04T04:21:04Z","message":"failed to run the datagram handler"}
{"level":"error","event":0,"ip":"2606:4700:a0::8","connIndex":0,"error":"control stream encountered a failure while serving","time":"2026-09-04T04:21:04Z","message":"failed to serve tunnel connection"}
{"level":"error","event":0,"ip":"2606:4700:a0::8","connIndex":0,"error":"control stream encountered a failure while serving","time":"2026-09-04T04:21:04Z","message":"Serve tunnel error"}
{"level":"info","event":0,"ip":"2606:4700:a0::8","connIndex":0,"time":"2026-09-04T04:21:04Z","message":"Retrying connection in up to 1m4s"}
{"level":"info","event":0,"ip":"2606:4700:a0::8","connIndex":0,"time":"2026-09-04T04:21:16Z","message":"Tunnel connection curve preferences: [X25519MLKEM768 CurveID(65074) CurveP256]"}
{"level":"error","event":0,"ip":"2606:4700:a0::8","connIndex":0,"error":"context canceled","time":"2026-09-04T04:21:16Z","message":"failed to run the datagram handler"}
{"level":"error","event":0,"ip":"2606:4700:a0::8","connIndex":0,"error":"control stream encountered a failure while serving","time":"2026-09-04T04:21:16Z","message":"failed to serve tunnel connection"}
{"level":"error","event":0,"ip":"2606:4700:a0::8","connIndex":0,"error":"control stream encountered a failure while serving","time":"2026-09-04T04:21:16Z","message":"Serve tunnel error"}
{"level":"info","event":0,"ip":"2606:4700:a0::8","connIndex":0,"time":"2026-09-04T04:21:16Z","message":"Retrying connection in up to 1m4s"}
{"level":"info","event":0,"ip":"2606:4700:a0::8","connIndex":0,"time":"2026-09-04T04:21:21Z","message":"Tunnel connection curve preferences: [X25519MLKEM768 CurveID(65074) CurveP256]"}
{"level":"error","event":0,"ip":"2606:4700:a0::8","connIndex":0,"error":"context canceled","time":"2026-09-04T04:21:21Z","message":"failed to run the datagram handler"}
{"level":"error","event":0,"ip":"2606:4700:a0::8","connIndex":0,"error":"control stream encountered a failure while serving","time":"2026-09-04T04:21:21Z","message":"failed to serve tunnel connection"}
{"level":"error","event":0,"ip":"2606:4700:a0::8","connIndex":0,"error":"control stream encountered a failure while serving","time":"2026-09-04T04:21:21Z","message":"Serve tunnel error"}
{"level":"info","event":0,"ip":"2606:4700:a0::8","connIndex":0,"time":"2026-09-04T04:21:21Z","message":"Retrying connection in up to 1m4s"}
{"level":"info","event":0,"ip":"2606:4700:a0::8","connIndex":0,"time":"2026-09-04T04:21:52Z","message":"Tunnel connection curve preferences: [X25519MLKEM768 CurveID(65074) CurveP256]"}
{"level":"error","event":0,"ip":"2606:4700:a0::8","connIndex":0,"error":"context canceled","time":"2026-09-04T04:21:52Z","message":"failed to run the datagram handler"}
{"level":"error","event":0,"ip":"2606:4700:a0::8","connIndex":0,"error":"control stream encountered a failure while serving","time":"2026-09-04T04:21:52Z","message":"failed to serve tunnel connection"}
{"level":"error","event":0,"ip":"2606:4700:a0::8","connIndex":0,"error":"control stream encountered a failure while serving","time":"2026-09-04T04:21:52Z","message":"Serve tunnel error"}
{"level":"info","event":0,"ip":"2606:4700:a0::8","connIndex":0,"time":"2026-09-04T04:21:52Z","message":"Retrying connection in up to 1m4s"}
{"level":"info","event":0,"ip":"2606:4700:a0::8","connIndex":0,"time":"2026-09-04T04:22:13Z","message":"Tunnel connection curve preferences: [X25519MLKEM768 CurveID(65074) CurveP256]"}
{"level":"error","event":0,"ip":"2606:4700:a0::8","connIndex":0,"error":"context canceled","time":"2026-09-04T04:22:13Z","message":"failed to run the datagram handler"}
{"level":"error","event":0,"ip":"2606:4700:a0::8","connIndex":0,"error":"control stream encountered a failure while serving","time":"2026-09-04T04:22:13Z","message":"failed to serve tunnel connection"}
{"level":"error","event":0,"ip":"2606:4700:a0::8","connIndex":0,"error":"control stream encountered a failure while serving","time":"2026-09-04T04:22:13Z","message":"Serve tunnel error"}
{"level":"info","event":0,"ip":"2606:4700:a0::8","connIndex":0,"time":"2026-09-04T04:22:13Z","message":"Retrying connection in up to 1m4s"}
{"level":"info","event":0,"ip":"2606:4700:a0::8","connIndex":0,"time":"2026-09-04T04:22:21Z","message":"Tunnel connection curve preferences: [X25519MLKEM768 CurveID(65074) CurveP256]"}
{"level":"error","event":0,"ip":"2606:4700:a0::8","connIndex":0,"error":"context canceled","time":"2026-09-04T04:22:21Z","message":"failed to run the datagram handler"}
{"level":"error","event":0,"ip":"2606:4700:a0::8","connIndex":0,"error":"control stream encountered a failure while serving","time":"2026-09-04T04:22:21Z","message":"failed to serve tunnel connection"}
{"level":"error","event":0,"ip":"2606:4700:a0::8","connIndex":0,"error":"control stream encountered a failure while serving","time":"2026-09-04T04:22:21Z","message":"Serve tunnel error"}
{"level":"info","event":0,"ip":"2606:4700:a0::8","connIndex":0,"time":"2026-09-04T04:22:21Z","message":"Retrying connection in up to 1m4s"}
{"level":"info","event":0,"ip":"2606:4700:a0::8","connIndex":0,"time":"2026-09-04T04:22:38Z","message":"Tunnel connection curve preferences: [X25519MLKEM768 CurveID(65074) CurveP256]"}
{"level":"error","event":0,"ip":"2606:4700:a0::8","connIndex":0,"error":"context canceled","time":"2026-09-04T04:22:38Z","message":"failed to run the datagram handler"}
{"level":"error","event":0,"ip":"2606:4700:a0::8","connIndex":0,"error":"control stream encountered a failure while serving","time":"2026-09-04T04:22:38Z","message":"failed to serve tunnel connection"}
{"level":"error","event":0,"ip":"2606:4700:a0::8","connIndex":0,"error":"control stream encountered a failure while serving","time":"2026-09-04T04:22:38Z","message":"Serve tunnel error"}
{"level":"info","event":0,"ip":"2606:4700:a0::8","connIndex":0,"time":"2026-09-04T04:22:38Z","message":"Retrying connection in up to 1m4s"}
{"level":"info","event":0,"ip":"2606:4700:a0::8","connIndex":0,"time":"2026-09-04T04:23:09Z","message":"Tunnel connection curve preferences: [X25519MLKEM768 CurveID(65074) CurveP256]"}
{"level":"error","event":0,"ip":"2606:4700:a0::8","connIndex":0,"error":"context canceled","time":"2026-09-04T04:23:09Z","message":"failed to run the datagram handler"}
{"level":"error","event":0,"ip":"2606:4700:a0::8","connIndex":0,"error":"control stream encountered a failure while serving","time":"2026-09-04T04:23:09Z","message":"failed to serve tunnel connection"}
{"level":"error","event":0,"ip":"2606:4700:a0::8","connIndex":0,"error":"control stream encountered a failure while serving","time":"2026-09-04T04:23:09Z","message":"Serve tunnel error"}
{"level":"info","event":0,"ip":"2606:4700:a0::8","connIndex":0,"time":"2026-09-04T04:23:09Z","message":"Retrying connection in up to 1m4s"}
{"level":"info","event":0,"ip":"2606:4700:a0::8","connIndex":0,"time":"2026-09-04T04:23:27Z","message":"Tunnel connection curve preferences: [X25519MLKEM768 CurveID(65074) CurveP256]"}
{"level":"error","event":0,"ip":"2606:4700:a0::8","connIndex":0,"error":"context canceled","time":"2026-09-04T04:23:27Z","message":"failed to run the datagram handler"}
{"level":"error","event":0,"ip":"2606:4700:a0::8","connIndex":0,"error":"control stream encountered a failure while serving","time":"2026-09-04T04:23:27Z","message":"failed to serve tunnel connection"}
{"level":"error","event":0,"ip":"2606:4700:a0::8","connIndex":0,"error":"control stream encountered a failure while serving","time":"2026-09-04T04:23:27Z","message":"Serve tunnel error"}
{"level":"info","event":0,"ip":"2606:4700:a0::8","connIndex":0,"time":"2026-09-04T04:23:27Z","message":"Retrying connection in up to 1m4s"}
{"level":"info","event":0,"ip":"2606:4700:a0::8","connIndex":0,"time":"2026-09-04T04:23:42Z","message":"Tunnel connection curve preferences: [X25519MLKEM768 CurveID(65074) CurveP256]"}
{"level":"error","event":0,"ip":"2606:4700:a0::8","connIndex":0,"error":"context canceled","time":"2026-09-04T04:23:42Z","message":"failed to run the datagram handler"}
{"level":"error","event":0,"ip":"2606:4700:a0::8","connIndex":0,"error":"control stream encountered a failure while serving","time":"2026-09-04T04:23:42Z","message":"failed to serve tunnel connection"}
{"level":"error","event":0,"ip":"2606:4700:a0::8","connIndex":0,"error":"control stream encountered a failure while serving","time":"2026-09-04T04:23:42Z","message":"Serve tunnel error"}
{"level":"info","event":0,"ip":"2606:4700:a0::8","connIndex":0,"time":"2026-09-04T04:23:42Z","message":"Retrying connection in up to 1m4s"}
{"level":"info","event":0,"ip":"2606:4700:a0::8","connIndex":0,"time":"2026-09-04T04:23:48Z","message":"Tunnel connection curve preferences: [X25519MLKEM768 CurveID(65074) CurveP256]"}
{"level":"error","event":0,"ip":"2606:4700:a0::8","connIndex":0,"error":"context canceled","time":"2026-09-04T04:23:48Z","message":"failed to run the datagram handler"}
{"level":"error","event":0,"ip":"2606:4700:a0::8","connIndex":0,"error":"control stream encountered a failure while serving","time":"2026-09-04T04:23:48Z","message":"failed to serve tunnel connection"}
{"level":"error","event":0,"ip":"2606:4700:a0::8","connIndex":0,"error":"control stream encountered a failure while serving","time":"2026-09-04T04:23:48Z","message":"Serve tunnel error"}
{"level":"info","event":0,"ip":"2606:4700:a0::8","connIndex":0,"time":"2026-09-04T04:23:48Z","message":"Retrying connection in up to 1m4s"}
{"level":"info","event":0,"ip":"2606:4700:a0::8","connIndex":0,"time":"2026-09-04T04:24:11Z","message":"Tunnel connection curve preferences: [X25519MLKEM768 CurveID(65074) CurveP256]"}
{"level":"error","event":0,"ip":"2606:4700:a0::8","connIndex":0,"error":"context canceled","time":"2026-09-04T04:24:11Z","message":"failed to run the datagram handler"}
{"level":"error","event":0,"ip":"2606:4700:a0::8","connIndex":0,"error":"control stream encountered a failure while serving","time":"2026-09-04T04:24:11Z","message":"failed to serve tunnel connection"}
{"level":"error","event":0,"ip":"2606:4700:a0::8","connIndex":0,"error":"control stream encountered a failure while serving","time":"2026-09-04T04:24:11Z","message":"Serve tunnel error"}
{"level":"info","event":0,"ip":"2606:4700:a0::8","connIndex":0,"time":"2026-09-04T04:24:11Z","message":"Retrying connection in up to 1m4s"}
{"level":"info","event":0,"ip":"2606:4700:a0::8","connIndex":0,"time":"2026-09-04T04:24:35Z","message":"Tunnel connection curve preferences: [X25519MLKEM768 CurveID(65074) CurveP256]"}
{"level":"error","event":0,"ip":"2606:4700:a0::8","connIndex":0,"error":"context canceled","time":"2026-09-04T04:24:35Z","message":"failed to run the datagram handler"}
{"level":"error","event":0,"ip":"2606:4700:a0::8","connIndex":0,"error":"control stream encountered a failure while serving","time":"2026-09-04T04:24:35Z","message":"failed to serve tunnel connection"}
{"level":"error","event":0,"ip":"2606:4700:a0::8","connIndex":0,"error":"control stream encountered a failure while serving","time":"2026-09-04T04:24:35Z","message":"Serve tunnel error"}
{"level":"info","event":0,"ip":"2606:4700:a0::8","connIndex":0,"time":"2026-09-04T04:24:35Z","message":"Retrying connection in up to 1m4s"}
{"level":"info","event":0,"ip":"2606:4700:a0::8","connIndex":0,"time":"2026-09-04T04:24:37Z","message":"Tunnel connection curve preferences: [X25519MLKEM768 CurveID(65074) CurveP256]"}
{"level":"error","event":0,"ip":"2606:4700:a0::8","connIndex":0,"error":"context canceled","time":"2026-09-04T04:24:37Z","message":"failed to run the datagram handler"}
{"level":"error","event":0,"ip":"2606:4700:a0::8","connIndex":0,"error":"control stream encountered a failure while serving","time":"2026-09-04T04:24:37Z","message":"failed to serve tunnel connection"}
{"level":"error","event":0,"ip":"2606:4700:a0::8","connIndex":0,"error":"control stream encountered a failure while serving","time":"2026-09-04T04:24:37Z","message":"Serve tunnel error"}
{"level":"info","event":0,"ip":"2606:4700:a0::8","connIndex":0,"time":"2026-09-04T04:24:37Z","message":"Retrying connection in up to 1m4s"}
{"level":"info","event":0,"ip":"2606:4700:a0::8","connIndex":0,"time":"2026-09-04T04:24:51Z","message":"Tunnel connection curve preferences: [X25519MLKEM768 CurveID(65074) CurveP256]"}
{"level":"error","event":0,"ip":"2606:4700:a0::8","connIndex":0,"error":"context canceled","time":"2026-09-04T04:24:51Z","message":"failed to run the datagram handler"}
{"level":"error","event":0,"ip":"2606:4700:a0::8","connIndex":0,"error":"control stream encountered a failure while serving","time":"2026-09-04T04:24:51Z","message":"failed to serve tunnel connection"}
{"level":"error","event":0,"ip":"2606:4700:a0::8","connIndex":0,"error":"control stream encountered a failure while serving","time":"2026-09-04T04:24:51Z","message":"Serve tunnel error"}
{"level":"info","event":0,"ip":"2606:4700:a0::8","connIndex":0,"time":"2026-09-04T04:24:51Z","message":"Retrying connection in up to 1m4s"}
{"level":"info","event":0,"ip":"2606:4700:a0::8","connIndex":0,"time":"2026-09-04T04:25:18Z","message":"Tunnel connection curve preferences: [X25519MLKEM768 CurveID(65074) CurveP256]"}
{"level":"error","event":0,"ip":"2606:4700:a0::8","connIndex":0,"error":"context canceled","time":"2026-09-04T04:25:18Z","message":"failed to run the datagram handler"}
{"level":"error","event":0,"ip":"2606:4700:a0::8","connIndex":0,"error":"control stream encountered a failure while serving","time":"2026-09-04T04:25:18Z","message":"failed to serve tunnel connection"}
{"level":"error","event":0,"ip":"2606:4700:a0::8","connIndex":0,"error":"control stream encountered a failure while serving","time":"2026-09-04T04:25:18Z","message":"Serve tunnel error"}
{"level":"info","event":0,"ip":"2606:4700:a0::8","connIndex":0,"time":"2026-09-04T04:25:18Z","message":"Retrying connection in up to 1m4s"}
{"level":"info","event":0,"ip":"2606:4700:a0::8","connIndex":0,"time":"2026-09-04T04:25:36Z","message":"Tunnel connection curve preferences: [X25519MLKEM768 CurveID(65074) CurveP256]"}
{"level":"error","event":0,"ip":"2606:4700:a0::8","connIndex":0,"error":"context canceled","time":"2026-09-04T04:25:36Z","message":"failed to run the datagram handler"}
{"level":"error","event":0,"ip":"2606:4700:a0::8","connIndex":0,"error":"control stream encountered a failure while serving","time":"2026-09-04T04:25:36Z","message":"failed to serve tunnel connection"}
{"level":"error","event":0,"ip":"2606:4700:a0::8","connIndex":0,"error":"control stream encountered a failure while serving","time":"2026-09-04T04:25:36Z","message":"Serve tunnel error"}
{"level":"info","event":0,"ip":"2606:4700:a0::8","connIndex":0,"time":"2026-09-04T04:25:36Z","message":"Retrying connection in up to 1m4s"}
{"level":"info","event":0,"ip":"2606:4700:a0::8","connIndex":0,"time":"2026-09-04T04:26:04Z","message":"Tunnel connection curve preferences: [X25519MLKEM768 CurveID(65074) CurveP256]"}
{"level":"error","event":0,"ip":"2606:4700:a0::8","connIndex":0,"error":"context canceled","time":"2026-09-04T04:26:04Z","message":"failed to run the datagram handler"}
{"level":"error","event":0,"ip":"2606:4700:a0::8","connIndex":0,"error":"control stream encountered a failure while serving","time":"2026-09-04T04:26:04Z","message":"failed to serve tunnel connection"}
{"level":"error","event":0,"ip":"2606:4700:a0::8","connIndex":0,"error":"control stream encountered a failure while serving","time":"2026-09-04T04:26:04Z","message":"Serve tunnel error"}
{"level":"info","event":0,"ip":"2606:4700:a0::8","connIndex":0,"time":"2026-09-04T04:26:04Z","message":"Retrying connection in up to 1m4s"}
{"level":"info","event":0,"ip":"2606:4700:a0::8","connIndex":0,"time":"2026-09-04T04:26:07Z","message":"Tunnel connection curve preferences: [X25519MLKEM768 CurveID(65074) CurveP256]"}
{"level":"error","event":0,"ip":"2606:4700:a0::8","connIndex":0,"error":"context canceled","time":"2026-09-04T04:26:07Z","message":"failed to run the datagram handler"}
{"level":"error","event":0,"ip":"2606:4700:a0::8","connIndex":0,"error":"control stream encountered a failure while serving","time":"2026-09-04T04:26:07Z","message":"failed to serve tunnel connection"}
{"level":"error","event":0,"ip":"2606:4700:a0::8","connIndex":0,"error":"control stream encountered a failure while serving","time":"2026-09-04T04:26:07Z","message":"Serve tunnel error"}
{"level":"info","event":0,"ip":"2606:4700:a0::8","connIndex":0,"time":"2026-09-04T04:26:07Z","message":"Retrying connection in up to 1m4s"}
{"level":"info","event":0,"ip":"2606:4700:a0::8","connIndex":0,"time":"2026-09-04T04:26:11Z","message":"Tunnel connection curve preferences: [X25519MLKEM768 CurveID(65074) CurveP256]"}
{"level":"error","event":0,"ip":"2606:4700:a0::8","connIndex":0,"error":"context canceled","time":"2026-09-04T04:26:11Z","message":"failed to run the datagram handler"}
{"level":"error","event":0,"ip":"2606:4700:a0::8","connIndex":0,"error":"control stream encountered a failure while serving","time":"2026-09-04T04:26:11Z","message":"failed to serve tunnel connection"}
{"level":"error","event":0,"ip":"2606:4700:a0::8","connIndex":0,"error":"control stream encountered a failure while serving","time":"2026-09-04T04:26:11Z","message":"Serve tunnel error"}
{"level":"info","event":0,"ip":"2606:4700:a0::8","connIndex":0,"time":"2026-09-04T04:26:11Z","message":"Retrying connection in up to 1m4s"}
{"level":"info","event":0,"ip":"2606:4700:a0::8","connIndex":0,"time":"2026-09-04T04:26:28Z","message":"Tunnel connection curve preferences: [X25519MLKEM768 CurveID(65074) CurveP256]"}
{"level":"error","event":0,"ip":"2606:4700:a0::8","connIndex":0,"error":"context canceled","time":"2026-09-04T04:26:28Z","message":"failed to run the datagram handler"}
{"level":"error","event":0,"ip":"2606:4700:a0::8","connIndex":0,"error":"control stream encountered a failure while serving","time":"2026-09-04T04:26:28Z","message":"failed to serve tunnel connection"}
{"level":"error","event":0,"ip":"2606:4700:a0::8","connIndex":0,"error":"control stream encountered a failure while serving","time":"2026-09-04T04:26:28Z","message":"Serve tunnel error"}
{"level":"info","event":0,"ip":"2606:4700:a0::8","connIndex":0,"time":"2026-09-04T04:26:28Z","message":"Retrying connection in up to 1m4s"}
{"level":"info","event":0,"ip":"2606:4700:a0::8","connIndex":0,"time":"2026-09-04T04:26:57Z","message":"Tunnel connection curve preferences: [X25519MLKEM768 CurveID(65074) CurveP256]"}
{"level":"error","event":0,"ip":"2606:4700:a0::8","connIndex":0,"error":"context canceled","time":"2026-09-04T04:26:57Z","message":"failed to run the datagram handler"}
{"level":"error","event":0,"ip":"2606:4700:a0::8","connIndex":0,"error":"control stream encountered a failure while serving","time":"2026-09-04T04:26:57Z","message":"failed to serve tunnel connection"}
{"level":"error","event":0,"ip":"2606:4700:a0::8","connIndex":0,"error":"control stream encountered a failure while serving","time":"2026-09-04T04:26:57Z","message":"Serve tunnel error"}
{"level":"info","event":0,"ip":"2606:4700:a0::8","connIndex":0,"time":"2026-09-04T04:26:57Z","message":"Retrying connection in up to 1m4s"}
{"level":"info","event":0,"ip":"2606:4700:a0::8","connIndex":0,"time":"2026-09-04T04:27:26Z","message":"Tunnel connection curve preferences: [X25519MLKEM768 CurveID(65074) CurveP256]"}
{"level":"error","event":0,"ip":"2606:4700:a0::8","connIndex":0,"error":"context canceled","time":"2026-09-04T04:27:26Z","message":"failed to run the datagram handler"}
{"level":"error","event":0,"ip":"2606:4700:a0::8","connIndex":0,"error":"control stream encountered a failure while serving","time":"2026-09-04T04:27:26Z","message":"failed to serve tunnel connection"}
{"level":"error","event":0,"ip":"2606:4700:a0::8","connIndex":0,"error":"control stream encountered a failure while serving","time":"2026-09-04T04:27:26Z","message":"Serve tunnel error"}
{"level":"info","event":0,"ip":"2606:4700:a0::8","connIndex":0,"time":"2026-09-04T04:27:26Z","message":"Retrying connection in up to 1m4s"}
{"level":"info","event":0,"ip":"2606:4700:a0::8","connIndex":0,"time":"2026-09-04T04:27:46Z","message":"Tunnel connection curve preferences: [X25519MLKEM768 CurveID(65074) CurveP256]"}
{"level":"error","event":0,"ip":"2606:4700:a0::8","connIndex":0,"error":"context canceled","time":"2026-09-04T04:27:46Z","message":"failed to run the datagram handler"}
{"level":"error","event":0,"ip":"2606:4700:a0::8","connIndex":0,"error":"control stream encountered a failure while serving","time":"2026-09-04T04:27:46Z","message":"failed to serve tunnel connection"}
{"level":"error","event":0,"ip":"2606:4700:a0::8","connIndex":0,"error":"control stream encountered a failure while serving","time":"2026-09-04T04:27:46Z","message":"Serve tunnel error"}
{"level":"info","event":0,"ip":"2606:4700:a0::8","connIndex":0,"time":"2026-09-04T04:27:46Z","message":"Retrying connection in up to 1m4s"}
{"level":"info","event":0,"ip":"2606:4700:a0::8","connIndex":0,"time":"2026-09-04T04:27:53Z","message":"Tunnel connection curve preferences: [X25519MLKEM768 CurveID(65074) CurveP256]"}
{"level":"error","event":0,"ip":"2606:4700:a0::8","connIndex":0,"error":"context canceled","time":"2026-09-04T04:27:53Z","message":"failed to run the datagram handler"}
{"level":"error","event":0,"ip":"2606:4700:a0::8","connIndex":0,"error":"control stream encountered a failure while serving","time":"2026-09-04T04:27:53Z","message":"failed to serve tunnel connection"}
{"level":"error","event":0,"ip":"2606:4700:a0::8","connIndex":0,"error":"control stream encountered a failure while serving","time":"2026-09-04T04:27:53Z","message":"Serve tunnel error"}
{"level":"info","event":0,"ip":"2606:4700:a0::8","connIndex":0,"time":"2026-09-04T04:27:53Z","message":"Retrying connection in up to 1m4s"}
{"level":"info","event":0,"ip":"2606:4700:a0::8","connIndex":0,"time":"2026-09-04T04:28:05Z","message":"Tunnel connection curve preferences: [X25519MLKEM768 CurveID(65074) CurveP256]"}
{"level":"error","event":0,"ip":"2606:4700:a0::8","connIndex":0,"error":"context canceled","time":"2026-09-04T04:28:05Z","message":"failed to run the datagram handler"}
{"level":"error","event":0,"ip":"2606:4700:a0::8","connIndex":0,"error":"control stream encountered a failure while serving","time":"2026-09-04T04:28:05Z","message":"failed to serve tunnel connection"}
{"level":"error","event":0,"ip":"2606:4700:a0::8","connIndex":0,"error":"control stream encountered a failure while serving","time":"2026-09-04T04:28:05Z","message":"Serve tunnel error"}
{"level":"info","event":0,"ip":"2606:4700:a0::8","connIndex":0,"time":"2026-09-04T04:28:05Z","message":"Retrying connection in up to 1m4s"}
{"level":"info","event":0,"ip":"2606:4700:a0::8","connIndex":0,"time":"2026-09-04T04:32:57Z","message":"Tunnel connection curve preferences: [X25519MLKEM768 CurveID(65074) CurveP256]"}
{"level":"error","event":0,"ip":"2606:4700:a0::8","connIndex":0,"error":"context canceled","time":"2026-09-04T04:32:57Z","message":"failed to run the datagram handler"}
{"level":"error","event":0,"ip":"2606:4700:a0::8","connIndex":0,"error":"control stream encountered a failure while serving","time":"2026-09-04T04:32:57Z","message":"failed to serve tunnel connection"}
{"level":"error","event":0,"ip":"2606:4700:a0::8","connIndex":0,"error":"control stream encountered a failure while serving","time":"2026-09-04T04:32:57Z","message":"Serve tunnel error"}
{"level":"info","event":0,"ip":"2606:4700:a0::8","connIndex":0,"time":"2026-09-04T04:32:57Z","message":"Retrying connection in up to 1m4s"}
{"level":"info","event":0,"ip":"2606:4700:a0::8","connIndex":0,"time":"2026-09-04T04:33:02Z","message":"Tunnel connection curve preferences: [X25519MLKEM768 CurveID(65074) CurveP256]"}
{"level":"error","event":0,"ip":"2606:4700:a0::8","connIndex":0,"error":"context canceled","time":"2026-09-04T04:33:02Z","message":"failed to run the datagram handler"}
{"level":"error","event":0,"ip":"2606:4700:a0::8","connIndex":0,"error":"control stream encountered a failure while serving","time":"2026-09-04T04:33:02Z","message":"failed to serve tunnel connection"}
{"level":"error","event":0,"ip":"2606:4700:a0::8","connIndex":0,"error":"control stream encountered a failure while serving","time":"2026-09-04T04:33:02Z","message":"Serve tunnel error"}
{"level":"info","event":0,"ip":"2606:4700:a0::8","connIndex":0,"time":"2026-09-04T04:33:02Z","message":"Retrying connection in up to 1m4s"}
{"level":"info","event":0,"ip":"2606:4700:a0::8","connIndex":0,"time":"2026-09-04T04:33:03Z","message":"Tunnel connection curve preferences: [X25519MLKEM768 CurveID(65074) CurveP256]"}
{"level":"error","event":0,"ip":"2606:4700:a0::8","connIndex":0,"error":"context canceled","time":"2026-09-04T04:33:03Z","message":"failed to run the datagram handler"}
{"level":"error","event":0,"ip":"2606:4700:a0::8","connIndex":0,"error":"control stream encountered a failure while serving","time":"2026-09-04T04:33:03Z","message":"failed to serve tunnel connection"}
{"level":"error","event":0,"ip":"2606:4700:a0::8","connIndex":0,"error":"control stream encountered a failure while serving","time":"2026-09-04T04:33:03Z","message":"Serve tunnel error"}
{"level":"info","event":0,"ip":"2606:4700:a0::8","connIndex":0,"time":"2026-09-04T04:33:03Z","message":"Retrying connection in up to 1m4s"}
{"level":"info","event":0,"ip":"2606:4700:a0::8","connIndex":0,"time":"2026-09-04T04:33:19Z","message":"Tunnel connection curve preferences: [X25519MLKEM768 CurveID(65074) CurveP256]"}
{"level":"error","event":0,"ip":"2606:4700:a0::8","connIndex":0,"error":"context canceled","time":"2026-09-04T04:33:19Z","message":"failed to run the datagram handler"}
{"level":"error","event":0,"ip":"2606:4700:a0::8","connIndex":0,"error":"control stream encountered a failure while serving","time":"2026-09-04T04:33:19Z","message":"failed to serve tunnel connection"}
{"level":"error","event":0,"ip":"2606:4700:a0::8","connIndex":0,"error":"control stream encountered a failure while serving","time":"2026-09-04T04:33:19Z","message":"Serve tunnel error"}
{"level":"info","event":0,"ip":"2606:4700:a0::8","connIndex":0,"time":"2026-09-04T04:33:19Z","message":"Retrying connection in up to 1m4s"}
{"level":"info","event":0,"ip":"2606:4700:a0::8","connIndex":0,"time":"2026-09-04T04:33:35Z","message":"Tunnel connection curve preferences: [X25519MLKEM768 CurveID(65074) CurveP256]"}
{"level":"error","event":0,"ip":"2606:4700:a0::8","connIndex":0,"error":"context canceled","time":"2026-09-04T04:33:35Z","message":"failed to run the datagram handler"}
{"level":"error","event":0,"ip":"2606:4700:a0::8","connIndex":0,"error":"control stream encountered a failure while serving","time":"2026-09-04T04:33:35Z","message":"failed to serve tunnel connection"}
{"level":"error","event":0,"ip":"2606:4700:a0::8","connIndex":0,"error":"control stream encountered a failure while serving","time":"2026-09-04T04:33:35Z","message":"Serve tunnel error"}
{"level":"info","event":0,"ip":"2606:4700:a0::8","connIndex":0,"time":"2026-09-04T04:33:35Z","message":"Retrying connection in up to 1m4s"}
{"level":"info","event":0,"ip":"2606:4700:a0::8","connIndex":0,"time":"2026-09-04T04:33:45Z","message":"Tunnel connection curve preferences: [X25519MLKEM768 CurveID(65074) CurveP256]"}
{"level":"error","event":0,"ip":"2606:4700:a0::8","connIndex":0,"error":"context canceled","time":"2026-09-04T04:33:45Z","message":"failed to run the datagram handler"}
{"level":"error","event":0,"ip":"2606:4700:a0::8","connIndex":0,"error":"control stream encountered a failure while serving","time":"2026-09-04T04:33:45Z","message":"failed to serve tunnel connection"}
{"level":"error","event":0,"ip":"2606:4700:a0::8","connIndex":0,"error":"control stream encountered a failure while serving","time":"2026-09-04T04:33:45Z","message":"Serve tunnel error"}
{"level":"info","event":0,"ip":"2606:4700:a0::8","connIndex":0,"time":"2026-09-04T04:33:45Z","message":"Retrying connection in up to 1m4s"}
{"level":"info","event":0,"ip":"2606:4700:a0::8","connIndex":0,"time":"2026-09-04T04:34:00Z","message":"Tunnel connection curve preferences: [X25519MLKEM768 CurveID(65074) CurveP256]"}
{"level":"error","event":0,"ip":"2606:4700:a0::8","connIndex":0,"error":"context canceled","time":"2026-09-04T04:34:00Z","message":"failed to run the datagram handler"}
{"level":"error","event":0,"ip":"2606:4700:a0::8","connIndex":0,"error":"control stream encountered a failure while serving","time":"2026-09-04T04:34:00Z","message":"failed to serve tunnel connection"}
{"level":"error","event":0,"ip":"2606:4700:a0::8","connIndex":0,"error":"control stream encountered a failure while serving","time":"2026-09-04T04:34:00Z","message":"Serve tunnel error"}
{"level":"info","event":0,"ip":"2606:4700:a0::8","connIndex":0,"time":"2026-09-04T04:34:00Z","message":"Retrying connection in up to 1m4s"}
{"level":"info","event":0,"ip":"2606:4700:a0::8","connIndex":0,"time":"2026-09-04T04:34:26Z","message":"Tunnel connection curve preferences: [X25519MLKEM768 CurveID(65074) CurveP256]"}
{"level":"error","event":0,"ip":"2606:4700:a0::8","connIndex":0,"error":"context canceled","time":"2026-09-04T04:34:26Z","message":"failed to run the datagram handler"}
{"level":"error","event":0,"ip":"2606:4700:a0::8","connIndex":0,"error":"control stream encountered a failure while serving","time":"2026-09-04T04:34:26Z","message":"failed to serve tunnel connection"}
{"level":"error","event":0,"ip":"2606:4700:a0::8","connIndex":0,"error":"control stream encountered a failure while serving","time":"2026-09-04T04:34:26Z","message":"Serve tunnel error"}
{"level":"info","event":0,"ip":"2606:4700:a0::8","connIndex":0,"time":"2026-09-04T04:34:26Z","message":"Retrying connection in up to 1m4s"}
{"level":"info","event":0,"ip":"2606:4700:a0::8","connIndex":0,"time":"2026-09-04T04:34:31Z","message":"Tunnel connection curve preferences: [X25519MLKEM768 CurveID(65074) CurveP256]"}
{"level":"error","event":0,"ip":"2606:4700:a0::8","connIndex":0,"error":"context canceled","time":"2026-09-04T04:34:31Z","message":"failed to run the datagram handler"}
{"level":"error","event":0,"ip":"2606:4700:a0::8","connIndex":0,"error":"control stream encountered a failure while serving","time":"2026-09-04T04:34:31Z","message":"failed to serve tunnel connection"}
{"level":"error","event":0,"ip":"2606:4700:a0::8","connIndex":0,"error":"control stream encountered a failure while serving","time":"2026-09-04T04:34:31Z","message":"Serve tunnel error"}
{"level":"info","event":0,"ip":"2606:4700:a0::8","connIndex":0,"time":"2026-09-04T04:34:31Z","message":"Retrying connection in up to 1m4s"}
{"level":"info","event":0,"ip":"2606:4700:a0::8","connIndex":0,"time":"2026-09-04T04:34:43Z","message":"Tunnel connection curve preferences: [X25519MLKEM768 CurveID(65074) CurveP256]"}
{"level":"error","event":0,"ip":"2606:4700:a0::8","connIndex":0,"error":"context canceled","time":"2026-09-04T04:34:43Z","message":"failed to run the datagram handler"}
{"level":"error","event":0,"ip":"2606:4700:a0::8","connIndex":0,"error":"control stream encountered a failure while serving","time":"2026-09-04T04:34:43Z","message":"failed to serve tunnel connection"}
{"level":"error","event":0,"ip":"2606:4700:a0::8","connIndex":0,"error":"control stream encountered a failure while serving","time":"2026-09-04T04:34:43Z","message":"Serve tunnel error"}
{"level":"info","event":0,"ip":"2606:4700:a0::8","connIndex":0,"time":"2026-09-04T04:34:43Z","message":"Retrying connection in up to 1m4s"}
{"level":"info","event":0,"ip":"2606:4700:a0::8","connIndex":0,"time":"2026-09-04T04:34:58Z","message":"Tunnel connection curve preferences: [X25519MLKEM768 CurveID(65074) CurveP256]"}
{"level":"error","event":0,"ip":"2606:4700:a0::8","connIndex":0,"error":"context canceled","time":"2026-09-04T04:34:58Z","message":"failed to run the datagram handler"}
{"level":"error","event":0,"ip":"2606:4700:a0::8","connIndex":0,"error":"control stream encountered a failure while serving","time":"2026-09-04T04:34:58Z","message":"failed to serve tunnel connection"}
{"level":"error","event":0,"ip":"2606:4700:a0::8","connIndex":0,"error":"control stream encountered a failure while serving","time":"2026-09-04T04:34:58Z","message":"Serve tunnel error"}
{"level":"info","event":0,"ip":"2606:4700:a0::8","connIndex":0,"time":"2026-09-04T04:34:58Z","message":"Retrying connection in up to 1m4s"}
{"level":"info","event":0,"ip":"2606:4700:a0::8","connIndex":0,"time":"2026-09-04T04:35:19Z","message":"Tunnel connection curve preferences: [X25519MLKEM768 CurveID(65074) CurveP256]"}
{"level":"error","event":0,"ip":"2606:4700:a0::8","connIndex":0,"error":"context canceled","time":"2026-09-04T04:35:19Z","message":"failed to run the datagram handler"}
{"level":"error","event":0,"ip":"2606:4700:a0::8","connIndex":0,"error":"control stream encountered a failure while serving","time":"2026-09-04T04:35:19Z","message":"failed to serve tunnel connection"}
{"level":"error","event":0,"ip":"2606:4700:a0::8","connIndex":0,"error":"control stream encountered a failure while serving","time":"2026-09-04T04:35:19Z","message":"Serve tunnel error"}
{"level":"info","event":0,"ip":"2606:4700:a0::8","connIndex":0,"time":"2026-09-04T04:35:19Z","message":"Retrying connection in up to 1m4s"}
{"level":"info","event":0,"ip":"2606:4700:a0::8","connIndex":0,"time":"2026-09-04T04:35:27Z","message":"Tunnel connection curve preferences: [X25519MLKEM768 CurveID(65074) CurveP256]"}
{"level":"error","event":0,"ip":"2606:4700:a0::8","connIndex":0,"error":"context canceled","time":"2026-09-04T04:35:27Z","message":"failed to run the datagram handler"}
{"level":"error","event":0,"ip":"2606:4700:a0::8","connIndex":0,"error":"control stream encountered a failure while serving","time":"2026-09-04T04:35:27Z","message":"failed to serve tunnel connection"}
{"level":"error","event":0,"ip":"2606:4700:a0::8","connIndex":0,"error":"control stream encountered a failure while serving","time":"2026-09-04T04:35:27Z","message":"Serve tunnel error"}
{"level":"info","event":0,"ip":"2606:4700:a0::8","connIndex":0,"time":"2026-09-04T04:35:27Z","message":"Retrying connection in up to 1m4s"}
{"level":"info","event":0,"ip":"2606:4700:a0::8","connIndex":0,"time":"2026-09-04T04:35:35Z","message":"Tunnel connection curve preferences: [X25519MLKEM768 CurveID(65074) CurveP256]"}
{"level":"error","event":0,"ip":"2606:4700:a0::8","connIndex":0,"error":"context canceled","time":"2026-09-04T04:35:35Z","message":"failed to run the datagram handler"}
{"level":"error","event":0,"ip":"2606:4700:a0::8","connIndex":0,"error":"control stream encountered a failure while serving","time":"2026-09-04T04:35:35Z","message":"failed to serve tunnel connection"}
{"level":"error","event":0,"ip":"2606:4700:a0::8","connIndex":0,"error":"control stream encountered a failure while serving","time":"2026-09-04T04:35:35Z","message":"Serve tunnel error"}
{"level":"info","event":0,"ip":"2606:4700:a0::8","connIndex":0,"time":"2026-09-04T04:35:35Z","message":"Retrying connection in up to 1m4s"}
{"level":"info","event":0,"ip":"2606:4700:a0::8","connIndex":0,"time":"2026-09-04T04:35:49Z","message":"Tunnel connection curve preferences: [X25519MLKEM768 CurveID(65074) CurveP256]"}
{"level":"error","event":0,"ip":"2606:4700:a0::8","connIndex":0,"error":"context canceled","time":"2026-09-04T04:35:49Z","message":"failed to run the datagram handler"}
{"level":"error","event":0,"ip":"2606:4700:a0::8","connIndex":0,"error":"control stream encountered a failure while serving","time":"2026-09-04T04:35:49Z","message":"failed to serve tunnel connection"}
{"level":"error","event":0,"ip":"2606:4700:a0::8","connIndex":0,"error":"control stream encountered a failure while serving","time":"2026-09-04T04:35:49Z","message":"Serve tunnel error"}
{"level":"info","event":0,"ip":"2606:4700:a0::8","connIndex":0,"time":"2026-09-04T04:35:49Z","message":"Retrying connection in up to 1m4s"}
{"level":"info","event":0,"ip":"2606:4700:a0::8","connIndex":0,"time":"2026-09-04T04:36:14Z","message":"Tunnel connection curve preferences: [X25519MLKEM768 CurveID(65074) CurveP256]"}
{"level":"error","event":0,"ip":"2606:4700:a0::8","connIndex":0,"error":"context canceled","time":"2026-09-04T04:36:15Z","message":"failed to run the datagram handler"}
{"level":"error","event":0,"ip":"2606:4700:a0::8","connIndex":0,"error":"control stream encountered a failure while serving","time":"2026-09-04T04:36:15Z","message":"failed to serve tunnel connection"}
{"level":"error","event":0,"ip":"2606:4700:a0::8","connIndex":0,"error":"control stream encountered a failure while serving","time":"2026-09-04T04:36:15Z","message":"Serve tunnel error"}
{"level":"info","event":0,"ip":"2606:4700:a0::8","connIndex":0,"time":"2026-09-04T04:36:15Z","message":"Retrying connection in up to 1m4s"}
{"level":"info","event":0,"ip":"2606:4700:a0::8","connIndex":0,"time":"2026-09-04T04:36:15Z","message":"Tunnel connection curve preferences: [X25519MLKEM768 CurveID(65074) CurveP256]"}
{"level":"error","event":0,"ip":"2606:4700:a0::8","connIndex":0,"error":"context canceled","time":"2026-09-04T04:36:16Z","message":"failed to run the datagram handler"}
{"level":"error","event":0,"ip":"2606:4700:a0::8","connIndex":0,"error":"control stream encountered a failure while serving","time":"2026-09-04T04:36:16Z","message":"failed to serve tunnel connection"}
{"level":"error","event":0,"ip":"2606:4700:a0::8","connIndex":0,"error":"control stream encountered a failure while serving","time":"2026-09-04T04:36:16Z","message":"Serve tunnel error"}
{"level":"info","event":0,"ip":"2606:4700:a0::8","connIndex":0,"time":"2026-09-04T04:36:16Z","message":"Retrying connection in up to 1m4s"}
{"level":"info","event":0,"ip":"2606:4700:a0::8","connIndex":0,"time":"2026-09-04T04:36:18Z","message":"Tunnel connection curve preferences: [X25519MLKEM768 CurveID(65074) CurveP256]"}
{"level":"error","event":0,"ip":"2606:4700:a0::8","connIndex":0,"error":"context canceled","time":"2026-09-04T04:36:18Z","message":"failed to run the datagram handler"}
{"level":"error","event":0,"ip":"2606:4700:a0::8","connIndex":0,"error":"control stream encountered a failure while serving","time":"2026-09-04T04:36:18Z","message":"failed to serve tunnel connection"}
{"level":"error","event":0,"ip":"2606:4700:a0::8","connIndex":0,"error":"control stream encountered a failure while serving","time":"2026-09-04T04:36:18Z","message":"Serve tunnel error"}
{"level":"info","event":0,"ip":"2606:4700:a0::8","connIndex":0,"time":"2026-09-04T04:36:18Z","message":"Retrying connection in up to 1m4s"}
{"level":"info","event":0,"ip":"2606:4700:a0::8","connIndex":0,"time":"2026-09-04T04:36:24Z","message":"Tunnel connection curve preferences: [X25519MLKEM768 CurveID(65074) CurveP256]"}
{"level":"error","event":0,"ip":"2606:4700:a0::8","connIndex":0,"error":"context canceled","time":"2026-09-04T04:36:24Z","message":"failed to run the datagram handler"}
{"level":"error","event":0,"ip":"2606:4700:a0::8","connIndex":0,"error":"control stream encountered a failure while serving","time":"2026-09-04T04:36:24Z","message":"failed to serve tunnel connection"}
{"level":"error","event":0,"ip":"2606:4700:a0::8","connIndex":0,"error":"control stream encountered a failure while serving","time":"2026-09-04T04:36:24Z","message":"Serve tunnel error"}
{"level":"info","event":0,"ip":"2606:4700:a0::8","connIndex":0,"time":"2026-09-04T04:36:24Z","message":"Retrying connection in up to 1m4s"}
{"level":"info","event":0,"ip":"2606:4700:a0::8","connIndex":0,"time":"2026-09-04T04:36:39Z","message":"Tunnel connection curve preferences: [X25519MLKEM768 CurveID(65074) CurveP256]"}
{"level":"error","event":0,"ip":"2606:4700:a0::8","connIndex":0,"error":"context canceled","time":"2026-09-04T04:36:39Z","message":"failed to run the datagram handler"}
{"level":"error","event":0,"ip":"2606:4700:a0::8","connIndex":0,"error":"control stream encountered a failure while serving","time":"2026-09-04T04:36:39Z","message":"failed to serve tunnel connection"}
{"level":"error","event":0,"ip":"2606:4700:a0::8","connIndex":0,"error":"control stream encountered a failure while serving","time":"2026-09-04T04:36:39Z","message":"Serve tunnel error"}
{"level":"info","event":0,"ip":"2606:4700:a0::8","connIndex":0,"time":"2026-09-04T04:36:39Z","message":"Retrying connection in up to 1m4s"}
{"level":"info","event":0,"ip":"2606:4700:a0::8","connIndex":0,"time":"2026-09-04T04:37:03Z","message":"Tunnel connection curve preferences: [X25519MLKEM768 CurveID(65074) CurveP256]"}
{"level":"error","event":0,"ip":"2606:4700:a0::8","connIndex":0,"error":"context canceled","time":"2026-09-04T04:37:03Z","message":"failed to run the datagram handler"}
{"level":"error","event":0,"ip":"2606:4700:a0::8","connIndex":0,"error":"control stream encountered a failure while serving","time":"2026-09-04T04:37:03Z","message":"failed to serve tunnel connection"}
{"level":"error","event":0,"ip":"2606:4700:a0::8","connIndex":0,"error":"control stream encountered a failure while serving","time":"2026-09-04T04:37:03Z","message":"Serve tunnel error"}
{"level":"info","event":0,"ip":"2606:4700:a0::8","connIndex":0,"time":"2026-09-04T04:37:03Z","message":"Retrying connection in up to 1m4s"}
{"level":"info","event":0,"ip":"2606:4700:a0::8","connIndex":0,"time":"2026-09-04T04:37:21Z","message":"Tunnel connection curve preferences: [X25519MLKEM768 CurveID(65074) CurveP256]"}
{"level":"error","event":0,"ip":"2606:4700:a0::8","connIndex":0,"error":"context canceled","time":"2026-09-04T04:37:21Z","message":"failed to run the datagram handler"}
{"level":"error","event":0,"ip":"2606:4700:a0::8","connIndex":0,"error":"control stream encountered a failure while serving","time":"2026-09-04T04:37:21Z","message":"failed to serve tunnel connection"}
{"level":"error","event":0,"ip":"2606:4700:a0::8","connIndex":0,"error":"control stream encountered a failure while serving","time":"2026-09-04T04:37:21Z","message":"Serve tunnel error"}
{"level":"info","event":0,"ip":"2606:4700:a0::8","connIndex":0,"time":"2026-09-04T04:37:21Z","message":"Retrying connection in up to 1m4s"}
{"level":"info","event":0,"ip":"2606:4700:a0::8","connIndex":0,"time":"2026-09-04T04:37:37Z","message":"Tunnel connection curve preferences: [X25519MLKEM768 CurveID(65074) CurveP256]"}
{"level":"error","event":0,"ip":"2606:4700:a0::8","connIndex":0,"error":"context canceled","time":"2026-09-04T04:37:37Z","message":"failed to run the datagram handler"}
{"level":"error","event":0,"ip":"2606:4700:a0::8","connIndex":0,"error":"control stream encountered a failure while serving","time":"2026-09-04T04:37:37Z","message":"failed to serve tunnel connection"}
{"level":"error","event":0,"ip":"2606:4700:a0::8","connIndex":0,"error":"control stream encountered a failure while serving","time":"2026-09-04T04:37:37Z","message":"Serve tunnel error"}
{"level":"info","event":0,"ip":"2606:4700:a0::8","connIndex":0,"time":"2026-09-04T04:37:37Z","message":"Retrying connection in up to 1m4s"}
{"level":"info","event":0,"ip":"2606:4700:a0::8","connIndex":0,"time":"2026-09-04T04:37:40Z","message":"Tunnel connection curve preferences: [X25519MLKEM768 CurveID(65074) CurveP256]"}
{"level":"error","event":0,"ip":"2606:4700:a0::8","connIndex":0,"error":"context canceled","time":"2026-09-04T04:37:40Z","message":"failed to run the datagram handler"}
{"level":"error","event":0,"ip":"2606:4700:a0::8","connIndex":0,"error":"control stream encountered a failure while serving","time":"2026-09-04T04:37:40Z","message":"failed to serve tunnel connection"}
{"level":"error","event":0,"ip":"2606:4700:a0::8","connIndex":0,"error":"control stream encountered a failure while serving","time":"2026-09-04T04:37:40Z","message":"Serve tunnel error"}
{"level":"info","event":0,"ip":"2606:4700:a0::8","connIndex":0,"time":"2026-09-04T04:37:40Z","message":"Retrying connection in up to 1m4s"}
{"level":"info","event":0,"ip":"2606:4700:a0::8","connIndex":0,"time":"2026-09-04T04:37:47Z","message":"Tunnel connection curve preferences: [X25519MLKEM768 CurveID(65074) CurveP256]"}
{"level":"error","event":0,"ip":"2606:4700:a0::8","connIndex":0,"error":"context canceled","time":"2026-09-04T04:37:47Z","message":"failed to run the datagram handler"}
{"level":"error","event":0,"ip":"2606:4700:a0::8","connIndex":0,"error":"control stream encountered a failure while serving","time":"2026-09-04T04:37:47Z","message":"failed to serve tunnel connection"}
{"level":"error","event":0,"ip":"2606:4700:a0::8","connIndex":0,"error":"control stream encountered a failure while serving","time":"2026-09-04T04:37:47Z","message":"Serve tunnel error"}
{"level":"info","event":0,"ip":"2606:4700:a0::8","connIndex":0,"time":"2026-09-04T04:37:47Z","message":"Retrying connection in up to 1m4s"}
{"level":"info","event":0,"ip":"2606:4700:a0::8","connIndex":0,"time":"2026-09-04T04:37:57Z","message":"Tunnel connection curve preferences: [X25519MLKEM768 CurveID(65074) CurveP256]"}
{"level":"error","event":0,"ip":"2606:4700:a0::8","connIndex":0,"error":"context canceled","time":"2026-09-04T04:37:58Z","message":"failed to run the datagram handler"}
{"level":"error","event":0,"ip":"2606:4700:a0::8","connIndex":0,"error":"control stream encountered a failure while serving","time":"2026-09-04T04:37:58Z","message":"failed to serve tunnel connection"}
{"level":"error","event":0,"ip":"2606:4700:a0::8","connIndex":0,"error":"control stream encountered a failure while serving","time":"2026-09-04T04:37:58Z","message":"Serve tunnel error"}
{"level":"info","event":0,"ip":"2606:4700:a0::8","connIndex":0,"time":"2026-09-04T04:37:58Z","message":"Retrying connection in up to 1m4s"}
{"level":"info","event":0,"ip":"2606:4700:a0::8","connIndex":0,"time":"2026-09-04T04:38:06Z","message":"Tunnel connection curve preferences: [X25519MLKEM768 CurveID(65074) CurveP256]"}
{"level":"error","event":0,"ip":"2606:4700:a0::8","connIndex":0,"error":"context canceled","time":"2026-09-04T04:38:06Z","message":"failed to run the datagram handler"}
{"level":"error","event":0,"ip":"2606:4700:a0::8","connIndex":0,"error":"control stream encountered a failure while serving","time":"2026-09-04T04:38:06Z","message":"failed to serve tunnel connection"}
{"level":"error","event":0,"ip":"2606:4700:a0::8","connIndex":0,"error":"control stream encountered a failure while serving","time":"2026-09-04T04:38:06Z","message":"Serve tunnel error"}
{"level":"info","event":0,"ip":"2606:4700:a0::8","connIndex":0,"time":"2026-09-04T04:38:06Z","message":"Retrying connection in up to 1m4s"}
{"level":"info","event":0,"ip":"2606:4700:a0::8","connIndex":0,"time":"2026-09-04T04:38:10Z","message":"Tunnel connection curve preferences: [X25519MLKEM768 CurveID(65074) CurveP256]"}
{"level":"error","event":0,"ip":"2606:4700:a0::8","connIndex":0,"error":"context canceled","time":"2026-09-04T04:38:10Z","message":"failed to run the datagram handler"}
{"level":"error","event":0,"ip":"2606:4700:a0::8","connIndex":0,"error":"control stream encountered a failure while serving","time":"2026-09-04T04:38:10Z","message":"failed to serve tunnel connection"}
{"level":"error","event":0,"ip":"2606:4700:a0::8","connIndex":0,"error":"control stream encountered a failure while serving","time":"2026-09-04T04:38:10Z","message":"Serve tunnel error"}
{"level":"info","event":0,"ip":"2606:4700:a0::8","connIndex":0,"time":"2026-09-04T04:38:10Z","message":"Retrying connection in up to 1m4s"}
{"level":"info","event":0,"ip":"2606:4700:a0::8","connIndex":0,"time":"2026-09-04T04:38:14Z","message":"Tunnel connection curve preferences: [X25519MLKEM768 CurveID(65074) CurveP256]"}
{"level":"error","event":0,"ip":"2606:4700:a0::8","connIndex":0,"error":"context canceled","time":"2026-09-04T04:38:14Z","message":"failed to run the datagram handler"}
{"level":"error","event":0,"ip":"2606:4700:a0::8","connIndex":0,"error":"control stream encountered a failure while serving","time":"2026-09-04T04:38:14Z","message":"failed to serve tunnel connection"}
{"level":"error","event":0,"ip":"2606:4700:a0::8","connIndex":0,"error":"control stream encountered a failure while serving","time":"2026-09-04T04:38:14Z","message":"Serve tunnel error"}
{"level":"info","event":0,"ip":"2606:4700:a0::8","connIndex":0,"time":"2026-09-04T04:38:14Z","message":"Retrying connection in up to 1m4s"}
{"level":"info","event":0,"ip":"2606:4700:a0::8","connIndex":0,"time":"2026-09-04T04:38:22Z","message":"Tunnel connection curve preferences: [X25519MLKEM768 CurveID(65074) CurveP256]"}
{"level":"error","event":0,"ip":"2606:4700:a0::8","connIndex":0,"error":"context canceled","time":"2026-09-04T04:38:22Z","message":"failed to run the datagram handler"}
{"level":"error","event":0,"ip":"2606:4700:a0::8","connIndex":0,"error":"control stream encountered a failure while serving","time":"2026-09-04T04:38:22Z","message":"failed to serve tunnel connection"}
{"level":"error","event":0,"ip":"2606:4700:a0::8","connIndex":0,"error":"control stream encountered a failure while serving","time":"2026-09-04T04:38:22Z","message":"Serve tunnel error"}
{"level":"info","event":0,"ip":"2606:4700:a0::8","connIndex":0,"time":"2026-09-04T04:38:22Z","message":"Retrying connection in up to 1m4s"}
{"level":"info","event":0,"ip":"2606:4700:a0::8","connIndex":0,"time":"2026-09-04T04:38:33Z","message":"Tunnel connection curve preferences: [X25519MLKEM768 CurveID(65074) CurveP256]"}
{"level":"error","event":0,"ip":"2606:4700:a0::8","connIndex":0,"error":"context canceled","time":"2026-09-04T04:38:33Z","message":"failed to run the datagram handler"}
{"level":"error","event":0,"ip":"2606:4700:a0::8","connIndex":0,"error":"control stream encountered a failure while serving","time":"2026-09-04T04:38:33Z","message":"failed to serve tunnel connection"}
{"level":"error","event":0,"ip":"2606:4700:a0::8","connIndex":0,"error":"control stream encountered a failure while serving","time":"2026-09-04T04:38:33Z","message":"Serve tunnel error"}
{"level":"info","event":0,"ip":"2606:4700:a0::8","connIndex":0,"time":"2026-09-04T04:38:33Z","message":"Retrying connection in up to 1m4s"}
{"level":"info","event":0,"ip":"2606:4700:a0::8","connIndex":0,"time":"2026-09-04T04:38:37Z","message":"Tunnel connection curve preferences: [X25519MLKEM768 CurveID(65074) CurveP256]"}
{"level":"error","event":0,"ip":"2606:4700:a0::8","connIndex":0,"error":"context canceled","time":"2026-09-04T04:38:37Z","message":"failed to run the datagram handler"}
{"level":"error","event":0,"ip":"2606:4700:a0::8","connIndex":0,"error":"control stream encountered a failure while serving","time":"2026-09-04T04:38:37Z","message":"failed to serve tunnel connection"}
{"level":"error","event":0,"ip":"2606:4700:a0::8","connIndex":0,"error":"control stream encountered a failure while serving","time":"2026-09-04T04:38:37Z","message":"Serve tunnel error"}
{"level":"info","event":0,"ip":"2606:4700:a0::8","connIndex":0,"time":"2026-09-04T04:38:37Z","message":"Retrying connection in up to 1m4s"}
{"level":"info","event":0,"ip":"2606:4700:a0::8","connIndex":0,"time":"2026-09-04T04:38:55Z","message":"Tunnel connection curve preferences: [X25519MLKEM768 CurveID(65074) CurveP256]"}
{"level":"error","event":0,"ip":"2606:4700:a0::8","connIndex":0,"error":"context canceled","time":"2026-09-04T04:38:55Z","message":"failed to run the datagram handler"}
{"level":"error","event":0,"ip":"2606:4700:a0::8","connIndex":0,"error":"control stream encountered a failure while serving","time":"2026-09-04T04:38:55Z","message":"failed to serve tunnel connection"}
{"level":"error","event":0,"ip":"2606:4700:a0::8","connIndex":0,"error":"control stream encountered a failure while serving","time":"2026-09-04T04:38:55Z","message":"Serve tunnel error"}
{"level":"info","event":0,"ip":"2606:4700:a0::8","connIndex":0,"time":"2026-09-04T04:38:55Z","message":"Retrying connection in up to 1m4s"}
{"level":"info","event":0,"ip":"2606:4700:a0::8","connIndex":0,"time":"2026-09-04T04:39:04Z","message":"Tunnel connection curve preferences: [X25519MLKEM768 CurveID(65074) CurveP256]"}
{"level":"error","event":0,"ip":"2606:4700:a0::8","connIndex":0,"error":"context canceled","time":"2026-09-04T04:39:04Z","message":"failed to run the datagram handler"}
{"level":"error","event":0,"ip":"2606:4700:a0::8","connIndex":0,"error":"control stream encountered a failure while serving","time":"2026-09-04T04:39:04Z","message":"failed to serve tunnel connection"}
{"level":"error","event":0,"ip":"2606:4700:a0::8","connIndex":0,"error":"control stream encountered a failure while serving","time":"2026-09-04T04:39:04Z","message":"Serve tunnel error"}
{"level":"info","event":0,"ip":"2606:4700:a0::8","connIndex":0,"time":"2026-09-04T04:39:04Z","message":"Retrying connection in up to 1m4s"}
{"level":"info","event":0,"ip":"2606:4700:a0::8","connIndex":0,"time":"2026-09-04T04:39:30Z","message":"Tunnel connection curve preferences: [X25519MLKEM768 CurveID(65074) CurveP256]"}
{"level":"error","event":0,"ip":"2606:4700:a0::8","connIndex":0,"error":"context canceled","time":"2026-09-04T04:39:30Z","message":"failed to run the datagram handler"}
{"level":"error","event":0,"ip":"2606:4700:a0::8","connIndex":0,"error":"control stream encountered a failure while serving","time":"2026-09-04T04:39:30Z","message":"failed to serve tunnel connection"}
{"level":"error","event":0,"ip":"2606:4700:a0::8","connIndex":0,"error":"control stream encountered a failure while serving","time":"2026-09-04T04:39:30Z","message":"Serve tunnel error"}
{"level":"info","event":0,"ip":"2606:4700:a0::8","connIndex":0,"time":"2026-09-04T04:39:30Z","message":"Retrying connection in up to 1m4s"}
{"level":"info","event":0,"ip":"2606:4700:a0::8","connIndex":0,"time":"2026-09-04T04:39:51Z","message":"Tunnel connection curve preferences: [X25519MLKEM768 CurveID(65074) CurveP256]"}
{"level":"error","event":0,"ip":"2606:4700:a0::8","connIndex":0,"error":"context canceled","time":"2026-09-04T04:39:51Z","message":"failed to run the datagram handler"}
{"level":"error","event":0,"ip":"2606:4700:a0::8","connIndex":0,"error":"control stream encountered a failure while serving","time":"2026-09-04T04:39:51Z","message":"failed to serve tunnel connection"}
{"level":"error","event":0,"ip":"2606:4700:a0::8","connIndex":0,"error":"control stream encountered a failure while serving","time":"2026-09-04T04:39:51Z","message":"Serve tunnel error"}
{"level":"info","event":0,"ip":"2606:4700:a0::8","connIndex":0,"time":"2026-09-04T04:39:51Z","message":"Retrying connection in up to 1m4s"}
{"level":"info","event":0,"ip":"2606:4700:a0::8","connIndex":0,"time":"2026-09-04T04:40:00Z","message":"Tunnel connection curve preferences: [X25519MLKEM768 CurveID(65074) CurveP256]"}
{"level":"error","event":0,"ip":"2606:4700:a0::8","connIndex":0,"error":"context canceled","time":"2026-09-04T04:40:00Z","message":"failed to run the datagram handler"}
{"level":"error","event":0,"ip":"2606:4700:a0::8","connIndex":0,"error":"control stream encountered a failure while serving","time":"2026-09-04T04:40:00Z","message":"failed to serve tunnel connection"}
{"level":"error","event":0,"ip":"2606:4700:a0::8","connIndex":0,"error":"control stream encountered a failure while serving","time":"2026-09-04T04:40:00Z","message":"Serve tunnel error"}
{"level":"info","event":0,"ip":"2606:4700:a0::8","connIndex":0,"time":"2026-09-04T04:40:00Z","message":"Retrying connection in up to 1m4s"}
{"level":"info","event":0,"ip":"2606:4700:a0::8","connIndex":0,"time":"2026-09-04T04:40:09Z","message":"Tunnel connection curve preferences: [X25519MLKEM768 CurveID(65074) CurveP256]"}
{"level":"error","event":0,"ip":"2606:4700:a0::8","connIndex":0,"error":"context canceled","time":"2026-09-04T04:40:09Z","message":"failed to run the datagram handler"}
{"level":"error","event":0,"ip":"2606:4700:a0::8","connIndex":0,"error":"control stream encountered a failure while serving","time":"2026-09-04T04:40:09Z","message":"failed to serve tunnel connection"}
{"level":"error","event":0,"ip":"2606:4700:a0::8","connIndex":0,"error":"control stream encountered a failure while serving","time":"2026-09-04T04:40:09Z","message":"Serve tunnel error"}
{"level":"info","event":0,"ip":"2606:4700:a0::8","connIndex":0,"time":"2026-09-04T04:40:09Z","message":"Retrying connection in up to 1m4s"}
{"level":"info","event":0,"ip":"2606:4700:a0::8","connIndex":0,"time":"2026-09-04T04:40:38Z","message":"Tunnel connection curve preferences: [X25519MLKEM768 CurveID(65074) CurveP256]"}
{"level":"error","event":0,"ip":"2606:4700:a0::8","connIndex":0,"error":"context canceled","time":"2026-09-04T04:40:38Z","message":"failed to run the datagram handler"}
{"level":"error","event":0,"ip":"2606:4700:a0::8","connIndex":0,"error":"control stream encountered a failure while serving","time":"2026-09-04T04:40:38Z","message":"failed to serve tunnel connection"}
{"level":"error","event":0,"ip":"2606:4700:a0::8","connIndex":0,"error":"control stream encountered a failure while serving","time":"2026-09-04T04:40:38Z","message":"Serve tunnel error"}
{"level":"info","event":0,"ip":"2606:4700:a0::8","connIndex":0,"time":"2026-09-04T04:40:38Z","message":"Retrying connection in up to 1m4s"}
{"level":"info","event":0,"ip":"2606:4700:a0::8","connIndex":0,"time":"2026-09-04T04:40:57Z","message":"Tunnel connection curve preferences: [X25519MLKEM768 CurveID(65074) CurveP256]"}
{"level":"error","event":0,"ip":"2606:4700:a0::8","connIndex":0,"error":"context canceled","time":"2026-09-04T04:40:57Z","message":"failed to run the datagram handler"}
{"level":"error","event":0,"ip":"2606:4700:a0::8","connIndex":0,"error":"control stream encountered a failure while serving","time":"2026-09-04T04:40:57Z","message":"failed to serve tunnel connection"}
{"level":"error","event":0,"ip":"2606:4700:a0::8","connIndex":0,"error":"control stream encountered a failure while serving","time":"2026-09-04T04:40:57Z","message":"Serve tunnel error"}
{"level":"info","event":0,"ip":"2606:4700:a0::8","connIndex":0,"time":"2026-09-04T04:40:57Z","message":"Retrying connection in up to 1m4s"}
{"level":"info","event":0,"ip":"2606:4700:a0::8","connIndex":0,"time":"2026-09-04T04:40:58Z","message":"Tunnel connection curve preferences: [X25519MLKEM768 CurveID(65074) CurveP256]"}
{"level":"error","event":0,"ip":"2606:4700:a0::8","connIndex":0,"error":"context canceled","time":"2026-09-04T04:40:59Z","message":"failed to run the datagram handler"}
{"level":"error","event":0,"ip":"2606:4700:a0::8","connIndex":0,"error":"control stream encountered a failure while serving","time":"2026-09-04T04:40:59Z","message":"failed to serve tunnel connection"}
{"level":"error","event":0,"ip":"2606:4700:a0::8","connIndex":0,"error":"control stream encountered a failure while serving","time":"2026-09-04T04:40:59Z","message":"Serve tunnel error"}
{"level":"info","event":0,"ip":"2606:4700:a0::8","connIndex":0,"time":"2026-09-04T04:40:59Z","message":"Retrying connection in up to 1m4s"}
{"level":"info","event":0,"ip":"2606:4700:a0::8","connIndex":0,"time":"2026-09-04T04:40:59Z","message":"Tunnel connection curve preferences: [X25519MLKEM768 CurveID(65074) CurveP256]"}
{"level":"error","event":0,"ip":"2606:4700:a0::8","connIndex":0,"error":"context canceled","time":"2026-09-04T04:40:59Z","message":"failed to run the datagram handler"}
{"level":"error","event":0,"ip":"2606:4700:a0::8","connIndex":0,"error":"control stream encountered a failure while serving","time":"2026-09-04T04:40:59Z","message":"failed to serve tunnel connection"}
{"level":"error","event":0,"ip":"2606:4700:a0::8","connIndex":0,"error":"control stream encountered a failure while serving","time":"2026-09-04T04:40:59Z","message":"Serve tunnel error"}
{"level":"info","event":0,"ip":"2606:4700:a0::8","connIndex":0,"time":"2026-09-04T04:40:59Z","message":"Retrying connection in up to 1m4s"}
{"level":"info","event":0,"ip":"2606:4700:a0::8","connIndex":0,"time":"2026-09-04T04:41:25Z","message":"Tunnel connection curve preferences: [X25519MLKEM768 CurveID(65074) CurveP256]"}
{"level":"error","event":0,"ip":"2606:4700:a0::8","connIndex":0,"error":"context canceled","time":"2026-09-04T04:41:25Z","message":"failed to run the datagram handler"}
{"level":"error","event":0,"ip":"2606:4700:a0::8","connIndex":0,"error":"control stream encountered a failure while serving","time":"2026-09-04T04:41:25Z","message":"failed to serve tunnel connection"}
{"level":"error","event":0,"ip":"2606:4700:a0::8","connIndex":0,"error":"control stream encountered a failure while serving","time":"2026-09-04T04:41:25Z","message":"Serve tunnel error"}
{"level":"info","event":0,"ip":"2606:4700:a0::8","connIndex":0,"time":"2026-09-04T04:41:25Z","message":"Retrying connection in up to 1m4s"}
{"level":"info","event":0,"ip":"2606:4700:a0::8","connIndex":0,"time":"2026-09-04T04:41:34Z","message":"Tunnel connection curve preferences: [X25519MLKEM768 CurveID(65074) CurveP256]"}
{"level":"error","event":0,"ip":"2606:4700:a0::8","connIndex":0,"error":"context canceled","time":"2026-09-04T04:41:34Z","message":"failed to run the datagram handler"}
{"level":"error","event":0,"ip":"2606:4700:a0::8","connIndex":0,"error":"control stream encountered a failure while serving","time":"2026-09-04T04:41:34Z","message":"failed to serve tunnel connection"}
{"level":"error","event":0,"ip":"2606:4700:a0::8","connIndex":0,"error":"control stream encountered a failure while serving","time":"2026-09-04T04:41:34Z","message":"Serve tunnel error"}
{"level":"info","event":0,"ip":"2606:4700:a0::8","connIndex":0,"time":"2026-09-04T04:41:34Z","message":"Retrying connection in up to 1m4s"}
{"level":"info","event":0,"ip":"2606:4700:a0::8","connIndex":0,"time":"2026-09-04T04:42:06Z","message":"Tunnel connection curve preferences: [X25519MLKEM768 CurveID(65074) CurveP256]"}
{"level":"error","event":0,"ip":"2606:4700:a0::8","connIndex":0,"error":"context canceled","time":"2026-09-04T04:42:06Z","message":"failed to run the datagram handler"}
{"level":"error","event":0,"ip":"2606:4700:a0::8","connIndex":0,"error":"control stream encountered a failure while serving","time":"2026-09-04T04:42:06Z","message":"failed to serve tunnel connection"}
{"level":"error","event":0,"ip":"2606:4700:a0::8","connIndex":0,"error":"control stream encountered a failure while serving","time":"2026-09-04T04:42:06Z","message":"Serve tunnel error"}
{"level":"info","event":0,"ip":"2606:4700:a0::8","connIndex":0,"time":"2026-09-04T04:42:06Z","message":"Retrying connection in up to 1m4s"}
{"level":"info","event":0,"ip":"2606:4700:a0::8","connIndex":0,"time":"2026-09-04T04:42:36Z","message":"Tunnel connection curve preferences: [X25519MLKEM768 CurveID(65074) CurveP256]"}
{"level":"error","event":0,"ip":"2606:4700:a0::8","connIndex":0,"error":"context canceled","time":"2026-09-04T04:42:36Z","message":"failed to run the datagram handler"}
{"level":"error","event":0,"ip":"2606:4700:a0::8","connIndex":0,"error":"control stream encountered a failure while serving","time":"2026-09-04T04:42:36Z","message":"failed to serve tunnel connection"}
{"level":"error","event":0,"ip":"2606:4700:a0::8","connIndex":0,"error":"control stream encountered a failure while serving","time":"2026-09-04T04:42:36Z","message":"Serve tunnel error"}
{"level":"info","event":0,"ip":"2606:4700:a0::8","connIndex":0,"time":"2026-09-04T04:42:36Z","message":"Retrying connection in up to 1m4s"}
{"level":"info","event":0,"ip":"2606:4700:a0::8","connIndex":0,"time":"2026-09-04T04:42:57Z","message":"Tunnel connection curve preferences: [X25519MLKEM768 CurveID(65074) CurveP256]"}
{"level":"error","event":0,"ip":"2606:4700:a0::8","connIndex":0,"error":"context canceled","time":"2026-09-04T04:42:57Z","message":"failed to run the datagram handler"}
{"level":"error","event":0,"ip":"2606:4700:a0::8","connIndex":0,"error":"control stream encountered a failure while serving","time":"2026-09-04T04:42:57Z","message":"failed to serve tunnel connection"}
{"level":"error","event":0,"ip":"2606:4700:a0::8","connIndex":0,"error":"control stream encountered a failure while serving","time":"2026-09-04T04:42:57Z","message":"Serve tunnel error"}
{"level":"info","event":0,"ip":"2606:4700:a0::8","connIndex":0,"time":"2026-09-04T04:42:57Z","message":"Retrying connection in up to 1m4s"}
{"level":"info","event":0,"ip":"2606:4700:a0::8","connIndex":0,"time":"2026-09-04T04:43:11Z","message":"Tunnel connection curve preferences: [X25519MLKEM768 CurveID(65074) CurveP256]"}
{"level":"error","event":0,"ip":"2606:4700:a0::8","connIndex":0,"error":"context canceled","time":"2026-09-04T04:43:11Z","message":"failed to run the datagram handler"}
{"level":"error","event":0,"ip":"2606:4700:a0::8","connIndex":0,"error":"control stream encountered a failure while serving","time":"2026-09-04T04:43:11Z","message":"failed to serve tunnel connection"}
{"level":"error","event":0,"ip":"2606:4700:a0::8","connIndex":0,"error":"control stream encountered a failure while serving","time":"2026-09-04T04:43:11Z","message":"Serve tunnel error"}
{"level":"info","event":0,"ip":"2606:4700:a0::8","connIndex":0,"time":"2026-09-04T04:43:11Z","message":"Retrying connection in up to 1m4s"}
{"level":"info","event":0,"ip":"2606:4700:a0::8","connIndex":0,"time":"2026-09-04T04:43:42Z","message":"Tunnel connection curve preferences: [X25519MLKEM768 CurveID(65074) CurveP256]"}
{"level":"error","event":0,"ip":"2606:4700:a0::8","connIndex":0,"error":"context canceled","time":"2026-09-04T04:43:42Z","message":"failed to run the datagram handler"}
{"level":"error","event":0,"ip":"2606:4700:a0::8","connIndex":0,"error":"control stream encountered a failure while serving","time":"2026-09-04T04:43:42Z","message":"failed to serve tunnel connection"}
{"level":"error","event":0,"ip":"2606:4700:a0::8","connIndex":0,"error":"control stream encountered a failure while serving","time":"2026-09-04T04:43:42Z","message":"Serve tunnel error"}
{"level":"info","event":0,"ip":"2606:4700:a0::8","connIndex":0,"time":"2026-09-04T04:43:42Z","message":"Retrying connection in up to 1m4s"}
{"level":"info","event":0,"ip":"2606:4700:a0::8","connIndex":0,"time":"2026-09-04T04:44:02Z","message":"Tunnel connection curve preferences: [X25519MLKEM768 CurveID(65074) CurveP256]"}
{"level":"error","event":0,"ip":"2606:4700:a0::8","connIndex":0,"error":"context canceled","time":"2026-09-04T04:44:02Z","message":"failed to run the datagram handler"}
{"level":"error","event":0,"ip":"2606:4700:a0::8","connIndex":0,"error":"control stream encountered a failure while serving","time":"2026-09-04T04:44:02Z","message":"failed to serve tunnel connection"}
{"level":"error","event":0,"ip":"2606:4700:a0::8","connIndex":0,"error":"control stream encountered a failure while serving","time":"2026-09-04T04:44:02Z","message":"Serve tunnel error"}
{"level":"info","event":0,"ip":"2606:4700:a0::8","connIndex":0,"time":"2026-09-04T04:44:02Z","message":"Retrying connection in up to 1m4s"}
{"level":"info","event":0,"ip":"2606:4700:a0::8","connIndex":0,"time":"2026-09-04T04:44:07Z","message":"Tunnel connection curve preferences: [X25519MLKEM768 CurveID(65074) CurveP256]"}
{"level":"error","event":0,"ip":"2606:4700:a0::8","connIndex":0,"error":"context canceled","time":"2026-09-04T04:44:07Z","message":"failed to run the datagram handler"}
{"level":"error","event":0,"ip":"2606:4700:a0::8","connIndex":0,"error":"control stream encountered a failure while serving","time":"2026-09-04T04:44:07Z","message":"failed to serve tunnel connection"}
{"level":"error","event":0,"ip":"2606:4700:a0::8","connIndex":0,"error":"control stream encountered a failure while serving","time":"2026-09-04T04:44:07Z","message":"Serve tunnel error"}
{"level":"info","event":0,"ip":"2606:4700:a0::8","connIndex":0,"time":"2026-09-04T04:44:07Z","message":"Retrying connection in up to 1m4s"}
{"level":"info","event":0,"ip":"2606:4700:a0::8","connIndex":0,"time":"2026-09-04T04:44:34Z","message":"Tunnel connection curve preferences: [X25519MLKEM768 CurveID(65074) CurveP256]"}
{"level":"error","event":0,"ip":"2606:4700:a0::8","connIndex":0,"error":"context canceled","time":"2026-09-04T04:44:34Z","message":"failed to run the datagram handler"}
{"level":"error","event":0,"ip":"2606:4700:a0::8","connIndex":0,"error":"control stream encountered a failure while serving","time":"2026-09-04T04:44:34Z","message":"failed to serve tunnel connection"}
{"level":"error","event":0,"ip":"2606:4700:a0::8","connIndex":0,"error":"control stream encountered a failure while serving","time":"2026-09-04T04:44:34Z","message":"Serve tunnel error"}
{"level":"info","event":0,"ip":"2606:4700:a0::8","connIndex":0,"time":"2026-09-04T04:44:34Z","message":"Retrying connection in up to 1m4s"}
{"level":"info","event":0,"ip":"2606:4700:a0::8","connIndex":0,"time":"2026-09-04T04:44:34Z","message":"Tunnel connection curve preferences: [X25519MLKEM768 CurveID(65074) CurveP256]"}
{"level":"error","event":0,"ip":"2606:4700:a0::8","connIndex":0,"error":"context canceled","time":"2026-09-04T04:44:34Z","message":"failed to run the datagram handler"}
{"level":"error","event":0,"ip":"2606:4700:a0::8","connIndex":0,"error":"control stream encountered a failure while serving","time":"2026-09-04T04:44:34Z","message":"failed to serve tunnel connection"}
{"level":"error","event":0,"ip":"2606:4700:a0::8","connIndex":0,"error":"control stream encountered a failure while serving","time":"2026-09-04T04:44:34Z","message":"Serve tunnel error"}
{"level":"info","event":0,"ip":"2606:4700:a0::8","connIndex":0,"time":"2026-09-04T04:44:34Z","message":"Retrying connection in up to 1m4s"}
{"level":"info","event":0,"ip":"2606:4700:a0::8","connIndex":0,"time":"2026-09-04T04:44:48Z","message":"Tunnel connection curve preferences: [X25519MLKEM768 CurveID(65074) CurveP256]"}
{"level":"error","event":0,"ip":"2606:4700:a0::8","connIndex":0,"error":"context canceled","time":"2026-09-04T04:44:48Z","message":"failed to run the datagram handler"}
{"level":"error","event":0,"ip":"2606:4700:a0::8","connIndex":0,"error":"control stream encountered a failure while serving","time":"2026-09-04T04:44:48Z","message":"failed to serve tunnel connection"}
{"level":"error","event":0,"ip":"2606:4700:a0::8","connIndex":0,"error":"control stream encountered a failure while serving","time":"2026-09-04T04:44:48Z","message":"Serve tunnel error"}
{"level":"info","event":0,"ip":"2606:4700:a0::8","connIndex":0,"time":"2026-09-04T04:44:48Z","message":"Retrying connection in up to 1m4s"}
{"level":"info","event":0,"ip":"2606:4700:a0::8","connIndex":0,"time":"2026-09-04T04:44:58Z","message":"Tunnel connection curve preferences: [X25519MLKEM768 CurveID(65074) CurveP256]"}
{"level":"error","event":0,"ip":"2606:4700:a0::8","connIndex":0,"error":"context canceled","time":"2026-09-04T04:44:58Z","message":"failed to run the datagram handler"}
{"level":"error","event":0,"ip":"2606:4700:a0::8","connIndex":0,"error":"control stream encountered a failure while serving","time":"2026-09-04T04:44:58Z","message":"failed to serve tunnel connection"}
{"level":"error","event":0,"ip":"2606:4700:a0::8","connIndex":0,"error":"control stream encountered a failure while serving","time":"2026-09-04T04:44:58Z","message":"Serve tunnel error"}
{"level":"info","event":0,"ip":"2606:4700:a0::8","connIndex":0,"time":"2026-09-04T04:44:58Z","message":"Retrying connection in up to 1m4s"}
{"level":"info","event":0,"ip":"2606:4700:a0::8","connIndex":0,"time":"2026-09-04T04:45:19Z","message":"Tunnel connection curve preferences: [X25519MLKEM768 CurveID(65074) CurveP256]"}
{"level":"error","event":0,"ip":"2606:4700:a0::8","connIndex":0,"error":"context canceled","time":"2026-09-04T04:45:19Z","message":"failed to run the datagram handler"}
{"level":"error","event":0,"ip":"2606:4700:a0::8","connIndex":0,"error":"control stream encountered a failure while serving","time":"2026-09-04T04:45:19Z","message":"failed to serve tunnel connection"}
{"level":"error","event":0,"ip":"2606:4700:a0::8","connIndex":0,"error":"control stream encountered a failure while serving","time":"2026-09-04T04:45:19Z","message":"Serve tunnel error"}
{"level":"info","event":0,"ip":"2606:4700:a0::8","connIndex":0,"time":"2026-09-04T04:45:19Z","message":"Retrying connection in up to 1m4s"}
{"level":"info","event":0,"ip":"2606:4700:a0::8","connIndex":0,"time":"2026-09-04T04:45:33Z","message":"Tunnel connection curve preferences: [X25519MLKEM768 CurveID(65074) CurveP256]"}
{"level":"error","event":0,"ip":"2606:4700:a0::8","connIndex":0,"error":"context canceled","time":"2026-09-04T04:45:33Z","message":"failed to run the datagram handler"}
{"level":"error","event":0,"ip":"2606:4700:a0::8","connIndex":0,"error":"control stream encountered a failure while serving","time":"2026-09-04T04:45:33Z","message":"failed to serve tunnel connection"}
{"level":"error","event":0,"ip":"2606:4700:a0::8","connIndex":0,"error":"control stream encountered a failure while serving","time":"2026-09-04T04:45:33Z","message":"Serve tunnel error"}
{"level":"info","event":0,"ip":"2606:4700:a0::8","connIndex":0,"time":"2026-09-04T04:45:33Z","message":"Retrying connection in up to 1m4s"}
{"level":"info","event":0,"ip":"2606:4700:a0::8","connIndex":0,"time":"2026-09-04T04:45:51Z","message":"Tunnel connection curve preferences: [X25519MLKEM768 CurveID(65074) CurveP256]"}
{"level":"error","event":0,"ip":"2606:4700:a0::8","connIndex":0,"error":"context canceled","time":"2026-09-04T04:45:51Z","message":"failed to run the datagram handler"}
{"level":"error","event":0,"ip":"2606:4700:a0::8","connIndex":0,"error":"control stream encountered a failure while serving","time":"2026-09-04T04:45:51Z","message":"failed to serve tunnel connection"}
{"level":"error","event":0,"ip":"2606:4700:a0::8","connIndex":0,"error":"control stream encountered a failure while serving","time":"2026-09-04T04:45:51Z","message":"Serve tunnel error"}
{"level":"info","event":0,"ip":"2606:4700:a0::8","connIndex":0,"time":"2026-09-04T04:45:51Z","message":"Retrying connection in up to 1m4s"}
{"level":"info","event":0,"ip":"2606:4700:a0::8","connIndex":0,"time":"2026-09-04T04:46:03Z","message":"Tunnel connection curve preferences: [X25519MLKEM768 CurveID(65074) CurveP256]"}
{"level":"error","event":0,"ip":"2606:4700:a0::8","connIndex":0,"error":"context canceled","time":"2026-09-04T04:46:04Z","message":"failed to run the datagram handler"}
{"level":"error","event":0,"ip":"2606:4700:a0::8","connIndex":0,"error":"control stream encountered a failure while serving","time":"2026-09-04T04:46:04Z","message":"failed to serve tunnel connection"}
{"level":"error","event":0,"ip":"2606:4700:a0::8","connIndex":0,"error":"control stream encountered a failure while serving","time":"2026-09-04T04:46:04Z","message":"Serve tunnel error"}
{"level":"info","event":0,"ip":"2606:4700:a0::8","connIndex":0,"time":"2026-09-04T04:46:04Z","message":"Retrying connection in up to 1m4s"}
{"level":"info","event":0,"ip":"2606:4700:a0::8","connIndex":0,"time":"2026-09-04T04:46:28Z","message":"Tunnel connection curve preferences: [X25519MLKEM768 CurveID(65074) CurveP256]"}
{"level":"error","event":0,"ip":"2606:4700:a0::8","connIndex":0,"error":"context canceled","time":"2026-09-04T04:46:28Z","message":"failed to run the datagram handler"}
{"level":"error","event":0,"ip":"2606:4700:a0::8","connIndex":0,"error":"control stream encountered a failure while serving","time":"2026-09-04T04:46:28Z","message":"failed to serve tunnel connection"}
{"level":"error","event":0,"ip":"2606:4700:a0::8","connIndex":0,"error":"control stream encountered a failure while serving","time":"2026-09-04T04:46:28Z","message":"Serve tunnel error"}
{"level":"info","event":0,"ip":"2606:4700:a0::8","connIndex":0,"time":"2026-09-04T04:46:28Z","message":"Retrying connection in up to 1m4s"}
{"level":"info","event":0,"ip":"2606:4700:a0::8","connIndex":0,"time":"2026-09-04T04:46:39Z","message":"Tunnel connection curve preferences: [X25519MLKEM768 CurveID(65074) CurveP256]"}
{"level":"error","event":0,"ip":"2606:4700:a0::8","connIndex":0,"error":"context canceled","time":"2026-09-04T04:46:39Z","message":"failed to run the datagram handler"}
{"level":"error","event":0,"ip":"2606:4700:a0::8","connIndex":0,"error":"control stream encountered a failure while serving","time":"2026-09-04T04:46:39Z","message":"failed to serve tunnel connection"}
{"level":"error","event":0,"ip":"2606:4700:a0::8","connIndex":0,"error":"control stream encountered a failure while serving","time":"2026-09-04T04:46:39Z","message":"Serve tunnel error"}
{"level":"info","event":0,"ip":"2606:4700:a0::8","connIndex":0,"time":"2026-09-04T04:46:39Z","message":"Retrying connection in up to 1m4s"}
{"level":"info","event":0,"ip":"2606:4700:a0::8","connIndex":0,"time":"2026-09-04T04:46:44Z","message":"Tunnel connection curve preferences: [X25519MLKEM768 CurveID(65074) CurveP256]"}
{"level":"error","event":0,"ip":"2606:4700:a0::8","connIndex":0,"error":"context canceled","time":"2026-09-04T04:46:44Z","message":"failed to run the datagram handler"}
{"level":"error","event":0,"ip":"2606:4700:a0::8","connIndex":0,"error":"control stream encountered a failure while serving","time":"2026-09-04T04:46:44Z","message":"failed to serve tunnel connection"}
{"level":"error","event":0,"ip":"2606:4700:a0::8","connIndex":0,"error":"control stream encountered a failure while serving","time":"2026-09-04T04:46:44Z","message":"Serve tunnel error"}
{"level":"info","event":0,"ip":"2606:4700:a0::8","connIndex":0,"time":"2026-09-04T04:46:44Z","message":"Retrying connection in up to 1m4s"}
{"level":"info","event":0,"ip":"2606:4700:a0::8","connIndex":0,"time":"2026-09-04T04:46:58Z","message":"Tunnel connection curve preferences: [X25519MLKEM768 CurveID(65074) CurveP256]"}
{"level":"error","event":0,"ip":"2606:4700:a0::8","connIndex":0,"error":"context canceled","time":"2026-09-04T04:46:58Z","message":"failed to run the datagram handler"}
{"level":"error","event":0,"ip":"2606:4700:a0::8","connIndex":0,"error":"control stream encountered a failure while serving","time":"2026-09-04T04:46:58Z","message":"failed to serve tunnel connection"}
{"level":"error","event":0,"ip":"2606:4700:a0::8","connIndex":0,"error":"control stream encountered a failure while serving","time":"2026-09-04T04:46:58Z","message":"Serve tunnel error"}
{"level":"info","event":0,"ip":"2606:4700:a0::8","connIndex":0,"time":"2026-09-04T04:46:58Z","message":"Retrying connection in up to 1m4s"}
{"level":"info","event":0,"ip":"2606:4700:a0::8","connIndex":0,"time":"2026-09-04T04:47:01Z","message":"Tunnel connection curve preferences: [X25519MLKEM768 CurveID(65074) CurveP256]"}
{"level":"error","event":0,"ip":"2606:4700:a0::8","connIndex":0,"error":"context canceled","time":"2026-09-04T04:47:01Z","message":"failed to run the datagram handler"}
{"level":"error","event":0,"ip":"2606:4700:a0::8","connIndex":0,"error":"control stream encountered a failure while serving","time":"2026-09-04T04:47:01Z","message":"failed to serve tunnel connection"}
{"level":"error","event":0,"ip":"2606:4700:a0::8","connIndex":0,"error":"control stream encountered a failure while serving","time":"2026-09-04T04:47:01Z","message":"Serve tunnel error"}
{"level":"info","event":0,"ip":"2606:4700:a0::8","connIndex":0,"time":"2026-09-04T04:47:01Z","message":"Retrying connection in up to 1m4s"}
{"level":"info","event":0,"ip":"2606:4700:a0::8","connIndex":0,"time":"2026-09-04T04:47:23Z","message":"Tunnel connection curve preferences: [X25519MLKEM768 CurveID(65074) CurveP256]"}
{"level":"error","event":0,"ip":"2606:4700:a0::8","connIndex":0,"error":"context canceled","time":"2026-09-04T04:47:23Z","message":"failed to run the datagram handler"}
{"level":"error","event":0,"ip":"2606:4700:a0::8","connIndex":0,"error":"control stream encountered a failure while serving","time":"2026-09-04T04:47:23Z","message":"failed to serve tunnel connection"}
{"level":"error","event":0,"ip":"2606:4700:a0::8","connIndex":0,"error":"control stream encountered a failure while serving","time":"2026-09-04T04:47:23Z","message":"Serve tunnel error"}
{"level":"info","event":0,"ip":"2606:4700:a0::8","connIndex":0,"time":"2026-09-04T04:47:23Z","message":"Retrying connection in up to 1m4s"}
{"level":"info","event":0,"ip":"2606:4700:a0::8","connIndex":0,"time":"2026-09-04T04:47:43Z","message":"Tunnel connection curve preferences: [X25519MLKEM768 CurveID(65074) CurveP256]"}
{"level":"error","event":0,"ip":"2606:4700:a0::8","connIndex":0,"error":"context canceled","time":"2026-09-04T04:47:43Z","message":"failed to run the datagram handler"}
{"level":"error","event":0,"ip":"2606:4700:a0::8","connIndex":0,"error":"control stream encountered a failure while serving","time":"2026-09-04T04:47:43Z","message":"failed to serve tunnel connection"}
{"level":"error","event":0,"ip":"2606:4700:a0::8","connIndex":0,"error":"control stream encountered a failure while serving","time":"2026-09-04T04:47:43Z","message":"Serve tunnel error"}
{"level":"info","event":0,"ip":"2606:4700:a0::8","connIndex":0,"time":"2026-09-04T04:47:43Z","message":"Retrying connection in up to 1m4s"}
{"level":"info","event":0,"ip":"2606:4700:a0::8","connIndex":0,"time":"2026-09-04T04:47:52Z","message":"Tunnel connection curve preferences: [X25519MLKEM768 CurveID(65074) CurveP256]"}
{"level":"error","event":0,"ip":"2606:4700:a0::8","connIndex":0,"error":"context canceled","time":"2026-09-04T04:47:52Z","message":"failed to run the datagram handler"}
{"level":"error","event":0,"ip":"2606:4700:a0::8","connIndex":0,"error":"control stream encountered a failure while serving","time":"2026-09-04T04:47:52Z","message":"failed to serve tunnel connection"}
{"level":"error","event":0,"ip":"2606:4700:a0::8","connIndex":0,"error":"control stream encountered a failure while serving","time":"2026-09-04T04:47:52Z","message":"Serve tunnel error"}
{"level":"info","event":0,"ip":"2606:4700:a0::8","connIndex":0,"time":"2026-09-04T04:47:52Z","message":"Retrying connection in up to 1m4s"}
{"level":"info","event":0,"ip":"2606:4700:a0::8","connIndex":0,"time":"2026-09-04T04:47:58Z","message":"Tunnel connection curve preferences: [X25519MLKEM768 CurveID(65074) CurveP256]"}
{"level":"error","event":0,"ip":"2606:4700:a0::8","connIndex":0,"error":"context canceled","time":"2026-09-04T04:47:58Z","message":"failed to run the datagram handler"}
{"level":"error","event":0,"ip":"2606:4700:a0::8","connIndex":0,"error":"control stream encountered a failure while serving","time":"2026-09-04T04:47:58Z","message":"failed to serve tunnel connection"}
{"level":"error","event":0,"ip":"2606:4700:a0::8","connIndex":0,"error":"control stream encountered a failure while serving","time":"2026-09-04T04:47:58Z","message":"Serve tunnel error"}
{"level":"info","event":0,"ip":"2606:4700:a0::8","connIndex":0,"time":"2026-09-04T04:47:58Z","message":"Retrying connection in up to 1m4s"}
{"level":"info","event":0,"ip":"2606:4700:a0::8","connIndex":0,"time":"2026-09-04T04:48:18Z","message":"Tunnel connection curve preferences: [X25519MLKEM768 CurveID(65074) CurveP256]"}
{"level":"error","event":0,"ip":"2606:4700:a0::8","connIndex":0,"error":"context canceled","time":"2026-09-04T04:48:18Z","message":"failed to run the datagram handler"}
{"level":"error","event":0,"ip":"2606:4700:a0::8","connIndex":0,"error":"control stream encountered a failure while serving","time":"2026-09-04T04:48:18Z","message":"failed to serve tunnel connection"}
{"level":"error","event":0,"ip":"2606:4700:a0::8","connIndex":0,"error":"control stream encountered a failure while serving","time":"2026-09-04T04:48:18Z","message":"Serve tunnel error"}
{"level":"info","event":0,"ip":"2606:4700:a0::8","connIndex":0,"time":"2026-09-04T04:48:18Z","message":"Retrying connection in up to 1m4s"}
{"level":"info","event":0,"ip":"2606:4700:a0::8","connIndex":0,"time":"2026-09-04T04:48:29Z","message":"Tunnel connection curve preferences: [X25519MLKEM768 CurveID(65074) CurveP256]"}
{"level":"error","event":0,"ip":"2606:4700:a0::8","connIndex":0,"error":"context canceled","time":"2026-09-04T04:48:29Z","message":"failed to run the datagram handler"}
{"level":"error","event":0,"ip":"2606:4700:a0::8","connIndex":0,"error":"control stream encountered a failure while serving","time":"2026-09-04T04:48:29Z","message":"failed to serve tunnel connection"}
{"level":"error","event":0,"ip":"2606:4700:a0::8","connIndex":0,"error":"control stream encountered a failure while serving","time":"2026-09-04T04:48:29Z","message":"Serve tunnel error"}
{"level":"info","event":0,"ip":"2606:4700:a0::8","connIndex":0,"time":"2026-09-04T04:48:29Z","message":"Retrying connection in up to 1m4s"}
{"level":"info","event":0,"ip":"2606:4700:a0::8","connIndex":0,"time":"2026-09-04T04:48:47Z","message":"Tunnel connection curve preferences: [X25519MLKEM768 CurveID(65074) CurveP256]"}
{"level":"error","event":0,"ip":"2606:4700:a0::8","connIndex":0,"error":"context canceled","time":"2026-09-04T04:48:47Z","message":"failed to run the datagram handler"}
{"level":"error","event":0,"ip":"2606:4700:a0::8","connIndex":0,"error":"control stream encountered a failure while serving","time":"2026-09-04T04:48:47Z","message":"failed to serve tunnel connection"}
{"level":"error","event":0,"ip":"2606:4700:a0::8","connIndex":0,"error":"control stream encountered a failure while serving","time":"2026-09-04T04:48:47Z","message":"Serve tunnel error"}
{"level":"info","event":0,"ip":"2606:4700:a0::8","connIndex":0,"time":"2026-09-04T04:48:47Z","message":"Retrying connection in up to 1m4s"}
{"level":"info","event":0,"ip":"2606:4700:a0::8","connIndex":0,"time":"2026-09-04T04:49:15Z","message":"Tunnel connection curve preferences: [X25519MLKEM768 CurveID(65074) CurveP256]"}
{"level":"error","event":0,"ip":"2606:4700:a0::8","connIndex":0,"error":"context canceled","time":"2026-09-04T04:49:15Z","message":"failed to run the datagram handler"}
{"level":"error","event":0,"ip":"2606:4700:a0::8","connIndex":0,"error":"control stream encountered a failure while serving","time":"2026-09-04T04:49:15Z","message":"failed to serve tunnel connection"}
{"level":"error","event":0,"ip":"2606:4700:a0::8","connIndex":0,"error":"control stream encountered a failure while serving","time":"2026-09-04T04:49:15Z","message":"Serve tunnel error"}
{"level":"info","event":0,"ip":"2606:4700:a0::8","connIndex":0,"time":"2026-09-04T04:49:15Z","message":"Retrying connection in up to 1m4s"}
{"level":"info","event":0,"ip":"2606:4700:a0::8","connIndex":0,"time":"2026-09-04T04:49:32Z","message":"Tunnel connection curve preferences: [X25519MLKEM768 CurveID(65074) CurveP256]"}
{"level":"error","event":0,"ip":"2606:4700:a0::8","connIndex":0,"error":"context canceled","time":"2026-09-04T04:49:32Z","message":"failed to run the datagram handler"}
{"level":"error","event":0,"ip":"2606:4700:a0::8","connIndex":0,"error":"control stream encountered a failure while serving","time":"2026-09-04T04:49:32Z","message":"failed to serve tunnel connection"}
{"level":"error","event":0,"ip":"2606:4700:a0::8","connIndex":0,"error":"control stream encountered a failure while serving","time":"2026-09-04T04:49:32Z","message":"Serve tunnel error"}
{"level":"info","event":0,"ip":"2606:4700:a0::8","connIndex":0,"time":"2026-09-04T04:49:32Z","message":"Retrying connection in up to 1m4s"}
{"level":"info","event":0,"ip":"2606:4700:a0::8","connIndex":0,"time":"2026-09-04T04:49:39Z","message":"Tunnel connection curve preferences: [X25519MLKEM768 CurveID(65074) CurveP256]"}
{"level":"error","event":0,"ip":"2606:4700:a0::8","connIndex":0,"error":"context canceled","time":"2026-09-04T04:49:39Z","message":"failed to run the datagram handler"}
{"level":"error","event":0,"ip":"2606:4700:a0::8","connIndex":0,"error":"control stream encountered a failure while serving","time":"2026-09-04T04:49:39Z","message":"failed to serve tunnel connection"}
{"level":"error","event":0,"ip":"2606:4700:a0::8","connIndex":0,"error":"control stream encountered a failure while serving","time":"2026-09-04T04:49:39Z","message":"Serve tunnel error"}
{"level":"info","event":0,"ip":"2606:4700:a0::8","connIndex":0,"time":"2026-09-04T04:49:39Z","message":"Retrying connection in up to 1m4s"}
{"level":"info","event":0,"ip":"2606:4700:a0::8","connIndex":0,"time":"2026-09-04T04:50:02Z","message":"Tunnel connection curve preferences: [X25519MLKEM768 CurveID(65074) CurveP256]"}
{"level":"error","event":0,"ip":"2606:4700:a0::8","connIndex":0,"error":"context canceled","time":"2026-09-04T04:50:02Z","message":"failed to run the datagram handler"}
{"level":"error","event":0,"ip":"2606:4700:a0::8","connIndex":0,"error":"control stream encountered a failure while serving","time":"2026-09-04T04:50:02Z","message":"failed to serve tunnel connection"}
{"level":"error","event":0,"ip":"2606:4700:a0::8","connIndex":0,"error":"control stream encountered a failure while serving","time":"2026-09-04T04:50:02Z","message":"Serve tunnel error"}
{"level":"info","event":0,"ip":"2606:4700:a0::8","connIndex":0,"time":"2026-09-04T04:50:02Z","message":"Retrying connection in up to 1m4s"}
{"level":"info","event":0,"ip":"2606:4700:a0::8","connIndex":0,"time":"2026-09-04T04:50:16Z","message":"Tunnel connection curve preferences: [X25519MLKEM768 CurveID(65074) CurveP256]"}
{"level":"error","event":0,"ip":"2606:4700:a0::8","connIndex":0,"error":"context canceled","time":"2026-09-04T04:50:16Z","message":"failed to run the datagram handler"}
{"level":"error","event":0,"ip":"2606:4700:a0::8","connIndex":0,"error":"control stream encountered a failure while serving","time":"2026-09-04T04:50:16Z","message":"failed to serve tunnel connection"}
{"level":"error","event":0,"ip":"2606:4700:a0::8","connIndex":0,"error":"control stream encountered a failure while serving","time":"2026-09-04T04:50:16Z","message":"Serve tunnel error"}
{"level":"info","event":0,"ip":"2606:4700:a0::8","connIndex":0,"time":"2026-09-04T04:50:16Z","message":"Retrying connection in up to 1m4s"}
{"level":"info","event":0,"ip":"2606:4700:a0::8","connIndex":0,"time":"2026-09-04T04:50:27Z","message":"Tunnel connection curve preferences: [X25519MLKEM768 CurveID(65074) CurveP256]"}
{"level":"error","event":0,"ip":"2606:4700:a0::8","connIndex":0,"error":"context canceled","time":"2026-09-04T04:50:27Z","message":"failed to run the datagram handler"}
{"level":"error","event":0,"ip":"2606:4700:a0::8","connIndex":0,"error":"control stream encountered a failure while serving","time":"2026-09-04T04:50:27Z","message":"failed to serve tunnel connection"}
{"level":"error","event":0,"ip":"2606:4700:a0::8","connIndex":0,"error":"control stream encountered a failure while serving","time":"2026-09-04T04:50:27Z","message":"Serve tunnel error"}
{"level":"info","event":0,"ip":"2606:4700:a0::8","connIndex":0,"time":"2026-09-04T04:50:27Z","message":"Retrying connection in up to 1m4s"}
{"level":"info","event":0,"ip":"2606:4700:a0::8","connIndex":0,"time":"2026-09-04T04:50:43Z","message":"Tunnel connection curve preferences: [X25519MLKEM768 CurveID(65074) CurveP256]"}
{"level":"error","event":0,"ip":"2606:4700:a0::8","connIndex":0,"error":"context canceled","time":"2026-09-04T04:50:43Z","message":"failed to run the datagram handler"}
{"level":"error","event":0,"ip":"2606:4700:a0::8","connIndex":0,"error":"control stream encountered a failure while serving","time":"2026-09-04T04:50:43Z","message":"failed to serve tunnel connection"}
{"level":"error","event":0,"ip":"2606:4700:a0::8","connIndex":0,"error":"control stream encountered a failure while serving","time":"2026-09-04T04:50:43Z","message":"Serve tunnel error"}
{"level":"info","event":0,"ip":"2606:4700:a0::8","connIndex":0,"time":"2026-09-04T04:50:43Z","message":"Retrying connection in up to 1m4s"}
{"level":"info","event":0,"ip":"2606:4700:a0::8","connIndex":0,"time":"2026-09-04T04:50:43Z","message":"Tunnel connection curve preferences: [X25519MLKEM768 CurveID(65074) CurveP256]"}
{"level":"error","event":0,"ip":"2606:4700:a0::8","connIndex":0,"error":"context canceled","time":"2026-09-04T04:50:43Z","message":"failed to run the datagram handler"}
{"level":"error","event":0,"ip":"2606:4700:a0::8","connIndex":0,"error":"control stream encountered a failure while serving","time":"2026-09-04T04:50:43Z","message":"failed to serve tunnel connection"}
{"level":"error","event":0,"ip":"2606:4700:a0::8","connIndex":0,"error":"control stream encountered a failure while serving","time":"2026-09-04T04:50:43Z","message":"Serve tunnel error"}
{"level":"info","event":0,"ip":"2606:4700:a0::8","connIndex":0,"time":"2026-09-04T04:50:43Z","message":"Retrying connection in up to 1m4s"}
{"level":"info","event":0,"ip":"2606:4700:a0::8","connIndex":0,"time":"2026-09-04T04:50:44Z","message":"Tunnel connection curve preferences: [X25519MLKEM768 CurveID(65074) CurveP256]"}
{"level":"error","event":0,"ip":"2606:4700:a0::8","connIndex":0,"error":"context canceled","time":"2026-09-04T04:50:44Z","message":"failed to run the datagram handler"}
{"level":"error","event":0,"ip":"2606:4700:a0::8","connIndex":0,"error":"control stream encountered a failure while serving","time":"2026-09-04T04:50:44Z","message":"failed to serve tunnel connection"}
{"level":"error","event":0,"ip":"2606:4700:a0::8","connIndex":0,"error":"control stream encountered a failure while serving","time":"2026-09-04T04:50:44Z","message":"Serve tunnel error"}
{"level":"info","event":0,"ip":"2606:4700:a0::8","connIndex":0,"time":"2026-09-04T04:50:44Z","message":"Retrying connection in up to 1m4s"}
{"level":"info","event":0,"ip":"2606:4700:a0::8","connIndex":0,"time":"2026-09-04T04:51:04Z","message":"Tunnel connection curve preferences: [X25519MLKEM768 CurveID(65074) CurveP256]"}
{"level":"error","event":0,"ip":"2606:4700:a0::8","connIndex":0,"error":"context canceled","time":"2026-09-04T04:51:05Z","message":"failed to run the datagram handler"}
{"level":"error","event":0,"ip":"2606:4700:a0::8","connIndex":0,"error":"control stream encountered a failure while serving","time":"2026-09-04T04:51:05Z","message":"failed to serve tunnel connection"}
{"level":"error","event":0,"ip":"2606:4700:a0::8","connIndex":0,"error":"control stream encountered a failure while serving","time":"2026-09-04T04:51:05Z","message":"Serve tunnel error"}
{"level":"info","event":0,"ip":"2606:4700:a0::8","connIndex":0,"time":"2026-09-04T04:51:05Z","message":"Retrying connection in up to 1m4s"}
{"level":"info","event":0,"ip":"2606:4700:a0::8","connIndex":0,"time":"2026-09-04T04:51:19Z","message":"Tunnel connection curve preferences: [X25519MLKEM768 CurveID(65074) CurveP256]"}
{"level":"error","event":0,"ip":"2606:4700:a0::8","connIndex":0,"error":"context canceled","time":"2026-09-04T04:51:19Z","message":"failed to run the datagram handler"}
{"level":"error","event":0,"ip":"2606:4700:a0::8","connIndex":0,"error":"control stream encountered a failure while serving","time":"2026-09-04T04:51:19Z","message":"failed to serve tunnel connection"}
{"level":"error","event":0,"ip":"2606:4700:a0::8","connIndex":0,"error":"control stream encountered a failure while serving","time":"2026-09-04T04:51:19Z","message":"Serve tunnel error"}
{"level":"info","event":0,"ip":"2606:4700:a0::8","connIndex":0,"time":"2026-09-04T04:51:19Z","message":"Retrying connection in up to 1m4s"}
{"level":"info","event":0,"ip":"2606:4700:a0::8","connIndex":0,"time":"2026-09-04T04:51:21Z","message":"Tunnel connection curve preferences: [X25519MLKEM768 CurveID(65074) CurveP256]"}
{"level":"error","event":0,"ip":"2606:4700:a0::8","connIndex":0,"error":"context canceled","time":"2026-09-04T04:51:21Z","message":"failed to run the datagram handler"}
{"level":"error","event":0,"ip":"2606:4700:a0::8","connIndex":0,"error":"control stream encountered a failure while serving","time":"2026-09-04T04:51:21Z","message":"failed to serve tunnel connection"}
{"level":"error","event":0,"ip":"2606:4700:a0::8","connIndex":0,"error":"control stream encountered a failure while serving","time":"2026-09-04T04:51:21Z","message":"Serve tunnel error"}
{"level":"info","event":0,"ip":"2606:4700:a0::8","connIndex":0,"time":"2026-09-04T04:51:21Z","message":"Retrying connection in up to 1m4s"}
{"level":"info","event":0,"ip":"2606:4700:a0::8","connIndex":0,"time":"2026-09-04T04:51:41Z","message":"Tunnel connection curve preferences: [X25519MLKEM768 CurveID(65074) CurveP256]"}
{"level":"error","event":0,"ip":"2606:4700:a0::8","connIndex":0,"error":"context canceled","time":"2026-09-04T04:51:41Z","message":"failed to run the datagram handler"}
{"level":"error","event":0,"ip":"2606:4700:a0::8","connIndex":0,"error":"control stream encountered a failure while serving","time":"2026-09-04T04:51:41Z","message":"failed to serve tunnel connection"}
{"level":"error","event":0,"ip":"2606:4700:a0::8","connIndex":0,"error":"control stream encountered a failure while serving","time":"2026-09-04T04:51:41Z","message":"Serve tunnel error"}
{"level":"info","event":0,"ip":"2606:4700:a0::8","connIndex":0,"time":"2026-09-04T04:51:41Z","message":"Retrying connection in up to 1m4s"}
{"level":"info","event":0,"ip":"2606:4700:a0::8","connIndex":0,"time":"2026-09-04T04:51:44Z","message":"Tunnel connection curve preferences: [X25519MLKEM768 CurveID(65074) CurveP256]"}
{"level":"error","event":0,"ip":"2606:4700:a0::8","connIndex":0,"error":"context canceled","time":"2026-09-04T04:51:44Z","message":"failed to run the datagram handler"}
{"level":"error","event":0,"ip":"2606:4700:a0::8","connIndex":0,"error":"control stream encountered a failure while serving","time":"2026-09-04T04:51:44Z","message":"failed to serve tunnel connection"}
{"level":"error","event":0,"ip":"2606:4700:a0::8","connIndex":0,"error":"control stream encountered a failure while serving","time":"2026-09-04T04:51:44Z","message":"Serve tunnel error"}
{"level":"info","event":0,"ip":"2606:4700:a0::8","connIndex":0,"time":"2026-09-04T04:51:44Z","message":"Retrying connection in up to 1m4s"}
{"level":"info","event":0,"ip":"2606:4700:a0::8","connIndex":0,"time":"2026-09-04T04:52:04Z","message":"Tunnel connection curve preferences: [X25519MLKEM768 CurveID(65074) CurveP256]"}
{"level":"error","event":0,"ip":"2606:4700:a0::8","connIndex":0,"error":"context canceled","time":"2026-09-04T04:52:05Z","message":"failed to run the datagram handler"}
{"level":"error","event":0,"ip":"2606:4700:a0::8","connIndex":0,"error":"control stream encountered a failure while serving","time":"2026-09-04T04:52:05Z","message":"failed to serve tunnel connection"}
{"level":"error","event":0,"ip":"2606:4700:a0::8","connIndex":0,"error":"control stream encountered a failure while serving","time":"2026-09-04T04:52:05Z","message":"Serve tunnel error"}
{"level":"info","event":0,"ip":"2606:4700:a0::8","connIndex":0,"time":"2026-09-04T04:52:05Z","message":"Retrying connection in up to 1m4s"}
{"level":"info","event":0,"ip":"2606:4700:a0::8","connIndex":0,"time":"2026-09-04T04:52:36Z","message":"Tunnel connection curve preferences: [X25519MLKEM768 CurveID(65074) CurveP256]"}
{"level":"error","event":0,"ip":"2606:4700:a0::8","connIndex":0,"error":"context canceled","time":"2026-09-04T04:52:36Z","message":"failed to run the datagram handler"}
{"level":"error","event":0,"ip":"2606:4700:a0::8","connIndex":0,"error":"control stream encountered a failure while serving","time":"2026-09-04T04:52:36Z","message":"failed to serve tunnel connection"}
{"level":"error","event":0,"ip":"2606:4700:a0::8","connIndex":0,"error":"control stream encountered a failure while serving","time":"2026-09-04T04:52:36Z","message":"Serve tunnel error"}
{"level":"info","event":0,"ip":"2606:4700:a0::8","connIndex":0,"time":"2026-09-04T04:52:36Z","message":"Retrying connection in up to 1m4s"}
{"level":"info","event":0,"ip":"2606:4700:a0::8","connIndex":0,"time":"2026-09-04T04:52:42Z","message":"Tunnel connection curve preferences: [X25519MLKEM768 CurveID(65074) CurveP256]"}
{"level":"error","event":0,"ip":"2606:4700:a0::8","connIndex":0,"error":"context canceled","time":"2026-09-04T04:52:42Z","message":"failed to run the datagram handler"}
{"level":"error","event":0,"ip":"2606:4700:a0::8","connIndex":0,"error":"control stream encountered a failure while serving","time":"2026-09-04T04:52:42Z","message":"failed to serve tunnel connection"}
{"level":"error","event":0,"ip":"2606:4700:a0::8","connIndex":0,"error":"control stream encountered a failure while serving","time":"2026-09-04T04:52:42Z","message":"Serve tunnel error"}
{"level":"info","event":0,"ip":"2606:4700:a0::8","connIndex":0,"time":"2026-09-04T04:52:42Z","message":"Retrying connection in up to 1m4s"}
{"level":"info","event":0,"ip":"2606:4700:a0::8","connIndex":0,"time":"2026-09-04T04:52:56Z","message":"Tunnel connection curve preferences: [X25519MLKEM768 CurveID(65074) CurveP256]"}
{"level":"error","event":0,"ip":"2606:4700:a0::8","connIndex":0,"error":"context canceled","time":"2026-09-04T04:52:57Z","message":"failed to run the datagram handler"}
{"level":"error","event":0,"ip":"2606:4700:a0::8","connIndex":0,"error":"control stream encountered a failure while serving","time":"2026-09-04T04:52:57Z","message":"failed to serve tunnel connection"}
{"level":"error","event":0,"ip":"2606:4700:a0::8","connIndex":0,"error":"control stream encountered a failure while serving","time":"2026-09-04T04:52:57Z","message":"Serve tunnel error"}
{"level":"info","event":0,"ip":"2606:4700:a0::8","connIndex":0,"time":"2026-09-04T04:52:57Z","message":"Retrying connection in up to 1m4s"}
{"level":"info","event":0,"ip":"2606:4700:a0::8","connIndex":0,"time":"2026-09-04T04:53:06Z","message":"Tunnel connection curve preferences: [X25519MLKEM768 CurveID(65074) CurveP256]"}
{"level":"error","event":0,"ip":"2606:4700:a0::8","connIndex":0,"error":"context canceled","time":"2026-09-04T04:53:07Z","message":"failed to run the datagram handler"}
{"level":"error","event":0,"ip":"2606:4700:a0::8","connIndex":0,"error":"control stream encountered a failure while serving","time":"2026-09-04T04:53:07Z","message":"failed to serve tunnel connection"}
{"level":"error","event":0,"ip":"2606:4700:a0::8","connIndex":0,"error":"control stream encountered a failure while serving","time":"2026-09-04T04:53:07Z","message":"Serve tunnel error"}
{"level":"info","event":0,"ip":"2606:4700:a0::8","connIndex":0,"time":"2026-09-04T04:53:07Z","message":"Retrying connection in up to 1m4s"}
{"level":"info","event":0,"ip":"2606:4700:a0::8","connIndex":0,"time":"2026-09-04T04:53:36Z","message":"Tunnel connection curve preferences: [X25519MLKEM768 CurveID(65074) CurveP256]"}
{"level":"error","event":0,"ip":"2606:4700:a0::8","connIndex":0,"error":"context canceled","time":"2026-09-04T04:53:36Z","message":"failed to run the datagram handler"}
{"level":"error","event":0,"ip":"2606:4700:a0::8","connIndex":0,"error":"control stream encountered a failure while serving","time":"2026-09-04T04:53:36Z","message":"failed to serve tunnel connection"}
{"level":"error","event":0,"ip":"2606:4700:a0::8","connIndex":0,"error":"control stream encountered a failure while serving","time":"2026-09-04T04:53:36Z","message":"Serve tunnel error"}
{"level":"info","event":0,"ip":"2606:4700:a0::8","connIndex":0,"time":"2026-09-04T04:53:36Z","message":"Retrying connection in up to 1m4s"}
{"level":"info","event":0,"ip":"2606:4700:a0::8","connIndex":0,"time":"2026-09-04T04:53:57Z","message":"Tunnel connection curve preferences: [X25519MLKEM768 CurveID(65074) CurveP256]"}
{"level":"error","event":0,"ip":"2606:4700:a0::8","connIndex":0,"error":"context canceled","time":"2026-09-04T04:53:57Z","message":"failed to run the datagram handler"}
{"level":"error","event":0,"ip":"2606:4700:a0::8","connIndex":0,"error":"control stream encountered a failure while serving","time":"2026-09-04T04:53:57Z","message":"failed to serve tunnel connection"}
{"level":"error","event":0,"ip":"2606:4700:a0::8","connIndex":0,"error":"control stream encountered a failure while serving","time":"2026-09-04T04:53:57Z","message":"Serve tunnel error"}
{"level":"info","event":0,"ip":"2606:4700:a0::8","connIndex":0,"time":"2026-09-04T04:53:57Z","message":"Retrying connection in up to 1m4s"}
{"level":"info","event":0,"ip":"2606:4700:a0::8","connIndex":0,"time":"2026-09-04T04:54:20Z","message":"Tunnel connection curve preferences: [X25519MLKEM768 CurveID(65074) CurveP256]"}
{"level":"error","event":0,"ip":"2606:4700:a0::8","connIndex":0,"error":"context canceled","time":"2026-09-04T04:54:20Z","message":"failed to run the datagram handler"}
{"level":"error","event":0,"ip":"2606:4700:a0::8","connIndex":0,"error":"control stream encountered a failure while serving","time":"2026-09-04T04:54:20Z","message":"failed to serve tunnel connection"}
{"level":"error","event":0,"ip":"2606:4700:a0::8","connIndex":0,"error":"control stream encountered a failure while serving","time":"2026-09-04T04:54:20Z","message":"Serve tunnel error"}
{"level":"info","event":0,"ip":"2606:4700:a0::8","connIndex":0,"time":"2026-09-04T04:54:20Z","message":"Retrying connection in up to 1m4s"}
{"level":"info","event":0,"ip":"2606:4700:a0::8","connIndex":0,"time":"2026-09-04T04:54:32Z","message":"Tunnel connection curve preferences: [X25519MLKEM768 CurveID(65074) CurveP256]"}
{"level":"error","event":0,"ip":"2606:4700:a0::8","connIndex":0,"error":"context canceled","time":"2026-09-04T04:54:32Z","message":"failed to run the datagram handler"}
{"level":"error","event":0,"ip":"2606:4700:a0::8","connIndex":0,"error":"control stream encountered a failure while serving","time":"2026-09-04T04:54:32Z","message":"failed to serve tunnel connection"}
{"level":"error","event":0,"ip":"2606:4700:a0::8","connIndex":0,"error":"control stream encountered a failure while serving","time":"2026-09-04T04:54:32Z","message":"Serve tunnel error"}
{"level":"info","event":0,"ip":"2606:4700:a0::8","connIndex":0,"time":"2026-09-04T04:54:32Z","message":"Retrying connection in up to 1m4s"}
{"level":"info","event":0,"ip":"2606:4700:a0::8","connIndex":0,"time":"2026-09-04T04:54:44Z","message":"Tunnel connection curve preferences: [X25519MLKEM768 CurveID(65074) CurveP256]"}
{"level":"error","event":0,"ip":"2606:4700:a0::8","connIndex":0,"error":"context canceled","time":"2026-09-04T04:54:44Z","message":"failed to run the datagram handler"}
{"level":"error","event":0,"ip":"2606:4700:a0::8","connIndex":0,"error":"control stream encountered a failure while serving","time":"2026-09-04T04:54:44Z","message":"failed to serve tunnel connection"}
{"level":"error","event":0,"ip":"2606:4700:a0::8","connIndex":0,"error":"control stream encountered a failure while serving","time":"2026-09-04T04:54:44Z","message":"Serve tunnel error"}
{"level":"info","event":0,"ip":"2606:4700:a0::8","connIndex":0,"time":"2026-09-04T04:54:44Z","message":"Retrying connection in up to 1m4s"}
{"level":"info","event":0,"ip":"2606:4700:a0::8","connIndex":0,"time":"2026-09-04T04:55:07Z","message":"Tunnel connection curve preferences: [X25519MLKEM768 CurveID(65074) CurveP256]"}
{"level":"error","event":0,"ip":"2606:4700:a0::8","connIndex":0,"error":"context canceled","time":"2026-09-04T04:55:07Z","message":"failed to run the datagram handler"}
{"level":"error","event":0,"ip":"2606:4700:a0::8","connIndex":0,"error":"control stream encountered a failure while serving","time":"2026-09-04T04:55:07Z","message":"failed to serve tunnel connection"}
{"level":"error","event":0,"ip":"2606:4700:a0::8","connIndex":0,"error":"control stream encountered a failure while serving","time":"2026-09-04T04:55:07Z","message":"Serve tunnel error"}
{"level":"info","event":0,"ip":"2606:4700:a0::8","connIndex":0,"time":"2026-09-04T04:55:07Z","message":"Retrying connection in up to 1m4s"}
{"level":"info","event":0,"ip":"2606:4700:a0::8","connIndex":0,"time":"2026-09-04T04:55:23Z","message":"Tunnel connection curve preferences: [X25519MLKEM768 CurveID(65074) CurveP256]"}
{"level":"error","event":0,"ip":"2606:4700:a0::8","connIndex":0,"error":"context canceled","time":"2026-09-04T04:55:23Z","message":"failed to run the datagram handler"}
{"level":"error","event":0,"ip":"2606:4700:a0::8","connIndex":0,"error":"control stream encountered a failure while serving","time":"2026-09-04T04:55:23Z","message":"failed to serve tunnel connection"}
{"level":"error","event":0,"ip":"2606:4700:a0::8","connIndex":0,"error":"control stream encountered a failure while serving","time":"2026-09-04T04:55:23Z","message":"Serve tunnel error"}
{"level":"info","event":0,"ip":"2606:4700:a0::8","connIndex":0,"time":"2026-09-04T04:55:23Z","message":"Retrying connection in up to 1m4s"}
{"level":"info","event":0,"ip":"2606:4700:a0::8","connIndex":0,"time":"2026-09-04T04:55:25Z","message":"Tunnel connection curve preferences: [X25519MLKEM768 CurveID(65074) CurveP256]"}
{"level":"error","event":0,"ip":"2606:4700:a0::8","connIndex":0,"error":"context canceled","time":"2026-09-04T04:55:25Z","message":"failed to run the datagram handler"}
{"level":"error","event":0,"ip":"2606:4700:a0::8","connIndex":0,"error":"control stream encountered a failure while serving","time":"2026-09-04T04:55:25Z","message":"failed to serve tunnel connection"}
{"level":"error","event":0,"ip":"2606:4700:a0::8","connIndex":0,"error":"control stream encountered a failure while serving","time":"2026-09-04T04:55:25Z","message":"Serve tunnel error"}
{"level":"info","event":0,"ip":"2606:4700:a0::8","connIndex":0,"time":"2026-09-04T04:55:25Z","message":"Retrying connection in up to 1m4s"}
{"level":"info","event":0,"ip":"2606:4700:a0::8","connIndex":0,"time":"2026-09-04T04:55:36Z","message":"Tunnel connection curve preferences: [X25519MLKEM768 CurveID(65074) CurveP256]"}
{"level":"error","event":0,"ip":"2606:4700:a0::8","connIndex":0,"error":"context canceled","time":"2026-09-04T04:55:36Z","message":"failed to run the datagram handler"}
{"level":"error","event":0,"ip":"2606:4700:a0::8","connIndex":0,"error":"control stream encountered a failure while serving","time":"2026-09-04T04:55:36Z","message":"failed to serve tunnel connection"}
{"level":"error","event":0,"ip":"2606:4700:a0::8","connIndex":0,"error":"control stream encountered a failure while serving","time":"2026-09-04T04:55:36Z","message":"Serve tunnel error"}
{"level":"info","event":0,"ip":"2606:4700:a0::8","connIndex":0,"time":"2026-09-04T04:55:36Z","message":"Retrying connection in up to 1m4s"}
{"level":"info","event":0,"ip":"2606:4700:a0::8","connIndex":0,"time":"2026-09-04T04:55:44Z","message":"Tunnel connection curve preferences: [X25519MLKEM768 CurveID(65074) CurveP256]"}
{"level":"error","event":0,"ip":"2606:4700:a0::8","connIndex":0,"error":"context canceled","time":"2026-09-04T04:55:44Z","message":"failed to run the datagram handler"}
{"level":"error","event":0,"ip":"2606:4700:a0::8","connIndex":0,"error":"control stream encountered a failure while serving","time":"2026-09-04T04:55:44Z","message":"failed to serve tunnel connection"}
{"level":"error","event":0,"ip":"2606:4700:a0::8","connIndex":0,"error":"control stream encountered a failure while serving","time":"2026-09-04T04:55:44Z","message":"Serve tunnel error"}
{"level":"info","event":0,"ip":"2606:4700:a0::8","connIndex":0,"time":"2026-09-04T04:55:44Z","message":"Retrying connection in up to 1m4s"}
{"level":"info","event":0,"ip":"2606:4700:a0::8","connIndex":0,"time":"2026-09-04T04:55:51Z","message":"Tunnel connection curve preferences: [X25519MLKEM768 CurveID(65074) CurveP256]"}
{"level":"error","event":0,"ip":"2606:4700:a0::8","connIndex":0,"error":"context canceled","time":"2026-09-04T04:55:51Z","message":"failed to run the datagram handler"}
{"level":"error","event":0,"ip":"2606:4700:a0::8","connIndex":0,"error":"control stream encountered a failure while serving","time":"2026-09-04T04:55:51Z","message":"failed to serve tunnel connection"}
{"level":"error","event":0,"ip":"2606:4700:a0::8","connIndex":0,"error":"control stream encountered a failure while serving","time":"2026-09-04T04:55:51Z","message":"Serve tunnel error"}
{"level":"info","event":0,"ip":"2606:4700:a0::8","connIndex":0,"time":"2026-09-04T04:55:51Z","message":"Retrying connection in up to 1m4s"}
{"level":"info","event":0,"ip":"2606:4700:a0::8","connIndex":0,"time":"2026-09-04T04:55:57Z","message":"Tunnel connection curve preferences: [X25519MLKEM768 CurveID(65074) CurveP256]"}
{"level":"error","event":0,"ip":"2606:4700:a0::8","connIndex":0,"error":"context canceled","time":"2026-09-04T04:55:57Z","message":"failed to run the datagram handler"}
{"level":"error","event":0,"ip":"2606:4700:a0::8","connIndex":0,"error":"control stream encountered a failure while serving","time":"2026-09-04T04:55:57Z","message":"failed to serve tunnel connection"}
{"level":"error","event":0,"ip":"2606:4700:a0::8","connIndex":0,"error":"control stream encountered a failure while serving","time":"2026-09-04T04:55:57Z","message":"Serve tunnel error"}
{"level":"info","event":0,"ip":"2606:4700:a0::8","connIndex":0,"time":"2026-09-04T04:55:57Z","message":"Retrying connection in up to 1m4s"}
{"level":"info","event":0,"ip":"2606:4700:a0::8","connIndex":0,"time":"2026-09-04T04:56:15Z","message":"Tunnel connection curve preferences: [X25519MLKEM768 CurveID(65074) CurveP256]"}
{"level":"error","event":0,"ip":"2606:4700:a0::8","connIndex":0,"error":"context canceled","time":"2026-09-04T04:56:16Z","message":"failed to run the datagram handler"}
{"level":"error","event":0,"ip":"2606:4700:a0::8","connIndex":0,"error":"control stream encountered a failure while serving","time":"2026-09-04T04:56:16Z","message":"failed to serve tunnel connection"}
{"level":"error","event":0,"ip":"2606:4700:a0::8","connIndex":0,"error":"control stream encountered a failure while serving","time":"2026-09-04T04:56:16Z","message":"Serve tunnel error"}
{"level":"info","event":0,"ip":"2606:4700:a0::8","connIndex":0,"time":"2026-09-04T04:56:16Z","message":"Retrying connection in up to 1m4s"}
{"level":"info","event":0,"ip":"2606:4700:a0::8","connIndex":0,"time":"2026-09-04T04:56:47Z","message":"Tunnel connection curve preferences: [X25519MLKEM768 CurveID(65074) CurveP256]"}
{"level":"error","event":0,"ip":"2606:4700:a0::8","connIndex":0,"error":"context canceled","time":"2026-09-04T04:56:48Z","message":"failed to run the datagram handler"}
{"level":"error","event":0,"ip":"2606:4700:a0::8","connIndex":0,"error":"control stream encountered a failure while serving","time":"2026-09-04T04:56:48Z","message":"failed to serve tunnel connection"}
{"level":"error","event":0,"ip":"2606:4700:a0::8","connIndex":0,"error":"control stream encountered a failure while serving","time":"2026-09-04T04:56:48Z","message":"Serve tunnel error"}
{"level":"info","event":0,"ip":"2606:4700:a0::8","connIndex":0,"time":"2026-09-04T04:56:48Z","message":"Retrying connection in up to 1m4s"}
{"level":"info","event":0,"ip":"2606:4700:a0::8","connIndex":0,"time":"2026-09-04T04:56:59Z","message":"Tunnel connection curve preferences: [X25519MLKEM768 CurveID(65074) CurveP256]"}
{"level":"error","event":0,"ip":"2606:4700:a0::8","connIndex":0,"error":"context canceled","time":"2026-09-04T04:56:59Z","message":"failed to run the datagram handler"}
{"level":"error","event":0,"ip":"2606:4700:a0::8","connIndex":0,"error":"control stream encountered a failure while serving","time":"2026-09-04T04:56:59Z","message":"failed to serve tunnel connection"}
{"level":"error","event":0,"ip":"2606:4700:a0::8","connIndex":0,"error":"control stream encountered a failure while serving","time":"2026-09-04T04:56:59Z","message":"Serve tunnel error"}
{"level":"info","event":0,"ip":"2606:4700:a0::8","connIndex":0,"time":"2026-09-04T04:56:59Z","message":"Retrying connection in up to 1m4s"}
{"level":"info","event":0,"ip":"2606:4700:a0::8","connIndex":0,"time":"2026-09-04T04:56:59Z","message":"Tunnel connection curve preferences: [X25519MLKEM768 CurveID(65074) CurveP256]"}
{"level":"error","event":0,"ip":"2606:4700:a0::8","connIndex":0,"error":"context canceled","time":"2026-09-04T04:56:59Z","message":"failed to run the datagram handler"}
{"level":"error","event":0,"ip":"2606:4700:a0::8","connIndex":0,"error":"control stream encountered a failure while serving","time":"2026-09-04T04:56:59Z","message":"failed to serve tunnel connection"}
{"level":"error","event":0,"ip":"2606:4700:a0::8","connIndex":0,"error":"control stream encountered a failure while serving","time":"2026-09-04T04:56:59Z","message":"Serve tunnel error"}
{"level":"info","event":0,"ip":"2606:4700:a0::8","connIndex":0,"time":"2026-09-04T04:56:59Z","message":"Retrying connection in up to 1m4s"}
{"level":"info","event":0,"ip":"2606:4700:a0::8","connIndex":0,"time":"2026-09-04T04:57:05Z","message":"Tunnel connection curve preferences: [X25519MLKEM768 CurveID(65074) CurveP256]"}
{"level":"error","event":0,"ip":"2606:4700:a0::8","connIndex":0,"error":"context canceled","time":"2026-09-04T04:57:05Z","message":"failed to run the datagram handler"}
{"level":"error","event":0,"ip":"2606:4700:a0::8","connIndex":0,"error":"control stream encountered a failure while serving","time":"2026-09-04T04:57:05Z","message":"failed to serve tunnel connection"}
{"level":"error","event":0,"ip":"2606:4700:a0::8","connIndex":0,"error":"control stream encountered a failure while serving","time":"2026-09-04T04:57:05Z","message":"Serve tunnel error"}
{"level":"info","event":0,"ip":"2606:4700:a0::8","connIndex":0,"time":"2026-09-04T04:57:05Z","message":"Retrying connection in up to 1m4s"}
{"level":"info","event":0,"ip":"2606:4700:a0::8","connIndex":0,"time":"2026-09-04T04:57:27Z","message":"Tunnel connection curve preferences: [X25519MLKEM768 CurveID(65074) CurveP256]"}
{"level":"error","event":0,"ip":"2606:4700:a0::8","connIndex":0,"error":"context canceled","time":"2026-09-04T04:57:27Z","message":"failed to run the datagram handler"}
{"level":"error","event":0,"ip":"2606:4700:a0::8","connIndex":0,"error":"control stream encountered a failure while serving","time":"2026-09-04T04:57:27Z","message":"failed to serve tunnel connection"}
{"level":"error","event":0,"ip":"2606:4700:a0::8","connIndex":0,"error":"control stream encountered a failure while serving","time":"2026-09-04T04:57:27Z","message":"Serve tunnel error"}
{"level":"info","event":0,"ip":"2606:4700:a0::8","connIndex":0,"time":"2026-09-04T04:57:27Z","message":"Retrying connection in up to 1m4s"}
{"level":"info","event":0,"ip":"2606:4700:a0::8","connIndex":0,"time":"2026-09-04T04:57:40Z","message":"Tunnel connection curve preferences: [X25519MLKEM768 CurveID(65074) CurveP256]"}
{"level":"error","event":0,"ip":"2606:4700:a0::8","connIndex":0,"error":"context canceled","time":"2026-09-04T04:57:40Z","message":"failed to run the datagram handler"}
{"level":"error","event":0,"ip":"2606:4700:a0::8","connIndex":0,"error":"control stream encountered a failure while serving","time":"2026-09-04T04:57:40Z","message":"failed to serve tunnel connection"}
{"level":"error","event":0,"ip":"2606:4700:a0::8","connIndex":0,"error":"control stream encountered a failure while serving","time":"2026-09-04T04:57:40Z","message":"Serve tunnel error"}
{"level":"info","event":0,"ip":"2606:4700:a0::8","connIndex":0,"time":"2026-09-04T04:57:40Z","message":"Retrying connection in up to 1m4s"}
{"level":"info","event":0,"ip":"2606:4700:a0::8","connIndex":0,"time":"2026-09-04T04:57:50Z","message":"Tunnel connection curve preferences: [X25519MLKEM768 CurveID(65074) CurveP256]"}
{"level":"error","event":0,"ip":"2606:4700:a0::8","connIndex":0,"error":"context canceled","time":"2026-09-04T04:57:50Z","message":"failed to run the datagram handler"}
{"level":"error","event":0,"ip":"2606:4700:a0::8","connIndex":0,"error":"control stream encountered a failure while serving","time":"2026-09-04T04:57:50Z","message":"failed to serve tunnel connection"}
{"level":"error","event":0,"ip":"2606:4700:a0::8","connIndex":0,"error":"control stream encountered a failure while serving","time":"2026-09-04T04:57:50Z","message":"Serve tunnel error"}
{"level":"info","event":0,"ip":"2606:4700:a0::8","connIndex":0,"time":"2026-09-04T04:57:50Z","message":"Retrying connection in up to 1m4s"}
{"level":"info","event":0,"ip":"2606:4700:a0::8","connIndex":0,"time":"2026-09-04T04:58:13Z","message":"Tunnel connection curve preferences: [X25519MLKEM768 CurveID(65074) CurveP256]"}
{"level":"error","event":0,"ip":"2606:4700:a0::8","connIndex":0,"error":"context canceled","time":"2026-09-04T04:58:13Z","message":"failed to run the datagram handler"}
{"level":"error","event":0,"ip":"2606:4700:a0::8","connIndex":0,"error":"control stream encountered a failure while serving","time":"2026-09-04T04:58:13Z","message":"failed to serve tunnel connection"}
{"level":"error","event":0,"ip":"2606:4700:a0::8","connIndex":0,"error":"control stream encountered a failure while serving","time":"2026-09-04T04:58:13Z","message":"Serve tunnel error"}
{"level":"info","event":0,"ip":"2606:4700:a0::8","connIndex":0,"time":"2026-09-04T04:58:13Z","message":"Retrying connection in up to 1m4s"}
{"level":"info","event":0,"ip":"2606:4700:a0::8","connIndex":0,"time":"2026-09-04T04:58:18Z","message":"Tunnel connection curve preferences: [X25519MLKEM768 CurveID(65074) CurveP256]"}
{"level":"error","event":0,"ip":"2606:4700:a0::8","connIndex":0,"error":"context canceled","time":"2026-09-04T04:58:18Z","message":"failed to run the datagram handler"}
{"level":"error","event":0,"ip":"2606:4700:a0::8","connIndex":0,"error":"control stream encountered a failure while serving","time":"2026-09-04T04:58:18Z","message":"failed to serve tunnel connection"}
{"level":"error","event":0,"ip":"2606:4700:a0::8","connIndex":0,"error":"control stream encountered a failure while serving","time":"2026-09-04T04:58:18Z","message":"Serve tunnel error"}
{"level":"info","event":0,"ip":"2606:4700:a0::8","connIndex":0,"time":"2026-09-04T04:58:18Z","message":"Retrying connection in up to 1m4s"}
{"level":"info","event":0,"ip":"2606:4700:a0::8","connIndex":0,"time":"2026-09-04T04:58:19Z","message":"Tunnel connection curve preferences: [X25519MLKEM768 CurveID(65074) CurveP256]"}
{"level":"error","event":0,"ip":"2606:4700:a0::8","connIndex":0,"error":"context canceled","time":"2026-09-04T04:58:20Z","message":"failed to run the datagram handler"}
{"level":"error","event":0,"ip":"2606:4700:a0::8","connIndex":0,"error":"control stream encountered a failure while serving","time":"2026-09-04T04:58:20Z","message":"failed to serve tunnel connection"}
{"level":"error","event":0,"ip":"2606:4700:a0::8","connIndex":0,"error":"control stream encountered a failure while serving","time":"2026-09-04T04:58:20Z","message":"Serve tunnel error"}
{"level":"info","event":0,"ip":"2606:4700:a0::8","connIndex":0,"time":"2026-09-04T04:58:20Z","message":"Retrying connection in up to 1m4s"}
{"level":"info","event":0,"ip":"2606:4700:a0::8","connIndex":0,"time":"2026-09-04T04:58:37Z","message":"Tunnel connection curve preferences: [X25519MLKEM768 CurveID(65074) CurveP256]"}
{"level":"error","event":0,"ip":"2606:4700:a0::8","connIndex":0,"error":"context canceled","time":"2026-09-04T04:58:37Z","message":"failed to run the datagram handler"}
{"level":"error","event":0,"ip":"2606:4700:a0::8","connIndex":0,"error":"control stream encountered a failure while serving","time":"2026-09-04T04:58:37Z","message":"failed to serve tunnel connection"}
{"level":"error","event":0,"ip":"2606:4700:a0::8","connIndex":0,"error":"control stream encountered a failure while serving","time":"2026-09-04T04:58:37Z","message":"Serve tunnel error"}
{"level":"info","event":0,"ip":"2606:4700:a0::8","connIndex":0,"time":"2026-09-04T04:58:37Z","message":"Retrying connection in up to 1m4s"}
{"level":"info","event":0,"ip":"2606:4700:a0::8","connIndex":0,"time":"2026-09-04T04:59:01Z","message":"Tunnel connection curve preferences: [X25519MLKEM768 CurveID(65074) CurveP256]"}
{"level":"error","event":0,"ip":"2606:4700:a0::8","connIndex":0,"error":"context canceled","time":"2026-09-04T04:59:01Z","message":"failed to run the datagram handler"}
{"level":"error","event":0,"ip":"2606:4700:a0::8","connIndex":0,"error":"control stream encountered a failure while serving","time":"2026-09-04T04:59:01Z","message":"failed to serve tunnel connection"}
{"level":"error","event":0,"ip":"2606:4700:a0::8","connIndex":0,"error":"control stream encountered a failure while serving","time":"2026-09-04T04:59:01Z","message":"Serve tunnel error"}
{"level":"info","event":0,"ip":"2606:4700:a0::8","connIndex":0,"time":"2026-09-04T04:59:01Z","message":"Retrying connection in up to 1m4s"}
{"level":"info","event":0,"ip":"2606:4700:a0::8","connIndex":0,"time":"2026-09-04T04:59:16Z","message":"Tunnel connection curve preferences: [X25519MLKEM768 CurveID(65074) CurveP256]"}
{"level":"error","event":0,"ip":"2606:4700:a0::8","connIndex":0,"error":"context canceled","time":"2026-09-04T04:59:16Z","message":"failed to run the datagram handler"}
{"level":"error","event":0,"ip":"2606:4700:a0::8","connIndex":0,"error":"control stream encountered a failure while serving","time":"2026-09-04T04:59:16Z","message":"failed to serve tunnel connection"}
{"level":"error","event":0,"ip":"2606:4700:a0::8","connIndex":0,"error":"control stream encountered a failure while serving","time":"2026-09-04T04:59:16Z","message":"Serve tunnel error"}
{"level":"info","event":0,"ip":"2606:4700:a0::8","connIndex":0,"time":"2026-09-04T04:59:16Z","message":"Retrying connection in up to 1m4s"}
{"level":"info","event":0,"ip":"2606:4700:a0::8","connIndex":0,"time":"2026-09-04T04:59:28Z","message":"Tunnel connection curve preferences: [X25519MLKEM768 CurveID(65074) CurveP256]"}
{"level":"error","event":0,"ip":"2606:4700:a0::8","connIndex":0,"error":"context canceled","time":"2026-09-04T04:59:28Z","message":"failed to run the datagram handler"}
{"level":"error","event":0,"ip":"2606:4700:a0::8","connIndex":0,"error":"control stream encountered a failure while serving","time":"2026-09-04T04:59:28Z","message":"failed to serve tunnel connection"}
{"level":"error","event":0,"ip":"2606:4700:a0::8","connIndex":0,"error":"control stream encountered a failure while serving","time":"2026-09-04T04:59:28Z","message":"Serve tunnel error"}
{"level":"info","event":0,"ip":"2606:4700:a0::8","connIndex":0,"time":"2026-09-04T04:59:28Z","message":"Retrying connection in up to 1m4s"}
{"level":"info","event":0,"ip":"2606:4700:a0::8","connIndex":0,"time":"2026-09-04T04:59:40Z","message":"Tunnel connection curve preferences: [X25519MLKEM768 CurveID(65074) CurveP256]"}
{"level":"error","event":0,"ip":"2606:4700:a0::8","connIndex":0,"error":"context canceled","time":"2026-09-04T04:59:40Z","message":"failed to run the datagram handler"}
{"level":"error","event":0,"ip":"2606:4700:a0::8","connIndex":0,"error":"control stream encountered a failure while serving","time":"2026-09-04T04:59:40Z","message":"failed to serve tunnel connection"}
{"level":"error","event":0,"ip":"2606:4700:a0::8","connIndex":0,"error":"control stream encountered a failure while serving","time":"2026-09-04T04:59:40Z","message":"Serve tunnel error"}
{"level":"info","event":0,"ip":"2606:4700:a0::8","connIndex":0,"time":"2026-09-04T04:59:40Z","message":"Retrying connection in up to 1m4s"}
{"level":"info","event":0,"ip":"2606:4700:a0::8","connIndex":0,"time":"2026-09-04T04:59:56Z","message":"Tunnel connection curve preferences: [X25519MLKEM768 CurveID(65074) CurveP256]"}
{"level":"error","event":0,"ip":"2606:4700:a0::8","connIndex":0,"error":"context canceled","time":"2026-09-04T04:59:56Z","message":"failed to run the datagram handler"}
{"level":"error","event":0,"ip":"2606:4700:a0::8","connIndex":0,"error":"control stream encountered a failure while serving","time":"2026-09-04T04:59:56Z","message":"failed to serve tunnel connection"}
{"level":"error","event":0,"ip":"2606:4700:a0::8","connIndex":0,"error":"control stream encountered a failure while serving","time":"2026-09-04T04:59:56Z","message":"Serve tunnel error"}
{"level":"info","event":0,"ip":"2606:4700:a0::8","connIndex":0,"time":"2026-09-04T04:59:56Z","message":"Retrying connection in up to 1m4s"}
{"level":"info","event":0,"ip":"2606:4700:a0::8","connIndex":0,"time":"2026-09-04T05:00:02Z","message":"Tunnel connection curve preferences: [X25519MLKEM768 CurveID(65074) CurveP256]"}
{"level":"error","event":0,"ip":"2606:4700:a0::8","connIndex":0,"error":"context canceled","time":"2026-09-04T05:00:02Z","message":"failed to run the datagram handler"}
{"level":"error","event":0,"ip":"2606:4700:a0::8","connIndex":0,"error":"control stream encountered a failure while serving","time":"2026-09-04T05:00:02Z","message":"failed to serve tunnel connection"}
{"level":"error","event":0,"ip":"2606:4700:a0::8","connIndex":0,"error":"control stream encountered a failure while serving","time":"2026-09-04T05:00:02Z","message":"Serve tunnel error"}
{"level":"info","event":0,"ip":"2606:4700:a0::8","connIndex":0,"time":"2026-09-04T05:00:02Z","message":"Retrying connection in up to 1m4s"}
{"level":"info","event":0,"ip":"2606:4700:a0::8","connIndex":0,"time":"2026-09-04T05:00:10Z","message":"Tunnel connection curve preferences: [X25519MLKEM768 CurveID(65074) CurveP256]"}
{"level":"error","event":0,"ip":"2606:4700:a0::8","connIndex":0,"error":"context canceled","time":"2026-09-04T05:00:10Z","message":"failed to run the datagram handler"}
{"level":"error","event":0,"ip":"2606:4700:a0::8","connIndex":0,"error":"control stream encountered a failure while serving","time":"2026-09-04T05:00:10Z","message":"failed to serve tunnel connection"}
{"level":"error","event":0,"ip":"2606:4700:a0::8","connIndex":0,"error":"control stream encountered a failure while serving","time":"2026-09-04T05:00:10Z","message":"Serve tunnel error"}
{"level":"info","event":0,"ip":"2606:4700:a0::8","connIndex":0,"time":"2026-09-04T05:00:10Z","message":"Retrying connection in up to 1m4s"}
{"level":"info","event":0,"ip":"2606:4700:a0::8","connIndex":0,"time":"2026-09-04T05:00:24Z","message":"Tunnel connection curve preferences: [X25519MLKEM768 CurveID(65074) CurveP256]"}
{"level":"error","event":0,"ip":"2606:4700:a0::8","connIndex":0,"error":"context canceled","time":"2026-09-04T05:00:24Z","message":"failed to run the datagram handler"}
{"level":"error","event":0,"ip":"2606:4700:a0::8","connIndex":0,"error":"control stream encountered a failure while serving","time":"2026-09-04T05:00:24Z","message":"failed to serve tunnel connection"}
{"level":"error","event":0,"ip":"2606:4700:a0::8","connIndex":0,"error":"control stream encountered a failure while serving","time":"2026-09-04T05:00:24Z","message":"Serve tunnel error"}
{"level":"info","event":0,"ip":"2606:4700:a0::8","connIndex":0,"time":"2026-09-04T05:00:24Z","message":"Retrying connection in up to 1m4s"}
{"level":"info","event":0,"ip":"2606:4700:a0::8","connIndex":0,"time":"2026-09-04T05:00:41Z","message":"Tunnel connection curve preferences: [X25519MLKEM768 CurveID(65074) CurveP256]"}
{"level":"error","event":0,"ip":"2606:4700:a0::8","connIndex":0,"error":"context canceled","time":"2026-09-04T05:00:41Z","message":"failed to run the datagram handler"}
{"level":"error","event":0,"ip":"2606:4700:a0::8","connIndex":0,"error":"control stream encountered a failure while serving","time":"2026-09-04T05:00:41Z","message":"failed to serve tunnel connection"}
{"level":"error","event":0,"ip":"2606:4700:a0::8","connIndex":0,"error":"control stream encountered a failure while serving","time":"2026-09-04T05:00:41Z","message":"Serve tunnel error"}
{"level":"info","event":0,"ip":"2606:4700:a0::8","connIndex":0,"time":"2026-09-04T05:00:41Z","message":"Retrying connection in up to 1m4s"}
{"level":"info","event":0,"ip":"2606:4700:a0::8","connIndex":0,"time":"2026-09-04T05:00:55Z","message":"Tunnel connection curve preferences: [X25519MLKEM768 CurveID(65074) CurveP256]"}
{"level":"error","event":0,"ip":"2606:4700:a0::8","connIndex":0,"error":"context canceled","time":"2026-09-04T05:00:55Z","message":"failed to run the datagram handler"}
{"level":"error","event":0,"ip":"2606:4700:a0::8","connIndex":0,"error":"control stream encountered a failure while serving","time":"2026-09-04T05:00:55Z","message":"failed to serve tunnel connection"}
{"level":"error","event":0,"ip":"2606:4700:a0::8","connIndex":0,"error":"control stream encountered a failure while serving","time":"2026-09-04T05:00:55Z","message":"Serve tunnel error"}
{"level":"info","event":0,"ip":"2606:4700:a0::8","connIndex":0,"time":"2026-09-04T05:00:55Z","message":"Retrying connection in up to 1m4s"}
{"level":"info","event":0,"ip":"2606:4700:a0::8","connIndex":0,"time":"2026-09-04T05:01:03Z","message":"Tunnel connection curve preferences: [X25519MLKEM768 CurveID(65074) CurveP256]"}
{"level":"error","event":0,"ip":"2606:4700:a0::8","connIndex":0,"error":"context canceled","time":"2026-09-04T05:01:03Z","message":"failed to run the datagram handler"}
{"level":"error","event":0,"ip":"2606:4700:a0::8","connIndex":0,"error":"control stream encountered a failure while serving","time":"2026-09-04T05:01:03Z","message":"failed to serve tunnel connection"}
{"level":"error","event":0,"ip":"2606:4700:a0::8","connIndex":0,"error":"control stream encountered a failure while serving","time":"2026-09-04T05:01:03Z","message":"Serve tunnel error"}
{"level":"info","event":0,"ip":"2606:4700:a0::8","connIndex":0,"time":"2026-09-04T05:01:03Z","message":"Retrying connection in up to 1m4s"}
{"level":"info","event":0,"ip":"2606:4700:a0::8","connIndex":0,"time":"2026-09-04T05:01:16Z","message":"Tunnel connection curve preferences: [X25519MLKEM768 CurveID(65074) CurveP256]"}
{"level":"error","event":0,"ip":"2606:4700:a0::8","connIndex":0,"error":"context canceled","time":"2026-09-04T05:01:16Z","message":"failed to run the datagram handler"}
{"level":"error","event":0,"ip":"2606:4700:a0::8","connIndex":0,"error":"control stream encountered a failure while serving","time":"2026-09-04T05:01:16Z","message":"failed to serve tunnel connection"}
{"level":"error","event":0,"ip":"2606:4700:a0::8","connIndex":0,"error":"control stream encountered a failure while serving","time":"2026-09-04T05:01:16Z","message":"Serve tunnel error"}
{"level":"info","event":0,"ip":"2606:4700:a0::8","connIndex":0,"time":"2026-09-04T05:01:16Z","message":"Retrying connection in up to 1m4s"}
{"level":"info","event":0,"ip":"2606:4700:a0::8","connIndex":0,"time":"2026-09-04T05:01:19Z","message":"Tunnel connection curve preferences: [X25519MLKEM768 CurveID(65074) CurveP256]"}
{"level":"error","event":0,"ip":"2606:4700:a0::8","connIndex":0,"error":"context canceled","time":"2026-09-04T05:01:19Z","message":"failed to run the datagram handler"}
{"level":"error","event":0,"ip":"2606:4700:a0::8","connIndex":0,"error":"control stream encountered a failure while serving","time":"2026-09-04T05:01:19Z","message":"failed to serve tunnel connection"}
{"level":"error","event":0,"ip":"2606:4700:a0::8","connIndex":0,"error":"control stream encountered a failure while serving","time":"2026-09-04T05:01:19Z","message":"Serve tunnel error"}
{"level":"info","event":0,"ip":"2606:4700:a0::8","connIndex":0,"time":"2026-09-04T05:01:19Z","message":"Retrying connection in up to 1m4s"}
{"level":"info","event":0,"ip":"2606:4700:a0::8","connIndex":0,"time":"2026-09-04T05:01:25Z","message":"Tunnel connection curve preferences: [X25519MLKEM768 CurveID(65074) CurveP256]"}
{"level":"error","event":0,"ip":"2606:4700:a0::8","connIndex":0,"error":"context canceled","time":"2026-09-04T05:01:25Z","message":"failed to run the datagram handler"}
{"level":"error","event":0,"ip":"2606:4700:a0::8","connIndex":0,"error":"control stream encountered a failure while serving","time":"2026-09-04T05:01:25Z","message":"failed to serve tunnel connection"}
{"level":"error","event":0,"ip":"2606:4700:a0::8","connIndex":0,"error":"control stream encountered a failure while serving","time":"2026-09-04T05:01:25Z","message":"Serve tunnel error"}
{"level":"info","event":0,"ip":"2606:4700:a0::8","connIndex":0,"time":"2026-09-04T05:01:25Z","message":"Retrying connection in up to 1m4s"}
{"level":"info","event":0,"ip":"2606:4700:a0::8","connIndex":0,"time":"2026-09-04T05:01:36Z","message":"Tunnel connection curve preferences: [X25519MLKEM768 CurveID(65074) CurveP256]"}
{"level":"error","event":0,"ip":"2606:4700:a0::8","connIndex":0,"error":"context canceled","time":"2026-09-04T05:01:37Z","message":"failed to run the datagram handler"}
{"level":"error","event":0,"ip":"2606:4700:a0::8","connIndex":0,"error":"control stream encountered a failure while serving","time":"2026-09-04T05:01:37Z","message":"failed to serve tunnel connection"}
{"level":"error","event":0,"ip":"2606:4700:a0::8","connIndex":0,"error":"control stream encountered a failure while serving","time":"2026-09-04T05:01:37Z","message":"Serve tunnel error"}
{"level":"info","event":0,"ip":"2606:4700:a0::8","connIndex":0,"time":"2026-09-04T05:01:37Z","message":"Retrying connection in up to 1m4s"}
{"level":"info","event":0,"ip":"2606:4700:a0::8","connIndex":0,"time":"2026-09-04T05:02:06Z","message":"Tunnel connection curve preferences: [X25519MLKEM768 CurveID(65074) CurveP256]"}
{"level":"error","event":0,"ip":"2606:4700:a0::8","connIndex":0,"error":"context canceled","time":"2026-09-04T05:02:06Z","message":"failed to run the datagram handler"}
{"level":"error","event":0,"ip":"2606:4700:a0::8","connIndex":0,"error":"control stream encountered a failure while serving","time":"2026-09-04T05:02:06Z","message":"failed to serve tunnel connection"}
{"level":"error","event":0,"ip":"2606:4700:a0::8","connIndex":0,"error":"control stream encountered a failure while serving","time":"2026-09-04T05:02:06Z","message":"Serve tunnel error"}
{"level":"info","event":0,"ip":"2606:4700:a0::8","connIndex":0,"time":"2026-09-04T05:02:06Z","message":"Retrying connection in up to 1m4s"}
{"level":"info","event":0,"ip":"2606:4700:a0::8","connIndex":0,"time":"2026-09-04T05:02:34Z","message":"Tunnel connection curve preferences: [X25519MLKEM768 CurveID(65074) CurveP256]"}
{"level":"error","event":0,"ip":"2606:4700:a0::8","connIndex":0,"error":"context canceled","time":"2026-09-04T05:02:34Z","message":"failed to run the datagram handler"}
{"level":"error","event":0,"ip":"2606:4700:a0::8","connIndex":0,"error":"control stream encountered a failure while serving","time":"2026-09-04T05:02:34Z","message":"failed to serve tunnel connection"}
{"level":"error","event":0,"ip":"2606:4700:a0::8","connIndex":0,"error":"control stream encountered a failure while serving","time":"2026-09-04T05:02:34Z","message":"Serve tunnel error"}
{"level":"info","event":0,"ip":"2606:4700:a0::8","connIndex":0,"time":"2026-09-04T05:02:34Z","message":"Retrying connection in up to 1m4s"}
{"level":"info","event":0,"ip":"2606:4700:a0::8","connIndex":0,"time":"2026-09-04T05:02:53Z","message":"Tunnel connection curve preferences: [X25519MLKEM768 CurveID(65074) CurveP256]"}
{"level":"error","event":0,"ip":"2606:4700:a0::8","connIndex":0,"error":"context canceled","time":"2026-09-04T05:02:53Z","message":"failed to run the datagram handler"}
{"level":"error","event":0,"ip":"2606:4700:a0::8","connIndex":0,"error":"control stream encountered a failure while serving","time":"2026-09-04T05:02:53Z","message":"failed to serve tunnel connection"}
{"level":"error","event":0,"ip":"2606:4700:a0::8","connIndex":0,"error":"control stream encountered a failure while serving","time":"2026-09-04T05:02:53Z","message":"Serve tunnel error"}
{"level":"info","event":0,"ip":"2606:4700:a0::8","connIndex":0,"time":"2026-09-04T05:02:53Z","message":"Retrying connection in up to 1m4s"}
{"level":"info","event":0,"ip":"2606:4700:a0::8","connIndex":0,"time":"2026-09-04T05:02:53Z","message":"Tunnel connection curve preferences: [X25519MLKEM768 CurveID(65074) CurveP256]"}
{"level":"error","event":0,"ip":"2606:4700:a0::8","connIndex":0,"error":"context canceled","time":"2026-09-04T05:02:53Z","message":"failed to run the datagram handler"}
{"level":"error","event":0,"ip":"2606:4700:a0::8","connIndex":0,"error":"control stream encountered a failure while serving","time":"2026-09-04T05:02:53Z","message":"failed to serve tunnel connection"}
{"level":"error","event":0,"ip":"2606:4700:a0::8","connIndex":0,"error":"control stream encountered a failure while serving","time":"2026-09-04T05:02:53Z","message":"Serve tunnel error"}
{"level":"info","event":0,"ip":"2606:4700:a0::8","connIndex":0,"time":"2026-09-04T05:02:53Z","message":"Retrying connection in up to 1m4s"}
{"level":"info","event":0,"ip":"2606:4700:a0::8","connIndex":0,"time":"2026-09-04T05:03:05Z","message":"Tunnel connection curve preferences: [X25519MLKEM768 CurveID(65074) CurveP256]"}
{"level":"error","event":0,"ip":"2606:4700:a0::8","connIndex":0,"error":"context canceled","time":"2026-09-04T05:03:05Z","message":"failed to run the datagram handler"}
{"level":"error","event":0,"ip":"2606:4700:a0::8","connIndex":0,"error":"control stream encountered a failure while serving","time":"2026-09-04T05:03:05Z","message":"failed to serve tunnel connection"}
{"level":"error","event":0,"ip":"2606:4700:a0::8","connIndex":0,"error":"control stream encountered a failure while serving","time":"2026-09-04T05:03:05Z","message":"Serve tunnel error"}
{"level":"info","event":0,"ip":"2606:4700:a0::8","connIndex":0,"time":"2026-09-04T05:03:05Z","message":"Retrying connection in up to 1m4s"}
{"level":"info","event":0,"ip":"2606:4700:a0::8","connIndex":0,"time":"2026-09-04T05:03:29Z","message":"Tunnel connection curve preferences: [X25519MLKEM768 CurveID(65074) CurveP256]"}
{"level":"error","event":0,"ip":"2606:4700:a0::8","connIndex":0,"error":"context canceled","time":"2026-09-04T05:03:29Z","message":"failed to run the datagram handler"}
{"level":"error","event":0,"ip":"2606:4700:a0::8","connIndex":0,"error":"control stream encountered a failure while serving","time":"2026-09-04T05:03:29Z","message":"failed to serve tunnel connection"}
{"level":"error","event":0,"ip":"2606:4700:a0::8","connIndex":0,"error":"control stream encountered a failure while serving","time":"2026-09-04T05:03:29Z","message":"Serve tunnel error"}
{"level":"info","event":0,"ip":"2606:4700:a0::8","connIndex":0,"time":"2026-09-04T05:03:29Z","message":"Retrying connection in up to 1m4s"}
{"level":"info","event":0,"ip":"2606:4700:a0::8","connIndex":0,"time":"2026-09-04T05:03:48Z","message":"Tunnel connection curve preferences: [X25519MLKEM768 CurveID(65074) CurveP256]"}
{"level":"error","event":0,"ip":"2606:4700:a0::8","connIndex":0,"error":"context canceled","time":"2026-09-04T05:03:48Z","message":"failed to run the datagram handler"}
{"level":"error","event":0,"ip":"2606:4700:a0::8","connIndex":0,"error":"control stream encountered a failure while serving","time":"2026-09-04T05:03:48Z","message":"failed to serve tunnel connection"}
{"level":"error","event":0,"ip":"2606:4700:a0::8","connIndex":0,"error":"control stream encountered a failure while serving","time":"2026-09-04T05:03:48Z","message":"Serve tunnel error"}
{"level":"info","event":0,"ip":"2606:4700:a0::8","connIndex":0,"time":"2026-09-04T05:03:48Z","message":"Retrying connection in up to 1m4s"}
{"level":"info","event":0,"ip":"2606:4700:a0::8","connIndex":0,"time":"2026-09-04T05:04:04Z","message":"Tunnel connection curve preferences: [X25519MLKEM768 CurveID(65074) CurveP256]"}
{"level":"error","event":0,"ip":"2606:4700:a0::8","connIndex":0,"error":"context canceled","time":"2026-09-04T05:04:04Z","message":"failed to run the datagram handler"}
{"level":"error","event":0,"ip":"2606:4700:a0::8","connIndex":0,"error":"control stream encountered a failure while serving","time":"2026-09-04T05:04:04Z","message":"failed to serve tunnel connection"}
{"level":"error","event":0,"ip":"2606:4700:a0::8","connIndex":0,"error":"control stream encountered a failure while serving","time":"2026-09-04T05:04:04Z","message":"Serve tunnel error"}
{"level":"info","event":0,"ip":"2606:4700:a0::8","connIndex":0,"time":"2026-09-04T05:04:04Z","message":"Retrying connection in up to 1m4s"}
{"level":"info","event":0,"ip":"2606:4700:a0::8","connIndex":0,"time":"2026-09-04T05:04:33Z","message":"Tunnel connection curve preferences: [X25519MLKEM768 CurveID(65074) CurveP256]"}
{"level":"error","event":0,"ip":"2606:4700:a0::8","connIndex":0,"error":"context canceled","time":"2026-09-04T05:04:33Z","message":"failed to run the datagram handler"}
{"level":"error","event":0,"ip":"2606:4700:a0::8","connIndex":0,"error":"control stream encountered a failure while serving","time":"2026-09-04T05:04:33Z","message":"failed to serve tunnel connection"}
{"level":"error","event":0,"ip":"2606:4700:a0::8","connIndex":0,"error":"control stream encountered a failure while serving","time":"2026-09-04T05:04:33Z","message":"Serve tunnel error"}
{"level":"info","event":0,"ip":"2606:4700:a0::8","connIndex":0,"time":"2026-09-04T05:04:33Z","message":"Retrying connection in up to 1m4s"}
{"level":"info","event":0,"ip":"2606:4700:a0::8","connIndex":0,"time":"2026-09-04T05:04:41Z","message":"Tunnel connection curve preferences: [X25519MLKEM768 CurveID(65074) CurveP256]"}
{"level":"error","event":0,"ip":"2606:4700:a0::8","connIndex":0,"error":"context canceled","time":"2026-09-04T05:04:41Z","message":"failed to run the datagram handler"}
{"level":"error","event":0,"ip":"2606:4700:a0::8","connIndex":0,"error":"control stream encountered a failure while serving","time":"2026-09-04T05:04:41Z","message":"failed to serve tunnel connection"}
{"level":"error","event":0,"ip":"2606:4700:a0::8","connIndex":0,"error":"control stream encountered a failure while serving","time":"2026-09-04T05:04:41Z","message":"Serve tunnel error"}
{"level":"info","event":0,"ip":"2606:4700:a0::8","connIndex":0,"time":"2026-09-04T05:04:41Z","message":"Retrying connection in up to 1m4s"}
{"level":"info","event":0,"ip":"2606:4700:a0::8","connIndex":0,"time":"2026-09-04T05:05:10Z","message":"Tunnel connection curve preferences: [X25519MLKEM768 CurveID(65074) CurveP256]"}
{"level":"error","event":0,"ip":"2606:4700:a0::8","connIndex":0,"error":"context canceled","time":"2026-09-04T05:05:10Z","message":"failed to run the datagram handler"}
{"level":"error","event":0,"ip":"2606:4700:a0::8","connIndex":0,"error":"control stream encountered a failure while serving","time":"2026-09-04T05:05:10Z","message":"failed to serve tunnel connection"}
{"level":"error","event":0,"ip":"2606:4700:a0::8","connIndex":0,"error":"control stream encountered a failure while serving","time":"2026-09-04T05:05:10Z","message":"Serve tunnel error"}
{"level":"info","event":0,"ip":"2606:4700:a0::8","connIndex":0,"time":"2026-09-04T05:05:10Z","message":"Retrying connection in up to 1m4s"}
{"level":"info","event":0,"ip":"2606:4700:a0::8","connIndex":0,"time":"2026-09-04T05:05:33Z","message":"Tunnel connection curve preferences: [X25519MLKEM768 CurveID(65074) CurveP256]"}
{"level":"error","event":0,"ip":"2606:4700:a0::8","connIndex":0,"error":"context canceled","time":"2026-09-04T05:05:33Z","message":"failed to run the datagram handler"}
{"level":"error","event":0,"ip":"2606:4700:a0::8","connIndex":0,"error":"control stream encountered a failure while serving","time":"2026-09-04T05:05:33Z","message":"failed to serve tunnel connection"}
{"level":"error","event":0,"ip":"2606:4700:a0::8","connIndex":0,"error":"control stream encountered a failure while serving","time":"2026-09-04T05:05:33Z","message":"Serve tunnel error"}
{"level":"info","event":0,"ip":"2606:4700:a0::8","connIndex":0,"time":"2026-09-04T05:05:33Z","message":"Retrying connection in up to 1m4s"}
{"level":"info","event":0,"ip":"2606:4700:a0::8","connIndex":0,"time":"2026-09-04T05:05:33Z","message":"Tunnel connection curve preferences: [X25519MLKEM768 CurveID(65074) CurveP256]"}
{"level":"error","event":0,"ip":"2606:4700:a0::8","connIndex":0,"error":"context canceled","time":"2026-09-04T05:05:33Z","message":"failed to run the datagram handler"}
{"level":"error","event":0,"ip":"2606:4700:a0::8","connIndex":0,"error":"control stream encountered a failure while serving","time":"2026-09-04T05:05:33Z","message":"failed to serve tunnel connection"}
{"level":"error","event":0,"ip":"2606:4700:a0::8","connIndex":0,"error":"control stream encountered a failure while serving","time":"2026-09-04T05:05:33Z","message":"Serve tunnel error"}
{"level":"info","event":0,"ip":"2606:4700:a0::8","connIndex":0,"time":"2026-09-04T05:05:33Z","message":"Retrying connection in up to 1m4s"}
{"level":"info","event":0,"ip":"2606:4700:a0::8","connIndex":0,"time":"2026-09-04T05:05:55Z","message":"Tunnel connection curve preferences: [X25519MLKEM768 CurveID(65074) CurveP256]"}
{"level":"error","event":0,"ip":"2606:4700:a0::8","connIndex":0,"error":"context canceled","time":"2026-09-04T05:05:55Z","message":"failed to run the datagram handler"}
{"level":"error","event":0,"ip":"2606:4700:a0::8","connIndex":0,"error":"control stream encountered a failure while serving","time":"2026-09-04T05:05:55Z","message":"failed to serve tunnel connection"}
{"level":"error","event":0,"ip":"2606:4700:a0::8","connIndex":0,"error":"control stream encountered a failure while serving","time":"2026-09-04T05:05:55Z","message":"Serve tunnel error"}
{"level":"info","event":0,"ip":"2606:4700:a0::8","connIndex":0,"time":"2026-09-04T05:05:55Z","message":"Retrying connection in up to 1m4s"}
{"level":"info","event":0,"ip":"2606:4700:a0::8","connIndex":0,"time":"2026-09-04T05:06:07Z","message":"Tunnel connection curve preferences: [X25519MLKEM768 CurveID(65074) CurveP256]"}
{"level":"error","event":0,"ip":"2606:4700:a0::8","connIndex":0,"error":"context canceled","time":"2026-09-04T05:06:07Z","message":"failed to run the datagram handler"}
{"level":"error","event":0,"ip":"2606:4700:a0::8","connIndex":0,"error":"control stream encountered a failure while serving","time":"2026-09-04T05:06:07Z","message":"failed to serve tunnel connection"}
{"level":"error","event":0,"ip":"2606:4700:a0::8","connIndex":0,"error":"control stream encountered a failure while serving","time":"2026-09-04T05:06:07Z","message":"Serve tunnel error"}
{"level":"info","event":0,"ip":"2606:4700:a0::8","connIndex":0,"time":"2026-09-04T05:06:07Z","message":"Retrying connection in up to 1m4s"}
{"level":"info","event":0,"ip":"2606:4700:a0::8","connIndex":0,"time":"2026-09-04T05:06:09Z","message":"Tunnel connection curve preferences: [X25519MLKEM768 CurveID(65074) CurveP256]"}
{"level":"error","event":0,"ip":"2606:4700:a0::8","connIndex":0,"error":"context canceled","time":"2026-09-04T05:06:10Z","message":"failed to run the datagram handler"}
{"level":"error","event":0,"ip":"2606:4700:a0::8","connIndex":0,"error":"control stream encountered a failure while serving","time":"2026-09-04T05:06:10Z","message":"failed to serve tunnel connection"}
{"level":"error","event":0,"ip":"2606:4700:a0::8","connIndex":0,"error":"control stream encountered a failure while serving","time":"2026-09-04T05:06:10Z","message":"Serve tunnel error"}
{"level":"info","event":0,"ip":"2606:4700:a0::8","connIndex":0,"time":"2026-09-04T05:06:10Z","message":"Retrying connection in up to 1m4s"}
{"level":"info","event":0,"ip":"2606:4700:a0::8","connIndex":0,"time":"2026-09-04T05:06:12Z","message":"Tunnel connection curve preferences: [X25519MLKEM768 CurveID(65074) CurveP256]"}
{"level":"error","event":0,"ip":"2606:4700:a0::8","connIndex":0,"error":"context canceled","time":"2026-09-04T05:06:12Z","message":"failed to run the datagram handler"}
{"level":"error","event":0,"ip":"2606:4700:a0::8","connIndex":0,"error":"control stream encountered a failure while serving","time":"2026-09-04T05:06:12Z","message":"failed to serve tunnel connection"}
{"level":"error","event":0,"ip":"2606:4700:a0::8","connIndex":0,"error":"control stream encountered a failure while serving","time":"2026-09-04T05:06:12Z","message":"Serve tunnel error"}
{"level":"info","event":0,"ip":"2606:4700:a0::8","connIndex":0,"time":"2026-09-04T05:06:12Z","message":"Retrying connection in up to 1m4s"}
{"level":"info","event":0,"ip":"2606:4700:a0::8","connIndex":0,"time":"2026-09-04T05:06:31Z","message":"Tunnel connection curve preferences: [X25519MLKEM768 CurveID(65074) CurveP256]"}
{"level":"error","event":0,"ip":"2606:4700:a0::8","connIndex":0,"error":"context canceled","time":"2026-09-04T05:06:31Z","message":"failed to run the datagram handler"}
{"level":"error","event":0,"ip":"2606:4700:a0::8","connIndex":0,"error":"control stream encountered a failure while serving","time":"2026-09-04T05:06:31Z","message":"failed to serve tunnel connection"}
{"level":"error","event":0,"ip":"2606:4700:a0::8","connIndex":0,"error":"control stream encountered a failure while serving","time":"2026-09-04T05:06:31Z","message":"Serve tunnel error"}
{"level":"info","event":0,"ip":"2606:4700:a0::8","connIndex":0,"time":"2026-09-04T05:06:31Z","message":"Retrying connection in up to 1m4s"}
{"level":"info","event":0,"ip":"2606:4700:a0::8","connIndex":0,"time":"2026-09-04T05:06:53Z","message":"Tunnel connection curve preferences: [X25519MLKEM768 CurveID(65074) CurveP256]"}
{"level":"error","event":0,"ip":"2606:4700:a0::8","connIndex":0,"error":"context canceled","time":"2026-09-04T05:06:53Z","message":"failed to run the datagram handler"}
{"level":"error","event":0,"ip":"2606:4700:a0::8","connIndex":0,"error":"control stream encountered a failure while serving","time":"2026-09-04T05:06:53Z","message":"failed to serve tunnel connection"}
{"level":"error","event":0,"ip":"2606:4700:a0::8","connIndex":0,"error":"control stream encountered a failure while serving","time":"2026-09-04T05:06:53Z","message":"Serve tunnel error"}
{"level":"info","event":0,"ip":"2606:4700:a0::8","connIndex":0,"time":"2026-09-04T05:06:53Z","message":"Retrying connection in up to 1m4s"}
{"level":"info","event":0,"ip":"2606:4700:a0::8","connIndex":0,"time":"2026-09-04T05:07:16Z","message":"Tunnel connection curve preferences: [X25519MLKEM768 CurveID(65074) CurveP256]"}
{"level":"error","event":0,"ip":"2606:4700:a0::8","connIndex":0,"error":"context canceled","time":"2026-09-04T05:07:16Z","message":"failed to run the datagram handler"}
{"level":"error","event":0,"ip":"2606:4700:a0::8","connIndex":0,"error":"control stream encountered a failure while serving","time":"2026-09-04T05:07:16Z","message":"failed to serve tunnel connection"}
{"level":"error","event":0,"ip":"2606:4700:a0::8","connIndex":0,"error":"control stream encountered a failure while serving","time":"2026-09-04T05:07:16Z","message":"Serve tunnel error"}
{"level":"info","event":0,"ip":"2606:4700:a0::8","connIndex":0,"time":"2026-09-04T05:07:16Z","message":"Retrying connection in up to 1m4s"}
{"level":"info","event":0,"ip":"2606:4700:a0::8","connIndex":0,"time":"2026-09-04T05:07:23Z","message":"Tunnel connection curve preferences: [X25519MLKEM768 CurveID(65074) CurveP256]"}
{"level":"error","event":0,"ip":"2606:4700:a0::8","connIndex":0,"error":"context canceled","time":"2026-09-04T05:07:24Z","message":"failed to run the datagram handler"}
{"level":"error","event":0,"ip":"2606:4700:a0::8","connIndex":0,"error":"control stream encountered a failure while serving","time":"2026-09-04T05:07:24Z","message":"failed to serve tunnel connection"}
{"level":"error","event":0,"ip":"2606:4700:a0::8","connIndex":0,"error":"control stream encountered a failure while serving","time":"2026-09-04T05:07:24Z","message":"Serve tunnel error"}
{"level":"info","event":0,"ip":"2606:4700:a0::8","connIndex":0,"time":"2026-09-04T05:07:24Z","message":"Retrying connection in up to 1m4s"}
{"level":"info","event":0,"ip":"2606:4700:a0::8","connIndex":0,"time":"2026-09-04T05:07:42Z","message":"Tunnel connection curve preferences: [X25519MLKEM768 CurveID(65074) CurveP256]"}
{"level":"error","event":0,"ip":"2606:4700:a0::8","connIndex":0,"error":"context canceled","time":"2026-09-04T05:07:42Z","message":"failed to run the datagram handler"}
{"level":"error","event":0,"ip":"2606:4700:a0::8","connIndex":0,"error":"control stream encountered a failure while serving","time":"2026-09-04T05:07:42Z","message":"failed to serve tunnel connection"}
{"level":"error","event":0,"ip":"2606:4700:a0::8","connIndex":0,"error":"control stream encountered a failure while serving","time":"2026-09-04T05:07:42Z","message":"Serve tunnel error"}
{"level":"info","event":0,"ip":"2606:4700:a0::8","connIndex":0,"time":"2026-09-04T05:07:42Z","message":"Retrying connection in up to 1m4s"}
{"level":"info","event":0,"ip":"2606:4700:a0::8","connIndex":0,"time":"2026-09-04T05:07:48Z","message":"Tunnel connection curve preferences: [X25519MLKEM768 CurveID(65074) CurveP256]"}
{"level":"error","event":0,"ip":"2606:4700:a0::8","connIndex":0,"error":"context canceled","time":"2026-09-04T05:07:48Z","message":"failed to run the datagram handler"}
{"level":"error","event":0,"ip":"2606:4700:a0::8","connIndex":0,"error":"control stream encountered a failure while serving","time":"2026-09-04T05:07:48Z","message":"failed to serve tunnel connection"}
{"level":"error","event":0,"ip":"2606:4700:a0::8","connIndex":0,"error":"control stream encountered a failure while serving","time":"2026-09-04T05:07:48Z","message":"Serve tunnel error"}
{"level":"info","event":0,"ip":"2606:4700:a0::8","connIndex":0,"time":"2026-09-04T05:07:48Z","message":"Retrying connection in up to 1m4s"}
{"level":"info","event":0,"ip":"2606:4700:a0::8","connIndex":0,"time":"2026-09-04T05:08:15Z","message":"Tunnel connection curve preferences: [X25519MLKEM768 CurveID(65074) CurveP256]"}
{"level":"error","event":0,"ip":"2606:4700:a0::8","connIndex":0,"error":"context canceled","time":"2026-09-04T05:08:15Z","message":"failed to run the datagram handler"}
{"level":"error","event":0,"ip":"2606:4700:a0::8","connIndex":0,"error":"control stream encountered a failure while serving","time":"2026-09-04T05:08:15Z","message":"failed to serve tunnel connection"}
{"level":"error","event":0,"ip":"2606:4700:a0::8","connIndex":0,"error":"control stream encountered a failure while serving","time":"2026-09-04T05:08:15Z","message":"Serve tunnel error"}
{"level":"info","event":0,"ip":"2606:4700:a0::8","connIndex":0,"time":"2026-09-04T05:08:15Z","message":"Retrying connection in up to 1m4s"}
{"level":"info","event":0,"ip":"2606:4700:a0::8","connIndex":0,"time":"2026-09-04T05:08:16Z","message":"Tunnel connection curve preferences: [X25519MLKEM768 CurveID(65074) CurveP256]"}
{"level":"error","event":0,"ip":"2606:4700:a0::8","connIndex":0,"error":"context canceled","time":"2026-09-04T05:08:16Z","message":"failed to run the datagram handler"}
{"level":"error","event":0,"ip":"2606:4700:a0::8","connIndex":0,"error":"control stream encountered a failure while serving","time":"2026-09-04T05:08:16Z","message":"failed to serve tunnel connection"}
{"level":"error","event":0,"ip":"2606:4700:a0::8","connIndex":0,"error":"control stream encountered a failure while serving","time":"2026-09-04T05:08:16Z","message":"Serve tunnel error"}
{"level":"info","event":0,"ip":"2606:4700:a0::8","connIndex":0,"time":"2026-09-04T05:08:16Z","message":"Retrying connection in up to 1m4s"}
{"level":"info","event":0,"ip":"2606:4700:a0::8","connIndex":0,"time":"2026-09-04T05:08:41Z","message":"Tunnel connection curve preferences: [X25519MLKEM768 CurveID(65074) CurveP256]"}
{"level":"error","event":0,"ip":"2606:4700:a0::8","connIndex":0,"error":"context canceled","time":"2026-09-04T05:08:41Z","message":"failed to run the datagram handler"}
{"level":"error","event":0,"ip":"2606:4700:a0::8","connIndex":0,"error":"control stream encountered a failure while serving","time":"2026-09-04T05:08:41Z","message":"failed to serve tunnel connection"}
{"level":"error","event":0,"ip":"2606:4700:a0::8","connIndex":0,"error":"control stream encountered a failure while serving","time":"2026-09-04T05:08:41Z","message":"Serve tunnel error"}
{"level":"info","event":0,"ip":"2606:4700:a0::8","connIndex":0,"time":"2026-09-04T05:08:41Z","message":"Retrying connection in up to 1m4s"}
{"level":"info","event":0,"ip":"2606:4700:a0::8","connIndex":0,"time":"2026-09-04T05:08:43Z","message":"Tunnel connection curve preferences: [X25519MLKEM768 CurveID(65074) CurveP256]"}
{"level":"error","event":0,"ip":"2606:4700:a0::8","connIndex":0,"error":"context canceled","time":"2026-09-04T05:08:43Z","message":"failed to run the datagram handler"}
{"level":"error","event":0,"ip":"2606:4700:a0::8","connIndex":0,"error":"control stream encountered a failure while serving","time":"2026-09-04T05:08:43Z","message":"failed to serve tunnel connection"}
{"level":"error","event":0,"ip":"2606:4700:a0::8","connIndex":0,"error":"control stream encountered a failure while serving","time":"2026-09-04T05:08:43Z","message":"Serve tunnel error"}
{"level":"info","event":0,"ip":"2606:4700:a0::8","connIndex":0,"time":"2026-09-04T05:08:43Z","message":"Retrying connection in up to 1m4s"}
{"level":"info","event":0,"ip":"2606:4700:a0::8","connIndex":0,"time":"2026-09-04T05:09:08Z","message":"Tunnel connection curve preferences: [X25519MLKEM768 CurveID(65074) CurveP256]"}
{"level":"error","event":0,"ip":"2606:4700:a0::8","connIndex":0,"error":"context canceled","time":"2026-09-04T05:09:08Z","message":"failed to run the datagram handler"}
{"level":"error","event":0,"ip":"2606:4700:a0::8","connIndex":0,"error":"control stream encountered a failure while serving","time":"2026-09-04T05:09:08Z","message":"failed to serve tunnel connection"}
{"level":"error","event":0,"ip":"2606:4700:a0::8","connIndex":0,"error":"control stream encountered a failure while serving","time":"2026-09-04T05:09:08Z","message":"Serve tunnel error"}
{"level":"info","event":0,"ip":"2606:4700:a0::8","connIndex":0,"time":"2026-09-04T05:09:08Z","message":"Retrying connection in up to 1m4s"}
{"level":"info","event":0,"ip":"2606:4700:a0::8","connIndex":0,"time":"2026-09-04T05:09:08Z","message":"Tunnel connection curve preferences: [X25519MLKEM768 CurveID(65074) CurveP256]"}
{"level":"error","event":0,"ip":"2606:4700:a0::8","connIndex":0,"error":"context canceled","time":"2026-09-04T05:09:08Z","message":"failed to run the datagram handler"}
{"level":"error","event":0,"ip":"2606:4700:a0::8","connIndex":0,"error":"control stream encountered a failure while serving","time":"2026-09-04T05:09:08Z","message":"failed to serve tunnel connection"}
{"level":"error","event":0,"ip":"2606:4700:a0::8","connIndex":0,"error":"control stream encountered a failure while serving","time":"2026-09-04T05:09:08Z","message":"Serve tunnel error"}
{"level":"info","event":0,"ip":"2606:4700:a0::8","connIndex":0,"time":"2026-09-04T05:09:08Z","message":"Retrying connection in up to 1m4s"}
{"level":"info","event":0,"ip":"2606:4700:a0::8","connIndex":0,"time":"2026-09-04T05:09:35Z","message":"Tunnel connection curve preferences: [X25519MLKEM768 CurveID(65074) CurveP256]"}
{"level":"error","event":0,"ip":"2606:4700:a0::8","connIndex":0,"error":"context canceled","time":"2026-09-04T05:09:35Z","message":"failed to run the datagram handler"}
{"level":"error","event":0,"ip":"2606:4700:a0::8","connIndex":0,"error":"control stream encountered a failure while serving","time":"2026-09-04T05:09:35Z","message":"failed to serve tunnel connection"}
{"level":"error","event":0,"ip":"2606:4700:a0::8","connIndex":0,"error":"control stream encountered a failure while serving","time":"2026-09-04T05:09:35Z","message":"Serve tunnel error"}
{"level":"info","event":0,"ip":"2606:4700:a0::8","connIndex":0,"time":"2026-09-04T05:09:35Z","message":"Retrying connection in up to 1m4s"}
{"level":"info","event":0,"ip":"2606:4700:a0::8","connIndex":0,"time":"2026-09-04T05:09:46Z","message":"Tunnel connection curve preferences: [X25519MLKEM768 CurveID(65074) CurveP256]"}
{"level":"error","event":0,"ip":"2606:4700:a0::8","connIndex":0,"error":"context canceled","time":"2026-09-04T05:09:46Z","message":"failed to run the datagram handler"}
{"level":"error","event":0,"ip":"2606:4700:a0::8","connIndex":0,"error":"control stream encountered a failure while serving","time":"2026-09-04T05:09:46Z","message":"failed to serve tunnel connection"}
{"level":"error","event":0,"ip":"2606:4700:a0::8","connIndex":0,"error":"control stream encountered a failure while serving","time":"2026-09-04T05:09:46Z","message":"Serve tunnel error"}
{"level":"info","event":0,"ip":"2606:4700:a0::8","connIndex":0,"time":"2026-09-04T05:09:46Z","message":"Retrying connection in up to 1m4s"}
{"level":"info","event":0,"ip":"2606:4700:a0::8","connIndex":0,"time":"2026-09-04T05:09:52Z","message":"Tunnel connection curve preferences: [X25519MLKEM768 CurveID(65074) CurveP256]"}
{"level":"error","event":0,"ip":"2606:4700:a0::8","connIndex":0,"error":"context canceled","time":"2026-09-04T05:09:52Z","message":"failed to run the datagram handler"}
{"level":"error","event":0,"ip":"2606:4700:a0::8","connIndex":0,"error":"control stream encountered a failure while serving","time":"2026-09-04T05:09:52Z","message":"failed to serve tunnel connection"}
{"level":"error","event":0,"ip":"2606:4700:a0::8","connIndex":0,"error":"control stream encountered a failure while serving","time":"2026-09-04T05:09:52Z","message":"Serve tunnel error"}
{"level":"info","event":0,"ip":"2606:4700:a0::8","connIndex":0,"time":"2026-09-04T05:09:52Z","message":"Retrying connection in up to 1m4s"}
{"level":"info","event":0,"ip":"2606:4700:a0::8","connIndex":0,"time":"2026-09-04T05:09:59Z","message":"Tunnel connection curve preferences: [X25519MLKEM768 CurveID(65074) CurveP256]"}
{"level":"error","event":0,"ip":"2606:4700:a0::8","connIndex":0,"error":"context canceled","time":"2026-09-04T05:09:59Z","message":"failed to run the datagram handler"}
{"level":"error","event":0,"ip":"2606:4700:a0::8","connIndex":0,"error":"control stream encountered a failure while serving","time":"2026-09-04T05:09:59Z","message":"failed to serve tunnel connection"}
{"level":"error","event":0,"ip":"2606:4700:a0::8","connIndex":0,"error":"control stream encountered a failure while serving","time":"2026-09-04T05:09:59Z","message":"Serve tunnel error"}
{"level":"info","event":0,"ip":"2606:4700:a0::8","connIndex":0,"time":"2026-09-04T05:09:59Z","message":"Retrying connection in up to 1m4s"}
{"level":"info","event":0,"ip":"2606:4700:a0::8","connIndex":0,"time":"2026-09-04T05:10:11Z","message":"Tunnel connection curve preferences: [X25519MLKEM768 CurveID(65074) CurveP256]"}
{"level":"error","event":0,"ip":"2606:4700:a0::8","connIndex":0,"error":"context canceled","time":"2026-09-04T05:10:11Z","message":"failed to run the datagram handler"}
{"level":"error","event":0,"ip":"2606:4700:a0::8","connIndex":0,"error":"control stream encountered a failure while serving","time":"2026-09-04T05:10:11Z","message":"failed to serve tunnel connection"}
{"level":"error","event":0,"ip":"2606:4700:a0::8","connIndex":0,"error":"control stream encountered a failure while serving","time":"2026-09-04T05:10:11Z","message":"Serve tunnel error"}
{"level":"info","event":0,"ip":"2606:4700:a0::8","connIndex":0,"time":"2026-09-04T05:10:11Z","message":"Retrying connection in up to 1m4s"}
{"level":"info","event":0,"ip":"2606:4700:a0::8","connIndex":0,"time":"2026-09-04T05:10:12Z","message":"Tunnel connection curve preferences: [X25519MLKEM768 CurveID(65074) CurveP256]"}
{"level":"error","event":0,"ip":"2606:4700:a0::8","connIndex":0,"error":"context canceled","time":"2026-09-04T05:10:12Z","message":"failed to run the datagram handler"}
{"level":"error","event":0,"ip":"2606:4700:a0::8","connIndex":0,"error":"control stream encountered a failure while serving","time":"2026-09-04T05:10:12Z","message":"failed to serve tunnel connection"}
{"level":"error","event":0,"ip":"2606:4700:a0::8","connIndex":0,"error":"control stream encountered a failure while serving","time":"2026-09-04T05:10:12Z","message":"Serve tunnel error"}
{"level":"info","event":0,"ip":"2606:4700:a0::8","connIndex":0,"time":"2026-09-04T05:10:12Z","message":"Retrying connection in up to 1m4s"}
{"level":"info","event":0,"ip":"2606:4700:a0::8","connIndex":0,"time":"2026-09-04T05:10:30Z","message":"Tunnel connection curve preferences: [X25519MLKEM768 CurveID(65074) CurveP256]"}
{"level":"error","event":0,"ip":"2606:4700:a0::8","connIndex":0,"error":"context canceled","time":"2026-09-04T05:10:30Z","message":"failed to run the datagram handler"}
{"level":"error","event":0,"ip":"2606:4700:a0::8","connIndex":0,"error":"control stream encountered a failure while serving","time":"2026-09-04T05:10:30Z","message":"failed to serve tunnel connection"}
{"level":"error","event":0,"ip":"2606:4700:a0::8","connIndex":0,"error":"control stream encountered a failure while serving","time":"2026-09-04T05:10:30Z","message":"Serve tunnel error"}
{"level":"info","event":0,"ip":"2606:4700:a0::8","connIndex":0,"time":"2026-09-04T05:10:30Z","message":"Retrying connection in up to 1m4s"}
{"level":"info","event":0,"ip":"2606:4700:a0::8","connIndex":0,"time":"2026-09-04T05:10:39Z","message":"Tunnel connection curve preferences: [X25519MLKEM768 CurveID(65074) CurveP256]"}
{"level":"error","event":0,"ip":"2606:4700:a0::8","connIndex":0,"error":"context canceled","time":"2026-09-04T05:10:39Z","message":"failed to run the datagram handler"}
{"level":"error","event":0,"ip":"2606:4700:a0::8","connIndex":0,"error":"control stream encountered a failure while serving","time":"2026-09-04T05:10:39Z","message":"failed to serve tunnel connection"}
{"level":"error","event":0,"ip":"2606:4700:a0::8","connIndex":0,"error":"control stream encountered a failure while serving","time":"2026-09-04T05:10:39Z","message":"Serve tunnel error"}
{"level":"info","event":0,"ip":"2606:4700:a0::8","connIndex":0,"time":"2026-09-04T05:10:39Z","message":"Retrying connection in up to 1m4s"}
{"level":"info","event":0,"ip":"2606:4700:a0::8","connIndex":0,"time":"2026-09-04T05:10:46Z","message":"Tunnel connection curve preferences: [X25519MLKEM768 CurveID(65074) CurveP256]"}
{"level":"error","event":0,"ip":"2606:4700:a0::8","connIndex":0,"error":"context canceled","time":"2026-09-04T05:10:47Z","message":"failed to run the datagram handler"}
{"level":"error","event":0,"ip":"2606:4700:a0::8","connIndex":0,"error":"control stream encountered a failure while serving","time":"2026-09-04T05:10:47Z","message":"failed to serve tunnel connection"}
{"level":"error","event":0,"ip":"2606:4700:a0::8","connIndex":0,"error":"control stream encountered a failure while serving","time":"2026-09-04T05:10:47Z","message":"Serve tunnel error"}
{"level":"info","event":0,"ip":"2606:4700:a0::8","connIndex":0,"time":"2026-09-04T05:10:47Z","message":"Retrying connection in up to 1m4s"}
{"level":"info","event":0,"ip":"2606:4700:a0::8","connIndex":0,"time":"2026-09-04T05:11:13Z","message":"Tunnel connection curve preferences: [X25519MLKEM768 CurveID(65074) CurveP256]"}
{"level":"error","event":0,"ip":"2606:4700:a0::8","connIndex":0,"error":"context canceled","time":"2026-09-04T05:11:13Z","message":"failed to run the datagram handler"}
{"level":"error","event":0,"ip":"2606:4700:a0::8","connIndex":0,"error":"control stream encountered a failure while serving","time":"2026-09-04T05:11:13Z","message":"failed to serve tunnel connection"}
{"level":"error","event":0,"ip":"2606:4700:a0::8","connIndex":0,"error":"control stream encountered a failure while serving","time":"2026-09-04T05:11:13Z","message":"Serve tunnel error"}
{"level":"info","event":0,"ip":"2606:4700:a0::8","connIndex":0,"time":"2026-09-04T05:11:13Z","message":"Retrying connection in up to 1m4s"}
{"level":"info","event":0,"ip":"2606:4700:a0::8","connIndex":0,"time":"2026-09-04T05:11:20Z","message":"Tunnel connection curve preferences: [X25519MLKEM768 CurveID(65074) CurveP256]"}
{"level":"error","event":0,"ip":"2606:4700:a0::8","connIndex":0,"error":"context canceled","time":"2026-09-04T05:11:20Z","message":"failed to run the datagram handler"}
{"level":"error","event":0,"ip":"2606:4700:a0::8","connIndex":0,"error":"control stream encountered a failure while serving","time":"2026-09-04T05:11:20Z","message":"failed to serve tunnel connection"}
{"level":"error","event":0,"ip":"2606:4700:a0::8","connIndex":0,"error":"control stream encountered a failure while serving","time":"2026-09-04T05:11:20Z","message":"Serve tunnel error"}
{"level":"info","event":0,"ip":"2606:4700:a0::8","connIndex":0,"time":"2026-09-04T05:11:20Z","message":"Retrying connection in up to 1m4s"}
{"level":"info","event":0,"ip":"2606:4700:a0::8","connIndex":0,"time":"2026-09-04T05:11:40Z","message":"Tunnel connection curve preferences: [X25519MLKEM768 CurveID(65074) CurveP256]"}
{"level":"error","event":0,"ip":"2606:4700:a0::8","connIndex":0,"error":"context canceled","time":"2026-09-04T05:11:40Z","message":"failed to run the datagram handler"}
{"level":"error","event":0,"ip":"2606:4700:a0::8","connIndex":0,"error":"control stream encountered a failure while serving","time":"2026-09-04T05:11:40Z","message":"failed to serve tunnel connection"}
{"level":"error","event":0,"ip":"2606:4700:a0::8","connIndex":0,"error":"control stream encountered a failure while serving","time":"2026-09-04T05:11:40Z","message":"Serve tunnel error"}
{"level":"info","event":0,"ip":"2606:4700:a0::8","connIndex":0,"time":"2026-09-04T05:11:40Z","message":"Retrying connection in up to 1m4s"}
{"level":"info","event":0,"ip":"2606:4700:a0::8","connIndex":0,"time":"2026-09-04T05:11:48Z","message":"Tunnel connection curve preferences: [X25519MLKEM768 CurveID(65074) CurveP256]"}
{"level":"error","event":0,"ip":"2606:4700:a0::8","connIndex":0,"error":"context canceled","time":"2026-09-04T05:11:48Z","message":"failed to run the datagram handler"}
{"level":"error","event":0,"ip":"2606:4700:a0::8","connIndex":0,"error":"control stream encountered a failure while serving","time":"2026-09-04T05:11:48Z","message":"failed to serve tunnel connection"}
{"level":"error","event":0,"ip":"2606:4700:a0::8","connIndex":0,"error":"control stream encountered a failure while serving","time":"2026-09-04T05:11:48Z","message":"Serve tunnel error"}
{"level":"info","event":0,"ip":"2606:4700:a0::8","connIndex":0,"time":"2026-09-04T05:11:48Z","message":"Retrying connection in up to 1m4s"}
{"level":"info","event":0,"ip":"2606:4700:a0::8","connIndex":0,"time":"2026-09-04T05:12:11Z","message":"Tunnel connection curve preferences: [X25519MLKEM768 CurveID(65074) CurveP256]"}
{"level":"error","event":0,"ip":"2606:4700:a0::8","connIndex":0,"error":"context canceled","time":"2026-09-04T05:12:11Z","message":"failed to run the datagram handler"}
{"level":"error","event":0,"ip":"2606:4700:a0::8","connIndex":0,"error":"control stream encountered a failure while serving","time":"2026-09-04T05:12:11Z","message":"failed to serve tunnel connection"}
{"level":"error","event":0,"ip":"2606:4700:a0::8","connIndex":0,"error":"control stream encountered a failure while serving","time":"2026-09-04T05:12:11Z","message":"Serve tunnel error"}
{"level":"info","event":0,"ip":"2606:4700:a0::8","connIndex":0,"time":"2026-09-04T05:12:11Z","message":"Retrying connection in up to 1m4s"}
{"level":"info","event":0,"ip":"2606:4700:a0::8","connIndex":0,"time":"2026-09-04T05:12:39Z","message":"Tunnel connection curve preferences: [X25519MLKEM768 CurveID(65074) CurveP256]"}
{"level":"error","event":0,"ip":"2606:4700:a0::8","connIndex":0,"error":"context canceled","time":"2026-09-04T05:12:39Z","message":"failed to run the datagram handler"}
{"level":"error","event":0,"ip":"2606:4700:a0::8","connIndex":0,"error":"control stream encountered a failure while serving","time":"2026-09-04T05:12:39Z","message":"failed to serve tunnel connection"}
{"level":"error","event":0,"ip":"2606:4700:a0::8","connIndex":0,"error":"control stream encountered a failure while serving","time":"2026-09-04T05:12:39Z","message":"Serve tunnel error"}
{"level":"info","event":0,"ip":"2606:4700:a0::8","connIndex":0,"time":"2026-09-04T05:12:39Z","message":"Retrying connection in up to 1m4s"}
{"level":"info","event":0,"ip":"2606:4700:a0::8","connIndex":0,"time":"2026-09-04T05:12:57Z","message":"Tunnel connection curve preferences: [X25519MLKEM768 CurveID(65074) CurveP256]"}
{"level":"error","event":0,"ip":"2606:4700:a0::8","connIndex":0,"error":"context canceled","time":"2026-09-04T05:12:58Z","message":"failed to run the datagram handler"}
{"level":"error","event":0,"ip":"2606:4700:a0::8","connIndex":0,"error":"control stream encountered a failure while serving","time":"2026-09-04T05:12:58Z","message":"failed to serve tunnel connection"}
{"level":"error","event":0,"ip":"2606:4700:a0::8","connIndex":0,"error":"control stream encountered a failure while serving","time":"2026-09-04T05:12:58Z","message":"Serve tunnel error"}
{"level":"info","event":0,"ip":"2606:4700:a0::8","connIndex":0,"time":"2026-09-04T05:12:58Z","message":"Retrying connection in up to 1m4s"}
{"level":"info","event":0,"ip":"2606:4700:a0::8","connIndex":0,"time":"2026-09-04T05:13:08Z","message":"Tunnel connection curve preferences: [X25519MLKEM768 CurveID(65074) CurveP256]"}
{"level":"error","event":0,"ip":"2606:4700:a0::8","connIndex":0,"error":"context canceled","time":"2026-09-04T05:13:09Z","message":"failed to run the datagram handler"}
{"level":"error","event":0,"ip":"2606:4700:a0::8","connIndex":0,"error":"control stream encountered a failure while serving","time":"2026-09-04T05:13:09Z","message":"failed to serve tunnel connection"}
{"level":"error","event":0,"ip":"2606:4700:a0::8","connIndex":0,"error":"control stream encountered a failure while serving","time":"2026-09-04T05:13:09Z","message":"Serve tunnel error"}
{"level":"info","event":0,"ip":"2606:4700:a0::8","connIndex":0,"time":"2026-09-04T05:13:09Z","message":"Retrying connection in up to 1m4s"}
{"level":"info","event":0,"ip":"2606:4700:a0::8","connIndex":0,"time":"2026-09-04T05:13:16Z","message":"Tunnel connection curve preferences: [X25519MLKEM768 CurveID(65074) CurveP256]"}
{"level":"error","event":0,"ip":"2606:4700:a0::8","connIndex":0,"error":"context canceled","time":"2026-09-04T05:13:16Z","message":"failed to run the datagram handler"}
{"level":"error","event":0,"ip":"2606:4700:a0::8","connIndex":0,"error":"control stream encountered a failure while serving","time":"2026-09-04T05:13:16Z","message":"failed to serve tunnel connection"}
{"level":"error","event":0,"ip":"2606:4700:a0::8","connIndex":0,"error":"control stream encountered a failure while serving","time":"2026-09-04T05:13:16Z","message":"Serve tunnel error"}
{"level":"info","event":0,"ip":"2606:4700:a0::8","connIndex":0,"time":"2026-09-04T05:13:16Z","message":"Retrying connection in up to 1m4s"}
{"level":"info","event":0,"ip":"2606:4700:a0::8","connIndex":0,"time":"2026-09-04T05:13:32Z","message":"Tunnel connection curve preferences: [X25519MLKEM768 CurveID(65074) CurveP256]"}
{"level":"error","event":0,"ip":"2606:4700:a0::8","connIndex":0,"error":"context canceled","time":"2026-09-04T05:13:32Z","message":"failed to run the datagram handler"}
{"level":"error","event":0,"ip":"2606:4700:a0::8","connIndex":0,"error":"control stream encountered a failure while serving","time":"2026-09-04T05:13:32Z","message":"failed to serve tunnel connection"}
{"level":"error","event":0,"ip":"2606:4700:a0::8","connIndex":0,"error":"control stream encountered a failure while serving","time":"2026-09-04T05:13:32Z","message":"Serve tunnel error"}
{"level":"info","event":0,"ip":"2606:4700:a0::8","connIndex":0,"time":"2026-09-04T05:13:32Z","message":"Retrying connection in up to 1m4s"}
{"level":"info","event":0,"ip":"2606:4700:a0::8","connIndex":0,"time":"2026-09-04T05:13:56Z","message":"Tunnel connection curve preferences: [X25519MLKEM768 CurveID(65074) CurveP256]"}
{"level":"error","event":0,"ip":"2606:4700:a0::8","connIndex":0,"error":"context canceled","time":"2026-09-04T05:13:56Z","message":"failed to run the datagram handler"}
{"level":"error","event":0,"ip":"2606:4700:a0::8","connIndex":0,"error":"control stream encountered a failure while serving","time":"2026-09-04T05:13:56Z","message":"failed to serve tunnel connection"}
{"level":"error","event":0,"ip":"2606:4700:a0::8","connIndex":0,"error":"control stream encountered a failure while serving","time":"2026-09-04T05:13:56Z","message":"Serve tunnel error"}
{"level":"info","event":0,"ip":"2606:4700:a0::8","connIndex":0,"time":"2026-09-04T05:13:56Z","message":"Retrying connection in up to 1m4s"}
{"level":"info","event":0,"ip":"2606:4700:a0::8","connIndex":0,"time":"2026-09-04T05:14:01Z","message":"Tunnel connection curve preferences: [X25519MLKEM768 CurveID(65074) CurveP256]"}
{"level":"error","event":0,"ip":"2606:4700:a0::8","connIndex":0,"error":"context canceled","time":"2026-09-04T05:14:01Z","message":"failed to run the datagram handler"}
{"level":"error","event":0,"ip":"2606:4700:a0::8","connIndex":0,"error":"control stream encountered a failure while serving","time":"2026-09-04T05:14:01Z","message":"failed to serve tunnel connection"}
{"level":"error","event":0,"ip":"2606:4700:a0::8","connIndex":0,"error":"control stream encountered a failure while serving","time":"2026-09-04T05:14:01Z","message":"Serve tunnel error"}
{"level":"info","event":0,"ip":"2606:4700:a0::8","connIndex":0,"time":"2026-09-04T05:14:01Z","message":"Retrying connection in up to 1m4s"}
{"level":"info","event":0,"ip":"2606:4700:a0::8","connIndex":0,"time":"2026-09-04T05:14:04Z","message":"Tunnel connection curve preferences: [X25519MLKEM768 CurveID(65074) CurveP256]"}
{"level":"error","event":0,"ip":"2606:4700:a0::8","connIndex":0,"error":"context canceled","time":"2026-09-04T05:14:04Z","message":"failed to run the datagram handler"}
{"level":"error","event":0,"ip":"2606:4700:a0::8","connIndex":0,"error":"control stream encountered a failure while serving","time":"2026-09-04T05:14:04Z","message":"failed to serve tunnel connection"}
{"level":"error","event":0,"ip":"2606:4700:a0::8","connIndex":0,"error":"control stream encountered a failure while serving","time":"2026-09-04T05:14:04Z","message":"Serve tunnel error"}
{"level":"info","event":0,"ip":"2606:4700:a0::8","connIndex":0,"time":"2026-09-04T05:14:04Z","message":"Retrying connection in up to 1m4s"}
{"level":"info","event":0,"ip":"2606:4700:a0::8","connIndex":0,"time":"2026-09-04T05:14:25Z","message":"Tunnel connection curve preferences: [X25519MLKEM768 CurveID(65074) CurveP256]"}
{"level":"error","event":0,"ip":"2606:4700:a0::8","connIndex":0,"error":"context canceled","time":"2026-09-04T05:14:25Z","message":"failed to run the datagram handler"}
{"level":"error","event":0,"ip":"2606:4700:a0::8","connIndex":0,"error":"control stream encountered a failure while serving","time":"2026-09-04T05:14:25Z","message":"failed to serve tunnel connection"}
{"level":"error","event":0,"ip":"2606:4700:a0::8","connIndex":0,"error":"control stream encountered a failure while serving","time":"2026-09-04T05:14:25Z","message":"Serve tunnel error"}
{"level":"info","event":0,"ip":"2606:4700:a0::8","connIndex":0,"time":"2026-09-04T05:14:25Z","message":"Retrying connection in up to 1m4s"}
{"level":"info","event":0,"ip":"2606:4700:a0::8","connIndex":0,"time":"2026-09-04T05:14:37Z","message":"Tunnel connection curve preferences: [X25519MLKEM768 CurveID(65074) CurveP256]"}
{"level":"error","event":0,"ip":"2606:4700:a0::8","connIndex":0,"error":"context canceled","time":"2026-09-04T05:14:37Z","message":"failed to run the datagram handler"}
{"level":"error","event":0,"ip":"2606:4700:a0::8","connIndex":0,"error":"control stream encountered a failure while serving","time":"2026-09-04T05:14:37Z","message":"failed to serve tunnel connection"}
{"level":"error","event":0,"ip":"2606:4700:a0::8","connIndex":0,"error":"control stream encountered a failure while serving","time":"2026-09-04T05:14:37Z","message":"Serve tunnel error"}
{"level":"info","event":0,"ip":"2606:4700:a0::8","connIndex":0,"time":"2026-09-04T05:14:37Z","message":"Retrying connection in up to 1m4s"}
{"level":"info","event":0,"ip":"2606:4700:a0::8","connIndex":0,"time":"2026-09-04T05:14:42Z","message":"Tunnel connection curve preferences: [X25519MLKEM768 CurveID(65074) CurveP256]"}
{"level":"error","event":0,"ip":"2606:4700:a0::8","connIndex":0,"error":"context canceled","time":"2026-09-04T05:14:42Z","message":"failed to run the datagram handler"}
{"level":"error","event":0,"ip":"2606:4700:a0::8","connIndex":0,"error":"control stream encountered a failure while serving","time":"2026-09-04T05:14:42Z","message":"failed to serve tunnel connection"}
{"level":"error","event":0,"ip":"2606:4700:a0::8","connIndex":0,"error":"control stream encountered a failure while serving","time":"2026-09-04T05:14:42Z","message":"Serve tunnel error"}
{"level":"info","event":0,"ip":"2606:4700:a0::8","connIndex":0,"time":"2026-09-04T05:14:42Z","message":"Retrying connection in up to 1m4s"}
{"level":"info","event":0,"ip":"2606:4700:a0::8","connIndex":0,"time":"2026-09-04T05:14:43Z","message":"Tunnel connection curve preferences: [X25519MLKEM768 CurveID(65074) CurveP256]"}
{"level":"error","event":0,"ip":"2606:4700:a0::8","connIndex":0,"error":"context canceled","time":"2026-09-04T05:14:43Z","message":"failed to run the datagram handler"}
{"level":"error","event":0,"ip":"2606:4700:a0::8","connIndex":0,"error":"control stream encountered a failure while serving","time":"2026-09-04T05:14:43Z","message":"failed to serve tunnel connection"}
{"level":"error","event":0,"ip":"2606:4700:a0::8","connIndex":0,"error":"control stream encountered a failure while serving","time":"2026-09-04T05:14:43Z","message":"Serve tunnel error"}
{"level":"info","event":0,"ip":"2606:4700:a0::8","connIndex":0,"time":"2026-09-04T05:14:43Z","message":"Retrying connection in up to 1m4s"}
{"level":"info","event":0,"ip":"2606:4700:a0::8","connIndex":0,"time":"2026-09-04T05:15:15Z","message":"Tunnel connection curve preferences: [X25519MLKEM768 CurveID(65074) CurveP256]"}
{"level":"error","event":0,"ip":"2606:4700:a0::8","connIndex":0,"error":"context canceled","time":"2026-09-04T05:15:15Z","message":"failed to run the datagram handler"}
{"level":"error","event":0,"ip":"2606:4700:a0::8","connIndex":0,"error":"control stream encountered a failure while serving","time":"2026-09-04T05:15:15Z","message":"failed to serve tunnel connection"}
{"level":"error","event":0,"ip":"2606:4700:a0::8","connIndex":0,"error":"control stream encountered a failure while serving","time":"2026-09-04T05:15:15Z","message":"Serve tunnel error"}
{"level":"info","event":0,"ip":"2606:4700:a0::8","connIndex":0,"time":"2026-09-04T05:15:15Z","message":"Retrying connection in up to 1m4s"}
{"level":"info","event":0,"ip":"2606:4700:a0::8","connIndex":0,"time":"2026-09-04T05:15:21Z","message":"Tunnel connection curve preferences: [X25519MLKEM768 CurveID(65074) CurveP256]"}
{"level":"error","event":0,"ip":"2606:4700:a0::8","connIndex":0,"error":"context canceled","time":"2026-09-04T05:15:21Z","message":"failed to run the datagram handler"}
{"level":"error","event":0,"ip":"2606:4700:a0::8","connIndex":0,"error":"control stream encountered a failure while serving","time":"2026-09-04T05:15:21Z","message":"failed to serve tunnel connection"}
{"level":"error","event":0,"ip":"2606:4700:a0::8","connIndex":0,"error":"control stream encountered a failure while serving","time":"2026-09-04T05:15:21Z","message":"Serve tunnel error"}
{"level":"info","event":0,"ip":"2606:4700:a0::8","connIndex":0,"time":"2026-09-04T05:15:21Z","message":"Retrying connection in up to 1m4s"}
{"level":"info","event":0,"ip":"2606:4700:a0::8","connIndex":0,"time":"2026-09-04T05:15:26Z","message":"Tunnel connection curve preferences: [X25519MLKEM768 CurveID(65074) CurveP256]"}
{"level":"error","event":0,"ip":"2606:4700:a0::8","connIndex":0,"error":"context canceled","time":"2026-09-04T05:15:26Z","message":"failed to run the datagram handler"}
{"level":"error","event":0,"ip":"2606:4700:a0::8","connIndex":0,"error":"control stream encountered a failure while serving","time":"2026-09-04T05:15:26Z","message":"failed to serve tunnel connection"}
{"level":"error","event":0,"ip":"2606:4700:a0::8","connIndex":0,"error":"control stream encountered a failure while serving","time":"2026-09-04T05:15:26Z","message":"Serve tunnel error"}
{"level":"info","event":0,"ip":"2606:4700:a0::8","connIndex":0,"time":"2026-09-04T05:15:26Z","message":"Retrying connection in up to 1m4s"}
{"level":"info","event":0,"ip":"2606:4700:a0::8","connIndex":0,"time":"2026-09-04T05:15:44Z","message":"Tunnel connection curve preferences: [X25519MLKEM768 CurveID(65074) CurveP256]"}
{"level":"error","event":0,"ip":"2606:4700:a0::8","connIndex":0,"error":"context canceled","time":"2026-09-04T05:15:44Z","message":"failed to run the datagram handler"}
{"level":"error","event":0,"ip":"2606:4700:a0::8","connIndex":0,"error":"control stream encountered a failure while serving","time":"2026-09-04T05:15:44Z","message":"failed to serve tunnel connection"}
{"level":"error","event":0,"ip":"2606:4700:a0::8","connIndex":0,"error":"control stream encountered a failure while serving","time":"2026-09-04T05:15:44Z","message":"Serve tunnel error"}
{"level":"info","event":0,"ip":"2606:4700:a0::8","connIndex":0,"time":"2026-09-04T05:15:44Z","message":"Retrying connection in up to 1m4s"}
{"level":"info","event":0,"ip":"2606:4700:a0::8","connIndex":0,"time":"2026-09-04T05:16:11Z","message":"Tunnel connection curve preferences: [X25519MLKEM768 CurveID(65074) CurveP256]"}
{"level":"error","event":0,"ip":"2606:4700:a0::8","connIndex":0,"error":"context canceled","time":"2026-09-04T05:16:11Z","message":"failed to run the datagram handler"}
{"level":"error","event":0,"ip":"2606:4700:a0::8","connIndex":0,"error":"control stream encountered a failure while serving","time":"2026-09-04T05:16:11Z","message":"failed to serve tunnel connection"}
{"level":"error","event":0,"ip":"2606:4700:a0::8","connIndex":0,"error":"control stream encountered a failure while serving","time":"2026-09-04T05:16:11Z","message":"Serve tunnel error"}
{"level":"info","event":0,"ip":"2606:4700:a0::8","connIndex":0,"time":"2026-09-04T05:16:11Z","message":"Retrying connection in up to 1m4s"}
{"level":"info","event":0,"ip":"2606:4700:a0::8","connIndex":0,"time":"2026-09-04T05:16:39Z","message":"Tunnel connection curve preferences: [X25519MLKEM768 CurveID(65074) CurveP256]"}
{"level":"error","event":0,"ip":"2606:4700:a0::8","connIndex":0,"error":"context canceled","time":"2026-09-04T05:16:39Z","message":"failed to run the datagram handler"}
{"level":"error","event":0,"ip":"2606:4700:a0::8","connIndex":0,"error":"control stream encountered a failure while serving","time":"2026-09-04T05:16:39Z","message":"failed to serve tunnel connection"}
{"level":"error","event":0,"ip":"2606:4700:a0::8","connIndex":0,"error":"control stream encountered a failure while serving","time":"2026-09-04T05:16:39Z","message":"Serve tunnel error"}
{"level":"info","event":0,"ip":"2606:4700:a0::8","connIndex":0,"time":"2026-09-04T05:16:39Z","message":"Retrying connection in up to 1m4s"}
{"level":"info","event":0,"ip":"2606:4700:a0::8","connIndex":0,"time":"2026-09-04T05:16:43Z","message":"Tunnel connection curve preferences: [X25519MLKEM768 CurveID(65074) CurveP256]"}
{"level":"error","event":0,"ip":"2606:4700:a0::8","connIndex":0,"error":"context canceled","time":"2026-09-04T05:16:44Z","message":"failed to run the datagram handler"}
{"level":"error","event":0,"ip":"2606:4700:a0::8","connIndex":0,"error":"control stream encountered a failure while serving","time":"2026-09-04T05:16:44Z","message":"failed to serve tunnel connection"}
{"level":"error","event":0,"ip":"2606:4700:a0::8","connIndex":0,"error":"control stream encountered a failure while serving","time":"2026-09-04T05:16:44Z","message":"Serve tunnel error"}
{"level":"info","event":0,"ip":"2606:4700:a0::8","connIndex":0,"time":"2026-09-04T05:16:44Z","message":"Retrying connection in up to 1m4s"}
{"level":"info","event":0,"ip":"2606:4700:a0::8","connIndex":0,"time":"2026-09-04T05:16:58Z","message":"Tunnel connection curve preferences: [X25519MLKEM768 CurveID(65074) CurveP256]"}
{"level":"error","event":0,"ip":"2606:4700:a0::8","connIndex":0,"error":"context canceled","time":"2026-09-04T05:16:58Z","message":"failed to run the datagram handler"}
{"level":"error","event":0,"ip":"2606:4700:a0::8","connIndex":0,"error":"control stream encountered a failure while serving","time":"2026-09-04T05:16:58Z","message":"failed to serve tunnel connection"}
{"level":"error","event":0,"ip":"2606:4700:a0::8","connIndex":0,"error":"control stream encountered a failure while serving","time":"2026-09-04T05:16:58Z","message":"Serve tunnel error"}
{"level":"info","event":0,"ip":"2606:4700:a0::8","connIndex":0,"time":"2026-09-04T05:16:58Z","message":"Retrying connection in up to 1m4s"}
{"level":"info","event":0,"ip":"2606:4700:a0::8","connIndex":0,"time":"2026-09-04T05:17:25Z","message":"Tunnel connection curve preferences: [X25519MLKEM768 CurveID(65074) CurveP256]"}
{"level":"error","event":0,"ip":"2606:4700:a0::8","connIndex":0,"error":"context canceled","time":"2026-09-04T05:17:25Z","message":"failed to run the datagram handler"}
{"level":"error","event":0,"ip":"2606:4700:a0::8","connIndex":0,"error":"control stream encountered a failure while serving","time":"2026-09-04T05:17:25Z","message":"failed to serve tunnel connection"}
{"level":"error","event":0,"ip":"2606:4700:a0::8","connIndex":0,"error":"control stream encountered a failure while serving","time":"2026-09-04T05:17:25Z","message":"Serve tunnel error"}
{"level":"info","event":0,"ip":"2606:4700:a0::8","connIndex":0,"time":"2026-09-04T05:17:25Z","message":"Retrying connection in up to 1m4s"}
{"level":"info","event":0,"ip":"2606:4700:a0::8","connIndex":0,"time":"2026-09-04T05:17:40Z","message":"Tunnel connection curve preferences: [X25519MLKEM768 CurveID(65074) CurveP256]"}
{"level":"error","event":0,"ip":"2606:4700:a0::8","connIndex":0,"error":"context canceled","time":"2026-09-04T05:17:40Z","message":"failed to run the datagram handler"}
{"level":"error","event":0,"ip":"2606:4700:a0::8","connIndex":0,"error":"control stream encountered a failure while serving","time":"2026-09-04T05:17:40Z","message":"failed to serve tunnel connection"}
{"level":"error","event":0,"ip":"2606:4700:a0::8","connIndex":0,"error":"control stream encountered a failure while serving","time":"2026-09-04T05:17:40Z","message":"Serve tunnel error"}
{"level":"info","event":0,"ip":"2606:4700:a0::8","connIndex":0,"time":"2026-09-04T05:17:40Z","message":"Retrying connection in up to 1m4s"}
{"level":"info","event":0,"ip":"2606:4700:a0::8","connIndex":0,"time":"2026-09-04T05:18:06Z","message":"Tunnel connection curve preferences: [X25519MLKEM768 CurveID(65074) CurveP256]"}
{"level":"error","event":0,"ip":"2606:4700:a0::8","connIndex":0,"error":"context canceled","time":"2026-09-04T05:18:06Z","message":"failed to run the datagram handler"}
{"level":"error","event":0,"ip":"2606:4700:a0::8","connIndex":0,"error":"control stream encountered a failure while serving","time":"2026-09-04T05:18:06Z","message":"failed to serve tunnel connection"}
{"level":"error","event":0,"ip":"2606:4700:a0::8","connIndex":0,"error":"control stream encountered a failure while serving","time":"2026-09-04T05:18:06Z","message":"Serve tunnel error"}
{"level":"info","event":0,"ip":"2606:4700:a0::8","connIndex":0,"time":"2026-09-04T05:18:06Z","message":"Retrying connection in up to 1m4s"}
{"level":"info","event":0,"ip":"2606:4700:a0::8","connIndex":0,"time":"2026-09-04T05:18:32Z","message":"Tunnel connection curve preferences: [X25519MLKEM768 CurveID(65074) CurveP256]"}
{"level":"error","event":0,"ip":"2606:4700:a0::8","connIndex":0,"error":"context canceled","time":"2026-09-04T05:18:32Z","message":"failed to run the datagram handler"}
{"level":"error","event":0,"ip":"2606:4700:a0::8","connIndex":0,"error":"control stream encountered a failure while serving","time":"2026-09-04T05:18:32Z","message":"failed to serve tunnel connection"}
{"level":"error","event":0,"ip":"2606:4700:a0::8","connIndex":0,"error":"control stream encountered a failure while serving","time":"2026-09-04T05:18:32Z","message":"Serve tunnel error"}
{"level":"info","event":0,"ip":"2606:4700:a0::8","connIndex":0,"time":"2026-09-04T05:18:32Z","message":"Retrying connection in up to 1m4s"}
{"level":"info","event":0,"ip":"2606:4700:a0::8","connIndex":0,"time":"2026-09-04T05:18:41Z","message":"Tunnel connection curve preferences: [X25519MLKEM768 CurveID(65074) CurveP256]"}
{"level":"error","event":0,"ip":"2606:4700:a0::8","connIndex":0,"error":"context canceled","time":"2026-09-04T05:18:41Z","message":"failed to run the datagram handler"}
{"level":"error","event":0,"ip":"2606:4700:a0::8","connIndex":0,"error":"control stream encountered a failure while serving","time":"2026-09-04T05:18:41Z","message":"failed to serve tunnel connection"}
{"level":"error","event":0,"ip":"2606:4700:a0::8","connIndex":0,"error":"control stream encountered a failure while serving","time":"2026-09-04T05:18:41Z","message":"Serve tunnel error"}
{"level":"info","event":0,"ip":"2606:4700:a0::8","connIndex":0,"time":"2026-09-04T05:18:41Z","message":"Retrying connection in up to 1m4s"}
{"level":"info","event":0,"ip":"2606:4700:a0::8","connIndex":0,"time":"2026-09-04T05:18:54Z","message":"Tunnel connection curve preferences: [X25519MLKEM768 CurveID(65074) CurveP256]"}
{"level":"error","event":0,"ip":"2606:4700:a0::8","connIndex":0,"error":"context canceled","time":"2026-09-04T05:18:54Z","message":"failed to run the datagram handler"}
{"level":"error","event":0,"ip":"2606:4700:a0::8","connIndex":0,"error":"control stream encountered a failure while serving","time":"2026-09-04T05:18:54Z","message":"failed to serve tunnel connection"}
{"level":"error","event":0,"ip":"2606:4700:a0::8","connIndex":0,"error":"control stream encountered a failure while serving","time":"2026-09-04T05:18:54Z","message":"Serve tunnel error"}
{"level":"info","event":0,"ip":"2606:4700:a0::8","connIndex":0,"time":"2026-09-04T05:18:54Z","message":"Retrying connection in up to 1m4s"}
{"level":"info","event":0,"ip":"2606:4700:a0::8","connIndex":0,"time":"2026-09-04T05:19:11Z","message":"Tunnel connection curve preferences: [X25519MLKEM768 CurveID(65074) CurveP256]"}
{"level":"error","event":0,"ip":"2606:4700:a0::8","connIndex":0,"error":"context canceled","time":"2026-09-04T05:19:11Z","message":"failed to run the datagram handler"}
{"level":"error","event":0,"ip":"2606:4700:a0::8","connIndex":0,"error":"control stream encountered a failure while serving","time":"2026-09-04T05:19:11Z","message":"failed to serve tunnel connection"}
{"level":"error","event":0,"ip":"2606:4700:a0::8","connIndex":0,"error":"control stream encountered a failure while serving","time":"2026-09-04T05:19:11Z","message":"Serve tunnel error"}
{"level":"info","event":0,"ip":"2606:4700:a0::8","connIndex":0,"time":"2026-09-04T05:19:11Z","message":"Retrying connection in up to 1m4s"}
{"level":"info","event":0,"ip":"2606:4700:a0::8","connIndex":0,"time":"2026-09-04T05:19:22Z","message":"Tunnel connection curve preferences: [X25519MLKEM768 CurveID(65074) CurveP256]"}
{"level":"error","event":0,"ip":"2606:4700:a0::8","connIndex":0,"error":"context canceled","time":"2026-09-04T05:19:22Z","message":"failed to run the datagram handler"}
{"level":"error","event":0,"ip":"2606:4700:a0::8","connIndex":0,"error":"control stream encountered a failure while serving","time":"2026-09-04T05:19:22Z","message":"failed to serve tunnel connection"}
{"level":"error","event":0,"ip":"2606:4700:a0::8","connIndex":0,"error":"control stream encountered a failure while serving","time":"2026-09-04T05:19:22Z","message":"Serve tunnel error"}
{"level":"info","event":0,"ip":"2606:4700:a0::8","connIndex":0,"time":"2026-09-04T05:19:22Z","message":"Retrying connection in up to 1m4s"}
{"level":"info","event":0,"ip":"2606:4700:a0::8","connIndex":0,"time":"2026-09-04T05:19:27Z","message":"Tunnel connection curve preferences: [X25519MLKEM768 CurveID(65074) CurveP256]"}
{"level":"error","event":0,"ip":"2606:4700:a0::8","connIndex":0,"error":"context canceled","time":"2026-09-04T05:19:27Z","message":"failed to run the datagram handler"}
{"level":"error","event":0,"ip":"2606:4700:a0::8","connIndex":0,"error":"control stream encountered a failure while serving","time":"2026-09-04T05:19:27Z","message":"failed to serve tunnel connection"}
{"level":"error","event":0,"ip":"2606:4700:a0::8","connIndex":0,"error":"control stream encountered a failure while serving","time":"2026-09-04T05:19:27Z","message":"Serve tunnel error"}
{"level":"info","event":0,"ip":"2606:4700:a0::8","connIndex":0,"time":"2026-09-04T05:19:27Z","message":"Retrying connection in up to 1m4s"}
{"level":"info","event":0,"ip":"2606:4700:a0::8","connIndex":0,"time":"2026-09-04T05:19:40Z","message":"Tunnel connection curve preferences: [X25519MLKEM768 CurveID(65074) CurveP256]"}
{"level":"error","event":0,"ip":"2606:4700:a0::8","connIndex":0,"error":"context canceled","time":"2026-09-04T05:19:40Z","message":"failed to run the datagram handler"}
{"level":"error","event":0,"ip":"2606:4700:a0::8","connIndex":0,"error":"control stream encountered a failure while serving","time":"2026-09-04T05:19:40Z","message":"failed to serve tunnel connection"}
{"level":"error","event":0,"ip":"2606:4700:a0::8","connIndex":0,"error":"control stream encountered a failure while serving","time":"2026-09-04T05:19:40Z","message":"Serve tunnel error"}
{"level":"info","event":0,"ip":"2606:4700:a0::8","connIndex":0,"time":"2026-09-04T05:19:40Z","message":"Retrying connection in up to 1m4s"}
{"level":"info","event":0,"ip":"2606:4700:a0::8","connIndex":0,"time":"2026-09-04T05:19:52Z","message":"Tunnel connection curve preferences: [X25519MLKEM768 CurveID(65074) CurveP256]"}
{"level":"error","event":0,"ip":"2606:4700:a0::8","connIndex":0,"error":"context canceled","time":"2026-09-04T05:19:52Z","message":"failed to run the datagram handler"}
{"level":"error","event":0,"ip":"2606:4700:a0::8","connIndex":0,"error":"control stream encountered a failure while serving","time":"2026-09-04T05:19:52Z","message":"failed to serve tunnel connection"}
{"level":"error","event":0,"ip":"2606:4700:a0::8","connIndex":0,"error":"control stream encountered a failure while serving","time":"2026-09-04T05:19:52Z","message":"Serve tunnel error"}
{"level":"info","event":0,"ip":"2606:4700:a0::8","connIndex":0,"time":"2026-09-04T05:19:52Z","message":"Retrying connection in up to 1m4s"}
{"level":"info","event":0,"ip":"2606:4700:a0::8","connIndex":0,"time":"2026-09-04T05:20:15Z","message":"Tunnel connection curve preferences: [X25519MLKEM768 CurveID(65074) CurveP256]"}
{"level":"error","event":0,"ip":"2606:4700:a0::8","connIndex":0,"error":"context canceled","time":"2026-09-04T05:20:15Z","message":"failed to run the datagram handler"}
{"level":"error","event":0,"ip":"2606:4700:a0::8","connIndex":0,"error":"control stream encountered a failure while serving","time":"2026-09-04T05:20:15Z","message":"failed to serve tunnel connection"}
{"level":"error","event":0,"ip":"2606:4700:a0::8","connIndex":0,"error":"control stream encountered a failure while serving","time":"2026-09-04T05:20:15Z","message":"Serve tunnel error"}
{"level":"info","event":0,"ip":"2606:4700:a0::8","connIndex":0,"time":"2026-09-04T05:20:15Z","message":"Retrying connection in up to 1m4s"}
{"level":"info","event":0,"ip":"2606:4700:a0::8","connIndex":0,"time":"2026-09-04T05:20:20Z","message":"Tunnel connection curve preferences: [X25519MLKEM768 CurveID(65074) CurveP256]"}
{"level":"error","event":0,"ip":"2606:4700:a0::8","connIndex":0,"error":"context canceled","time":"2026-09-04T05:20:21Z","message":"failed to run the datagram handler"}
{"level":"error","event":0,"ip":"2606:4700:a0::8","connIndex":0,"error":"control stream encountered a failure while serving","time":"2026-09-04T05:20:21Z","message":"failed to serve tunnel connection"}
{"level":"error","event":0,"ip":"2606:4700:a0::8","connIndex":0,"error":"control stream encountered a failure while serving","time":"2026-09-04T05:20:21Z","message":"Serve tunnel error"}
{"level":"info","event":0,"ip":"2606:4700:a0::8","connIndex":0,"time":"2026-09-04T05:20:21Z","message":"Retrying connection in up to 1m4s"}
{"level":"info","event":0,"ip":"2606:4700:a0::8","connIndex":0,"time":"2026-09-04T05:20:25Z","message":"Tunnel connection curve preferences: [X25519MLKEM768 CurveID(65074) CurveP256]"}
{"level":"error","event":0,"ip":"2606:4700:a0::8","connIndex":0,"error":"context canceled","time":"2026-09-04T05:20:26Z","message":"failed to run the datagram handler"}
{"level":"error","event":0,"ip":"2606:4700:a0::8","connIndex":0,"error":"control stream encountered a failure while serving","time":"2026-09-04T05:20:26Z","message":"failed to serve tunnel connection"}
{"level":"error","event":0,"ip":"2606:4700:a0::8","connIndex":0,"error":"control stream encountered a failure while serving","time":"2026-09-04T05:20:26Z","message":"Serve tunnel error"}
{"level":"info","event":0,"ip":"2606:4700:a0::8","connIndex":0,"time":"2026-09-04T05:20:26Z","message":"Retrying connection in up to 1m4s"}
{"level":"info","event":0,"ip":"2606:4700:a0::8","connIndex":0,"time":"2026-09-04T05:20:46Z","message":"Tunnel connection curve preferences: [X25519MLKEM768 CurveID(65074) CurveP256]"}
{"level":"error","event":0,"ip":"2606:4700:a0::8","connIndex":0,"error":"context canceled","time":"2026-09-04T05:20:46Z","message":"failed to run the datagram handler"}
{"level":"error","event":0,"ip":"2606:4700:a0::8","connIndex":0,"error":"control stream encountered a failure while serving","time":"2026-09-04T05:20:46Z","message":"failed to serve tunnel connection"}
{"level":"error","event":0,"ip":"2606:4700:a0::8","connIndex":0,"error":"control stream encountered a failure while serving","time":"2026-09-04T05:20:46Z","message":"Serve tunnel error"}
{"level":"info","event":0,"ip":"2606:4700:a0::8","connIndex":0,"time":"2026-09-04T05:20:46Z","message":"Retrying connection in up to 1m4s"}
{"level":"info","event":0,"ip":"2606:4700:a0::8","connIndex":0,"time":"2026-09-04T05:21:18Z","message":"Tunnel connection curve preferences: [X25519MLKEM768 CurveID(65074) CurveP256]"}
{"level":"error","event":0,"ip":"2606:4700:a0::8","connIndex":0,"error":"context canceled","time":"2026-09-04T05:21:18Z","message":"failed to run the datagram handler"}
{"level":"error","event":0,"ip":"2606:4700:a0::8","connIndex":0,"error":"control stream encountered a failure while serving","time":"2026-09-04T05:21:18Z","message":"failed to serve tunnel connection"}
{"level":"error","event":0,"ip":"2606:4700:a0::8","connIndex":0,"error":"control stream encountered a failure while serving","time":"2026-09-04T05:21:18Z","message":"Serve tunnel error"}
{"level":"info","event":0,"ip":"2606:4700:a0::8","connIndex":0,"time":"2026-09-04T05:21:18Z","message":"Retrying connection in up to 1m4s"}
{"level":"info","event":0,"ip":"2606:4700:a0::8","connIndex":0,"time":"2026-09-04T05:21:33Z","message":"Tunnel connection curve preferences: [X25519MLKEM768 CurveID(65074) CurveP256]"}
{"level":"error","event":0,"ip":"2606:4700:a0::8","connIndex":0,"error":"context canceled","time":"2026-09-04T05:21:33Z","message":"failed to run the datagram handler"}
{"level":"error","event":0,"ip":"2606:4700:a0::8","connIndex":0,"error":"control stream encountered a failure while serving","time":"2026-09-04T05:21:33Z","message":"failed to serve tunnel connection"}
{"level":"error","event":0,"ip":"2606:4700:a0::8","connIndex":0,"error":"control stream encountered a failure while serving","time":"2026-09-04T05:21:33Z","message":"Serve tunnel error"}
{"level":"info","event":0,"ip":"2606:4700:a0::8","connIndex":0,"time":"2026-09-04T05:21:33Z","message":"Retrying connection in up to 1m4s"}
{"level":"info","event":0,"ip":"2606:4700:a0::8","connIndex":0,"time":"2026-09-04T05:21:49Z","message":"Tunnel connection curve preferences: [X25519MLKEM768 CurveID(65074) CurveP256]"}
{"level":"error","event":0,"ip":"2606:4700:a0::8","connIndex":0,"error":"context canceled","time":"2026-09-04T05:21:50Z","message":"failed to run the datagram handler"}
{"level":"error","event":0,"ip":"2606:4700:a0::8","connIndex":0,"error":"control stream encountered a failure while serving","time":"2026-09-04T05:21:50Z","message":"failed to serve tunnel connection"}
{"level":"error","event":0,"ip":"2606:4700:a0::8","connIndex":0,"error":"control stream encountered a failure while serving","time":"2026-09-04T05:21:50Z","message":"Serve tunnel error"}
{"level":"info","event":0,"ip":"2606:4700:a0::8","connIndex":0,"time":"2026-09-04T05:21:50Z","message":"Retrying connection in up to 1m4s"}
{"level":"info","event":0,"ip":"2606:4700:a0::8","connIndex":0,"time":"2026-09-04T05:22:15Z","message":"Tunnel connection curve preferences: [X25519MLKEM768 CurveID(65074) CurveP256]"}
{"level":"error","event":0,"ip":"2606:4700:a0::8","connIndex":0,"error":"context canceled","time":"2026-09-04T05:22:15Z","message":"failed to run the datagram handler"}
{"level":"error","event":0,"ip":"2606:4700:a0::8","connIndex":0,"error":"control stream encountered a failure while serving","time":"2026-09-04T05:22:15Z","message":"failed to serve tunnel connection"}
{"level":"error","event":0,"ip":"2606:4700:a0::8","connIndex":0,"error":"control stream encountered a failure while serving","time":"2026-09-04T05:22:15Z","message":"Serve tunnel error"}
{"level":"info","event":0,"ip":"2606:4700:a0::8","connIndex":0,"time":"2026-09-04T05:22:15Z","message":"Retrying connection in up to 1m4s"}
{"level":"info","event":0,"ip":"2606:4700:a0::8","connIndex":0,"time":"2026-09-04T05:22:23Z","message":"Tunnel connection curve preferences: [X25519MLKEM768 CurveID(65074) CurveP256]"}
{"level":"error","event":0,"ip":"2606:4700:a0::8","connIndex":0,"error":"context canceled","time":"2026-09-04T05:22:23Z","message":"failed to run the datagram handler"}
{"level":"error","event":0,"ip":"2606:4700:a0::8","connIndex":0,"error":"control stream encountered a failure while serving","time":"2026-09-04T05:22:23Z","message":"failed to serve tunnel connection"}
{"level":"error","event":0,"ip":"2606:4700:a0::8","connIndex":0,"error":"control stream encountered a failure while serving","time":"2026-09-04T05:22:23Z","message":"Serve tunnel error"}
{"level":"info","event":0,"ip":"2606:4700:a0::8","connIndex":0,"time":"2026-09-04T05:22:23Z","message":"Retrying connection in up to 1m4s"}
{"level":"info","event":0,"ip":"2606:4700:a0::8","connIndex":0,"time":"2026-09-04T05:22:39Z","message":"Tunnel connection curve preferences: [X25519MLKEM768 CurveID(65074) CurveP256]"}
{"level":"error","event":0,"ip":"2606:4700:a0::8","connIndex":0,"error":"context canceled","time":"2026-09-04T05:22:39Z","message":"failed to run the datagram handler"}
{"level":"error","event":0,"ip":"2606:4700:a0::8","connIndex":0,"error":"control stream encountered a failure while serving","time":"2026-09-04T05:22:39Z","message":"failed to serve tunnel connection"}
{"level":"error","event":0,"ip":"2606:4700:a0::8","connIndex":0,"error":"control stream encountered a failure while serving","time":"2026-09-04T05:22:39Z","message":"Serve tunnel error"}
{"level":"info","event":0,"ip":"2606:4700:a0::8","connIndex":0,"time":"2026-09-04T05:22:39Z","message":"Retrying connection in up to 1m4s"}
{"level":"info","event":0,"ip":"2606:4700:a0::8","connIndex":0,"time":"2026-09-04T05:23:04Z","message":"Tunnel connection curve preferences: [X25519MLKEM768 CurveID(65074) CurveP256]"}
{"level":"error","event":0,"ip":"2606:4700:a0::8","connIndex":0,"error":"context canceled","time":"2026-09-04T05:23:04Z","message":"failed to run the datagram handler"}
{"level":"error","event":0,"ip":"2606:4700:a0::8","connIndex":0,"error":"control stream encountered a failure while serving","time":"2026-09-04T05:23:04Z","message":"failed to serve tunnel connection"}
{"level":"error","event":0,"ip":"2606:4700:a0::8","connIndex":0,"error":"control stream encountered a failure while serving","time":"2026-09-04T05:23:04Z","message":"Serve tunnel error"}
{"level":"info","event":0,"ip":"2606:4700:a0::8","connIndex":0,"time":"2026-09-04T05:23:04Z","message":"Retrying connection in up to 1m4s"}
{"level":"info","event":0,"ip":"2606:4700:a0::8","connIndex":0,"time":"2026-09-04T05:23:26Z","message":"Tunnel connection curve preferences: [X25519MLKEM768 CurveID(65074) CurveP256]"}
{"level":"error","event":0,"ip":"2606:4700:a0::8","connIndex":0,"error":"context canceled","time":"2026-09-04T05:23:26Z","message":"failed to run the datagram handler"}
{"level":"error","event":0,"ip":"2606:4700:a0::8","connIndex":0,"error":"control stream encountered a failure while serving","time":"2026-09-04T05:23:26Z","message":"failed to serve tunnel connection"}
{"level":"error","event":0,"ip":"2606:4700:a0::8","connIndex":0,"error":"control stream encountered a failure while serving","time":"2026-09-04T05:23:26Z","message":"Serve tunnel error"}
{"level":"info","event":0,"ip":"2606:4700:a0::8","connIndex":0,"time":"2026-09-04T05:23:26Z","message":"Retrying connection in up to 1m4s"}
{"level":"info","event":0,"ip":"2606:4700:a0::8","connIndex":0,"time":"2026-09-04T05:23:32Z","message":"Tunnel connection curve preferences: [X25519MLKEM768 CurveID(65074) CurveP256]"}
{"level":"error","event":0,"ip":"2606:4700:a0::8","connIndex":0,"error":"context canceled","time":"2026-09-04T05:23:32Z","message":"failed to run the datagram handler"}
{"level":"error","event":0,"ip":"2606:4700:a0::8","connIndex":0,"error":"control stream encountered a failure while serving","time":"2026-09-04T05:23:32Z","message":"failed to serve tunnel connection"}
{"level":"error","event":0,"ip":"2606:4700:a0::8","connIndex":0,"error":"control stream encountered a failure while serving","time":"2026-09-04T05:23:32Z","message":"Serve tunnel error"}
{"level":"info","event":0,"ip":"2606:4700:a0::8","connIndex":0,"time":"2026-09-04T05:23:32Z","message":"Retrying connection in up to 1m4s"}
{"level":"info","event":0,"ip":"2606:4700:a0::8","connIndex":0,"time":"2026-09-04T05:23:37Z","message":"Tunnel connection curve preferences: [X25519MLKEM768 CurveID(65074) CurveP256]"}
{"level":"error","event":0,"ip":"2606:4700:a0::8","connIndex":0,"error":"context canceled","time":"2026-09-04T05:23:37Z","message":"failed to run the datagram handler"}
{"level":"error","event":0,"ip":"2606:4700:a0::8","connIndex":0,"error":"control stream encountered a failure while serving","time":"2026-09-04T05:23:37Z","message":"failed to serve tunnel connection"}
{"level":"error","event":0,"ip":"2606:4700:a0::8","connIndex":0,"error":"control stream encountered a failure while serving","time":"2026-09-04T05:23:37Z","message":"Serve tunnel error"}
{"level":"info","event":0,"ip":"2606:4700:a0::8","connIndex":0,"time":"2026-09-04T05:23:37Z","message":"Retrying connection in up to 1m4s"}
{"level":"info","event":0,"ip":"2606:4700:a0::8","connIndex":0,"time":"2026-09-04T05:24:08Z","message":"Tunnel connection curve preferences: [X25519MLKEM768 CurveID(65074) CurveP256]"}
{"level":"error","event":0,"ip":"2606:4700:a0::8","connIndex":0,"error":"context canceled","time":"2026-09-04T05:24:09Z","message":"failed to run the datagram handler"}
{"level":"error","event":0,"ip":"2606:4700:a0::8","connIndex":0,"error":"control stream encountered a failure while serving","time":"2026-09-04T05:24:09Z","message":"failed to serve tunnel connection"}
{"level":"error","event":0,"ip":"2606:4700:a0::8","connIndex":0,"error":"control stream encountered a failure while serving","time":"2026-09-04T05:24:09Z","message":"Serve tunnel error"}
{"level":"info","event":0,"ip":"2606:4700:a0::8","connIndex":0,"time":"2026-09-04T05:24:09Z","message":"Retrying connection in up to 1m4s"}
{"level":"info","event":0,"ip":"2606:4700:a0::8","connIndex":0,"time":"2026-09-04T05:24:16Z","message":"Tunnel connection curve preferences: [X25519MLKEM768 CurveID(65074) CurveP256]"}
{"level":"error","event":0,"ip":"2606:4700:a0::8","connIndex":0,"error":"context canceled","time":"2026-09-04T05:24:17Z","message":"failed to run the datagram handler"}
{"level":"error","event":0,"ip":"2606:4700:a0::8","connIndex":0,"error":"control stream encountered a failure while serving","time":"2026-09-04T05:24:17Z","message":"failed to serve tunnel connection"}
{"level":"error","event":0,"ip":"2606:4700:a0::8","connIndex":0,"error":"control stream encountered a failure while serving","time":"2026-09-04T05:24:17Z","message":"Serve tunnel error"}
{"level":"info","event":0,"ip":"2606:4700:a0::8","connIndex":0,"time":"2026-09-04T05:24:17Z","message":"Retrying connection in up to 1m4s"}
{"level":"info","event":0,"ip":"2606:4700:a0::8","connIndex":0,"time":"2026-09-04T05:24:24Z","message":"Tunnel connection curve preferences: [X25519MLKEM768 CurveID(65074) CurveP256]"}
{"level":"error","event":0,"ip":"2606:4700:a0::8","connIndex":0,"error":"context canceled","time":"2026-09-04T05:24:24Z","message":"failed to run the datagram handler"}
{"level":"error","event":0,"ip":"2606:4700:a0::8","connIndex":0,"error":"control stream encountered a failure while serving","time":"2026-09-04T05:24:24Z","message":"failed to serve tunnel connection"}
{"level":"error","event":0,"ip":"2606:4700:a0::8","connIndex":0,"error":"control stream encountered a failure while serving","time":"2026-09-04T05:24:24Z","message":"Serve tunnel error"}
{"level":"info","event":0,"ip":"2606:4700:a0::8","connIndex":0,"time":"2026-09-04T05:24:24Z","message":"Retrying connection in up to 1m4s"}
{"level":"info","event":0,"ip":"2606:4700:a0::8","connIndex":0,"time":"2026-09-04T05:24:42Z","message":"Tunnel connection curve preferences: [X25519MLKEM768 CurveID(65074) CurveP256]"}
{"level":"error","event":0,"ip":"2606:4700:a0::8","connIndex":0,"error":"context canceled","time":"2026-09-04T05:24:42Z","message":"failed to run the datagram handler"}
{"level":"error","event":0,"ip":"2606:4700:a0::8","connIndex":0,"error":"control stream encountered a failure while serving","time":"2026-09-04T05:24:42Z","message":"failed to serve tunnel connection"}
{"level":"error","event":0,"ip":"2606:4700:a0::8","connIndex":0,"error":"control stream encountered a failure while serving","time":"2026-09-04T05:24:42Z","message":"Serve tunnel error"}
{"level":"info","event":0,"ip":"2606:4700:a0::8","connIndex":0,"time":"2026-09-04T05:24:42Z","message":"Retrying connection in up to 1m4s"}
{"level":"info","event":0,"ip":"2606:4700:a0::8","connIndex":0,"time":"2026-09-04T05:24:45Z","message":"Tunnel connection curve preferences: [X25519MLKEM768 CurveID(65074) CurveP256]"}
{"level":"error","event":0,"ip":"2606:4700:a0::8","connIndex":0,"error":"context canceled","time":"2026-09-04T05:24:45Z","message":"failed to run the datagram handler"}
{"level":"error","event":0,"ip":"2606:4700:a0::8","connIndex":0,"error":"control stream encountered a failure while serving","time":"2026-09-04T05:24:45Z","message":"failed to serve tunnel connection"}
{"level":"error","event":0,"ip":"2606:4700:a0::8","connIndex":0,"error":"control stream encountered a failure while serving","time":"2026-09-04T05:24:45Z","message":"Serve tunnel error"}
{"level":"info","event":0,"ip":"2606:4700:a0::8","connIndex":0,"time":"2026-09-04T05:24:45Z","message":"Retrying connection in up to 1m4s"}
{"level":"info","event":0,"ip":"2606:4700:a0::8","connIndex":0,"time":"2026-09-04T05:24:53Z","message":"Tunnel connection curve preferences: [X25519MLKEM768 CurveID(65074) CurveP256]"}
{"level":"error","event":0,"ip":"2606:4700:a0::8","connIndex":0,"error":"context canceled","time":"2026-09-04T05:24:53Z","message":"failed to run the datagram handler"}
{"level":"error","event":0,"ip":"2606:4700:a0::8","connIndex":0,"error":"control stream encountered a failure while serving","time":"2026-09-04T05:24:53Z","message":"failed to serve tunnel connection"}
{"level":"error","event":0,"ip":"2606:4700:a0::8","connIndex":0,"error":"control stream encountered a failure while serving","time":"2026-09-04T05:24:53Z","message":"Serve tunnel error"}
{"level":"info","event":0,"ip":"2606:4700:a0::8","connIndex":0,"time":"2026-09-04T05:24:53Z","message":"Retrying connection in up to 1m4s"}
{"level":"info","event":0,"ip":"2606:4700:a0::8","connIndex":0,"time":"2026-09-04T05:25:19Z","message":"Tunnel connection curve preferences: [X25519MLKEM768 CurveID(65074) CurveP256]"}
{"level":"error","event":0,"ip":"2606:4700:a0::8","connIndex":0,"error":"context canceled","time":"2026-09-04T05:25:19Z","message":"failed to run the datagram handler"}
{"level":"error","event":0,"ip":"2606:4700:a0::8","connIndex":0,"error":"control stream encountered a failure while serving","time":"2026-09-04T05:25:19Z","message":"failed to serve tunnel connection"}
{"level":"error","event":0,"ip":"2606:4700:a0::8","connIndex":0,"error":"control stream encountered a failure while serving","time":"2026-09-04T05:25:19Z","message":"Serve tunnel error"}
{"level":"info","event":0,"ip":"2606:4700:a0::8","connIndex":0,"time":"2026-09-04T05:25:19Z","message":"Retrying connection in up to 1m4s"}
{"level":"info","event":0,"ip":"2606:4700:a0::8","connIndex":0,"time":"2026-09-04T05:25:44Z","message":"Tunnel connection curve preferences: [X25519MLKEM768 CurveID(65074) CurveP256]"}
{"level":"error","event":0,"ip":"2606:4700:a0::8","connIndex":0,"error":"context canceled","time":"2026-09-04T05:25:44Z","message":"failed to run the datagram handler"}
{"level":"error","event":0,"ip":"2606:4700:a0::8","connIndex":0,"error":"control stream encountered a failure while serving","time":"2026-09-04T05:25:44Z","message":"failed to serve tunnel connection"}
{"level":"error","event":0,"ip":"2606:4700:a0::8","connIndex":0,"error":"control stream encountered a failure while serving","time":"2026-09-04T05:25:44Z","message":"Serve tunnel error"}
{"level":"info","event":0,"ip":"2606:4700:a0::8","connIndex":0,"time":"2026-09-04T05:25:44Z","message":"Retrying connection in up to 1m4s"}
{"level":"info","event":0,"ip":"2606:4700:a0::8","connIndex":0,"time":"2026-09-04T05:26:06Z","message":"Tunnel connection curve preferences: [X25519MLKEM768 CurveID(65074) CurveP256]"}
{"level":"error","event":0,"ip":"2606:4700:a0::8","connIndex":0,"error":"context canceled","time":"2026-09-04T05:26:06Z","message":"failed to run the datagram handler"}
{"level":"error","event":0,"ip":"2606:4700:a0::8","connIndex":0,"error":"control stream encountered a failure while serving","time":"2026-09-04T05:26:06Z","message":"failed to serve tunnel connection"}
{"level":"error","event":0,"ip":"2606:4700:a0::8","connIndex":0,"error":"control stream encountered a failure while serving","time":"2026-09-04T05:26:06Z","message":"Serve tunnel error"}
{"level":"info","event":0,"ip":"2606:4700:a0::8","connIndex":0,"time":"2026-09-04T05:26:06Z","message":"Retrying connection in up to 1m4s"}
{"level":"info","event":0,"ip":"2606:4700:a0::8","connIndex":0,"time":"2026-09-04T05:26:19Z","message":"Tunnel connection curve preferences: [X25519MLKEM768 CurveID(65074) CurveP256]"}
{"level":"error","event":0,"ip":"2606:4700:a0::8","connIndex":0,"error":"context canceled","time":"2026-09-04T05:26:19Z","message":"failed to run the datagram handler"}
{"level":"error","event":0,"ip":"2606:4700:a0::8","connIndex":0,"error":"control stream encountered a failure while serving","time":"2026-09-04T05:26:19Z","message":"failed to serve tunnel connection"}
{"level":"error","event":0,"ip":"2606:4700:a0::8","connIndex":0,"error":"control stream encountered a failure while serving","time":"2026-09-04T05:26:19Z","message":"Serve tunnel error"}
{"level":"info","event":0,"ip":"2606:4700:a0::8","connIndex":0,"time":"2026-09-04T05:26:19Z","message":"Retrying connection in up to 1m4s"}
{"level":"info","event":0,"ip":"2606:4700:a0::8","connIndex":0,"time":"2026-09-04T05:26:38Z","message":"Tunnel connection curve preferences: [X25519MLKEM768 CurveID(65074) CurveP256]"}
{"level":"error","event":0,"ip":"2606:4700:a0::8","connIndex":0,"error":"context canceled","time":"2026-09-04T05:26:38Z","message":"failed to run the datagram handler"}
{"level":"error","event":0,"ip":"2606:4700:a0::8","connIndex":0,"error":"control stream encountered a failure while serving","time":"2026-09-04T05:26:38Z","message":"failed to serve tunnel connection"}
{"level":"error","event":0,"ip":"2606:4700:a0::8","connIndex":0,"error":"control stream encountered a failure while serving","time":"2026-09-04T05:26:38Z","message":"Serve tunnel error"}
{"level":"info","event":0,"ip":"2606:4700:a0::8","connIndex":0,"time":"2026-09-04T05:26:38Z","message":"Retrying connection in up to 1m4s"}
{"level":"info","event":0,"ip":"2606:4700:a0::8","connIndex":0,"time":"2026-09-04T05:26:46Z","message":"Tunnel connection curve preferences: [X25519MLKEM768 CurveID(65074) CurveP256]"}
{"level":"error","event":0,"ip":"2606:4700:a0::8","connIndex":0,"error":"context canceled","time":"2026-09-04T05:26:46Z","message":"failed to run the datagram handler"}
{"level":"error","event":0,"ip":"2606:4700:a0::8","connIndex":0,"error":"control stream encountered a failure while serving","time":"2026-09-04T05:26:46Z","message":"failed to serve tunnel connection"}
{"level":"error","event":0,"ip":"2606:4700:a0::8","connIndex":0,"error":"control stream encountered a failure while serving","time":"2026-09-04T05:26:46Z","message":"Serve tunnel error"}
{"level":"info","event":0,"ip":"2606:4700:a0::8","connIndex":0,"time":"2026-09-04T05:26:46Z","message":"Retrying connection in up to 1m4s"}
{"level":"info","event":0,"ip":"2606:4700:a0::8","connIndex":0,"time":"2026-09-04T05:27:09Z","message":"Tunnel connection curve preferences: [X25519MLKEM768 CurveID(65074) CurveP256]"}
{"level":"error","event":0,"ip":"2606:4700:a0::8","connIndex":0,"error":"context canceled","time":"2026-09-04T05:27:09Z","message":"failed to run the datagram handler"}
{"level":"error","event":0,"ip":"2606:4700:a0::8","connIndex":0,"error":"control stream encountered a failure while serving","time":"2026-09-04T05:27:09Z","message":"failed to serve tunnel connection"}
{"level":"error","event":0,"ip":"2606:4700:a0::8","connIndex":0,"error":"control stream encountered a failure while serving","time":"2026-09-04T05:27:09Z","message":"Serve tunnel error"}
{"level":"info","event":0,"ip":"2606:4700:a0::8","connIndex":0,"time":"2026-09-04T05:27:09Z","message":"Retrying connection in up to 1m4s"}
{"level":"info","event":0,"ip":"2606:4700:a0::8","connIndex":0,"time":"2026-09-04T05:27:19Z","message":"Tunnel connection curve preferences: [X25519MLKEM768 CurveID(65074) CurveP256]"}
{"level":"error","event":0,"ip":"2606:4700:a0::8","connIndex":0,"error":"context canceled","time":"2026-09-04T05:27:19Z","message":"failed to run the datagram handler"}
{"level":"error","event":0,"ip":"2606:4700:a0::8","connIndex":0,"error":"control stream encountered a failure while serving","time":"2026-09-04T05:27:19Z","message":"failed to serve tunnel connection"}
{"level":"error","event":0,"ip":"2606:4700:a0::8","connIndex":0,"error":"control stream encountered a failure while serving","time":"2026-09-04T05:27:19Z","message":"Serve tunnel error"}
{"level":"info","event":0,"ip":"2606:4700:a0::8","connIndex":0,"time":"2026-09-04T05:27:19Z","message":"Retrying connection in up to 1m4s"}
{"level":"info","event":0,"ip":"2606:4700:a0::8","connIndex":0,"time":"2026-09-04T05:27:23Z","message":"Tunnel connection curve preferences: [X25519MLKEM768 CurveID(65074) CurveP256]"}
{"level":"error","event":0,"ip":"2606:4700:a0::8","connIndex":0,"error":"context canceled","time":"2026-09-04T05:27:23Z","message":"failed to run the datagram handler"}
{"level":"error","event":0,"ip":"2606:4700:a0::8","connIndex":0,"error":"control stream encountered a failure while serving","time":"2026-09-04T05:27:23Z","message":"failed to serve tunnel connection"}
{"level":"error","event":0,"ip":"2606:4700:a0::8","connIndex":0,"error":"control stream encountered a failure while serving","time":"2026-09-04T05:27:23Z","message":"Serve tunnel error"}
{"level":"info","event":0,"ip":"2606:4700:a0::8","connIndex":0,"time":"2026-09-04T05:27:23Z","message":"Retrying connection in up to 1m4s"}
{"level":"info","event":0,"ip":"2606:4700:a0::8","connIndex":0,"time":"2026-09-04T05:27:41Z","message":"Tunnel connection curve preferences: [X25519MLKEM768 CurveID(65074) CurveP256]"}
{"level":"error","event":0,"ip":"2606:4700:a0::8","connIndex":0,"error":"context canceled","time":"2026-09-04T05:27:41Z","message":"failed to run the datagram handler"}
{"level":"error","event":0,"ip":"2606:4700:a0::8","connIndex":0,"error":"control stream encountered a failure while serving","time":"2026-09-04T05:27:41Z","message":"failed to serve tunnel connection"}
{"level":"error","event":0,"ip":"2606:4700:a0::8","connIndex":0,"error":"control stream encountered a failure while serving","time":"2026-09-04T05:27:41Z","message":"Serve tunnel error"}
{"level":"info","event":0,"ip":"2606:4700:a0::8","connIndex":0,"time":"2026-09-04T05:27:41Z","message":"Retrying connection in up to 1m4s"}
{"level":"info","event":0,"ip":"2606:4700:a0::8","connIndex":0,"time":"2026-09-04T05:27:57Z","message":"Tunnel connection curve preferences: [X25519MLKEM768 CurveID(65074) CurveP256]"}
{"level":"error","event":0,"ip":"2606:4700:a0::8","connIndex":0,"error":"context canceled","time":"2026-09-04T05:27:58Z","message":"failed to run the datagram handler"}
{"level":"error","event":0,"ip":"2606:4700:a0::8","connIndex":0,"error":"control stream encountered a failure while serving","time":"2026-09-04T05:27:58Z","message":"failed to serve tunnel connection"}
{"level":"error","event":0,"ip":"2606:4700:a0::8","connIndex":0,"error":"control stream encountered a failure while serving","time":"2026-09-04T05:27:58Z","message":"Serve tunnel error"}
{"level":"info","event":0,"ip":"2606:4700:a0::8","connIndex":0,"time":"2026-09-04T05:27:58Z","message":"Retrying connection in up to 1m4s"}
{"level":"info","event":0,"ip":"2606:4700:a0::8","connIndex":0,"time":"2026-09-04T05:28:20Z","message":"Tunnel connection curve preferences: [X25519MLKEM768 CurveID(65074) CurveP256]"}
{"level":"error","event":0,"ip":"2606:4700:a0::8","connIndex":0,"error":"context canceled","time":"2026-09-04T05:28:20Z","message":"failed to run the datagram handler"}
{"level":"error","event":0,"ip":"2606:4700:a0::8","connIndex":0,"error":"control stream encountered a failure while serving","time":"2026-09-04T05:28:20Z","message":"failed to serve tunnel connection"}
{"level":"error","event":0,"ip":"2606:4700:a0::8","connIndex":0,"error":"control stream encountered a failure while serving","time":"2026-09-04T05:28:20Z","message":"Serve tunnel error"}
{"level":"info","event":0,"ip":"2606:4700:a0::8","connIndex":0,"time":"2026-09-04T05:28:20Z","message":"Retrying connection in up to 1m4s"}
{"level":"info","event":0,"ip":"2606:4700:a0::8","connIndex":0,"time":"2026-09-04T05:28:44Z","message":"Tunnel connection curve preferences: [X25519MLKEM768 CurveID(65074) CurveP256]"}
{"level":"error","event":0,"ip":"2606:4700:a0::8","connIndex":0,"error":"context canceled","time":"2026-09-04T05:28:44Z","message":"failed to run the datagram handler"}
{"level":"error","event":0,"ip":"2606:4700:a0::8","connIndex":0,"error":"control stream encountered a failure while serving","time":"2026-09-04T05:28:44Z","message":"failed to serve tunnel connection"}
{"level":"error","event":0,"ip":"2606:4700:a0::8","connIndex":0,"error":"control stream encountered a failure while serving","time":"2026-09-04T05:28:44Z","message":"Serve tunnel error"}
{"level":"info","event":0,"ip":"2606:4700:a0::8","connIndex":0,"time":"2026-09-04T05:28:44Z","message":"Retrying connection in up to 1m4s"}
{"level":"info","event":0,"ip":"2606:4700:a0::8","connIndex":0,"time":"2026-09-04T05:29:14Z","message":"Tunnel connection curve preferences: [X25519MLKEM768 CurveID(65074) CurveP256]"}
{"level":"error","event":0,"ip":"2606:4700:a0::8","connIndex":0,"error":"context canceled","time":"2026-09-04T05:29:14Z","message":"failed to run the datagram handler"}
{"level":"error","event":0,"ip":"2606:4700:a0::8","connIndex":0,"error":"control stream encountered a failure while serving","time":"2026-09-04T05:29:14Z","message":"failed to serve tunnel connection"}
{"level":"error","event":0,"ip":"2606:4700:a0::8","connIndex":0,"error":"control stream encountered a failure while serving","time":"2026-09-04T05:29:14Z","message":"Serve tunnel error"}
{"level":"info","event":0,"ip":"2606:4700:a0::8","connIndex":0,"time":"2026-09-04T05:29:14Z","message":"Retrying connection in up to 1m4s"}
{"level":"info","event":0,"ip":"2606:4700:a0::8","connIndex":0,"time":"2026-09-04T05:29:36Z","message":"Tunnel connection curve preferences: [X25519MLKEM768 CurveID(65074) CurveP256]"}
{"level":"error","event":0,"ip":"2606:4700:a0::8","connIndex":0,"error":"context canceled","time":"2026-09-04T05:29:36Z","message":"failed to run the datagram handler"}
{"level":"error","event":0,"ip":"2606:4700:a0::8","connIndex":0,"error":"control stream encountered a failure while serving","time":"2026-09-04T05:29:36Z","message":"failed to serve tunnel connection"}
{"level":"error","event":0,"ip":"2606:4700:a0::8","connIndex":0,"error":"control stream encountered a failure while serving","time":"2026-09-04T05:29:36Z","message":"Serve tunnel error"}
{"level":"info","event":0,"ip":"2606:4700:a0::8","connIndex":0,"time":"2026-09-04T05:29:36Z","message":"Retrying connection in up to 1m4s"}
{"level":"info","event":0,"ip":"2606:4700:a0::8","connIndex":0,"time":"2026-09-04T05:30:06Z","message":"Tunnel connection curve preferences: [X25519MLKEM768 CurveID(65074) CurveP256]"}
{"level":"error","event":0,"ip":"2606:4700:a0::8","connIndex":0,"error":"context canceled","time":"2026-09-04T05:30:06Z","message":"failed to run the datagram handler"}
{"level":"error","event":0,"ip":"2606:4700:a0::8","connIndex":0,"error":"control stream encountered a failure while serving","time":"2026-09-04T05:30:06Z","message":"failed to serve tunnel connection"}
{"level":"error","event":0,"ip":"2606:4700:a0::8","connIndex":0,"error":"control stream encountered a failure while serving","time":"2026-09-04T05:30:06Z","message":"Serve tunnel error"}
{"level":"info","event":0,"ip":"2606:4700:a0::8","connIndex":0,"time":"2026-09-04T05:30:06Z","message":"Retrying connection in up to 1m4s"}
{"level":"info","event":0,"ip":"2606:4700:a0::8","connIndex":0,"time":"2026-09-04T05:30:27Z","message":"Tunnel connection curve preferences: [X25519MLKEM768 CurveID(65074) CurveP256]"}
{"level":"error","event":0,"ip":"2606:4700:a0::8","connIndex":0,"error":"context canceled","time":"2026-09-04T05:30:27Z","message":"failed to run the datagram handler"}
{"level":"error","event":0,"ip":"2606:4700:a0::8","connIndex":0,"error":"control stream encountered a failure while serving","time":"2026-09-04T05:30:27Z","message":"failed to serve tunnel connection"}
{"level":"error","event":0,"ip":"2606:4700:a0::8","connIndex":0,"error":"control stream encountered a failure while serving","time":"2026-09-04T05:30:27Z","message":"Serve tunnel error"}
{"level":"info","event":0,"ip":"2606:4700:a0::8","connIndex":0,"time":"2026-09-04T05:30:27Z","message":"Retrying connection in up to 1m4s"}
{"level":"info","event":0,"ip":"2606:4700:a0::8","connIndex":0,"time":"2026-09-04T05:30:34Z","message":"Tunnel connection curve preferences: [X25519MLKEM768 CurveID(65074) CurveP256]"}
{"level":"error","event":0,"ip":"2606:4700:a0::8","connIndex":0,"error":"context canceled","time":"2026-09-04T05:30:34Z","message":"failed to run the datagram handler"}
{"level":"error","event":0,"ip":"2606:4700:a0::8","connIndex":0,"error":"control stream encountered a failure while serving","time":"2026-09-04T05:30:34Z","message":"failed to serve tunnel connection"}
{"level":"error","event":0,"ip":"2606:4700:a0::8","connIndex":0,"error":"control stream encountered a failure while serving","time":"2026-09-04T05:30:34Z","message":"Serve tunnel error"}
{"level":"info","event":0,"ip":"2606:4700:a0::8","connIndex":0,"time":"2026-09-04T05:30:34Z","message":"Retrying connection in up to 1m4s"}
{"level":"info","event":0,"ip":"2606:4700:a0::8","connIndex":0,"time":"2026-09-04T05:30:57Z","message":"Tunnel connection curve preferences: [X25519MLKEM768 CurveID(65074) CurveP256]"}
{"level":"error","event":0,"ip":"2606:4700:a0::8","connIndex":0,"error":"context canceled","time":"2026-09-04T05:30:57Z","message":"failed to run the datagram handler"}
{"level":"error","event":0,"ip":"2606:4700:a0::8","connIndex":0,"error":"control stream encountered a failure while serving","time":"2026-09-04T05:30:57Z","message":"failed to serve tunnel connection"}
{"level":"error","event":0,"ip":"2606:4700:a0::8","connIndex":0,"error":"control stream encountered a failure while serving","time":"2026-09-04T05:30:57Z","message":"Serve tunnel error"}
{"level":"info","event":0,"ip":"2606:4700:a0::8","connIndex":0,"time":"2026-09-04T05:30:57Z","message":"Retrying connection in up to 1m4s"}
{"level":"info","event":0,"ip":"2606:4700:a0::8","connIndex":0,"time":"2026-09-04T05:31:15Z","message":"Tunnel connection curve preferences: [X25519MLKEM768 CurveID(65074) CurveP256]"}
{"level":"error","event":0,"ip":"2606:4700:a0::8","connIndex":0,"error":"context canceled","time":"2026-09-04T05:31:15Z","message":"failed to run the datagram handler"}
{"level":"error","event":0,"ip":"2606:4700:a0::8","connIndex":0,"error":"control stream encountered a failure while serving","time":"2026-09-04T05:31:15Z","message":"failed to serve tunnel connection"}
{"level":"error","event":0,"ip":"2606:4700:a0::8","connIndex":0,"error":"control stream encountered a failure while serving","time":"2026-09-04T05:31:15Z","message":"Serve tunnel error"}
{"level":"info","event":0,"ip":"2606:4700:a0::8","connIndex":0,"time":"2026-09-04T05:31:15Z","message":"Retrying connection in up to 1m4s"}
{"level":"info","event":0,"ip":"2606:4700:a0::8","connIndex":0,"time":"2026-09-04T05:31:24Z","message":"Tunnel connection curve preferences: [X25519MLKEM768 CurveID(65074) CurveP256]"}
{"level":"error","event":0,"ip":"2606:4700:a0::8","connIndex":0,"error":"context canceled","time":"2026-09-04T05:31:24Z","message":"failed to run the datagram handler"}
{"level":"error","event":0,"ip":"2606:4700:a0::8","connIndex":0,"error":"control stream encountered a failure while serving","time":"2026-09-04T05:31:24Z","message":"failed to serve tunnel connection"}
{"level":"error","event":0,"ip":"2606:4700:a0::8","connIndex":0,"error":"control stream encountered a failure while serving","time":"2026-09-04T05:31:24Z","message":"Serve tunnel error"}
{"level":"info","event":0,"ip":"2606:4700:a0::8","connIndex":0,"time":"2026-09-04T05:31:24Z","message":"Retrying connection in up to 1m4s"}
{"level":"info","event":0,"ip":"2606:4700:a0::8","connIndex":0,"time":"2026-09-04T05:31:51Z","message":"Tunnel connection curve preferences: [X25519MLKEM768 CurveID(65074) CurveP256]"}
{"level":"error","event":0,"ip":"2606:4700:a0::8","connIndex":0,"error":"context canceled","time":"2026-09-04T05:31:51Z","message":"failed to run the datagram handler"}
{"level":"error","event":0,"ip":"2606:4700:a0::8","connIndex":0,"error":"control stream encountered a failure while serving","time":"2026-09-04T05:31:51Z","message":"failed to serve tunnel connection"}
{"level":"error","event":0,"ip":"2606:4700:a0::8","connIndex":0,"error":"control stream encountered a failure while serving","time":"2026-09-04T05:31:51Z","message":"Serve tunnel error"}
{"level":"info","event":0,"ip":"2606:4700:a0::8","connIndex":0,"time":"2026-09-04T05:31:51Z","message":"Retrying connection in up to 1m4s"}
{"level":"info","event":0,"ip":"2606:4700:a0::8","connIndex":0,"time":"2026-09-04T05:32:20Z","message":"Tunnel connection curve preferences: [X25519MLKEM768 CurveID(65074) CurveP256]"}
{"level":"error","event":0,"ip":"2606:4700:a0::8","connIndex":0,"error":"context canceled","time":"2026-09-04T05:32:20Z","message":"failed to run the datagram handler"}
{"level":"error","event":0,"ip":"2606:4700:a0::8","connIndex":0,"error":"control stream encountered a failure while serving","time":"2026-09-04T05:32:20Z","message":"failed to serve tunnel connection"}
{"level":"error","event":0,"ip":"2606:4700:a0::8","connIndex":0,"error":"control stream encountered a failure while serving","time":"2026-09-04T05:32:20Z","message":"Serve tunnel error"}
{"level":"info","event":0,"ip":"2606:4700:a0::8","connIndex":0,"time":"2026-09-04T05:32:20Z","message":"Retrying connection in up to 1m4s"}
{"level":"info","event":0,"ip":"2606:4700:a0::8","connIndex":0,"time":"2026-09-04T05:32:40Z","message":"Tunnel connection curve preferences: [X25519MLKEM768 CurveID(65074) CurveP256]"}
{"level":"error","event":0,"ip":"2606:4700:a0::8","connIndex":0,"error":"context canceled","time":"2026-09-04T05:32:40Z","message":"failed to run the datagram handler"}
{"level":"error","event":0,"ip":"2606:4700:a0::8","connIndex":0,"error":"control stream encountered a failure while serving","time":"2026-09-04T05:32:40Z","message":"failed to serve tunnel connection"}
{"level":"error","event":0,"ip":"2606:4700:a0::8","connIndex":0,"error":"control stream encountered a failure while serving","time":"2026-09-04T05:32:40Z","message":"Serve tunnel error"}
{"level":"info","event":0,"ip":"2606:4700:a0::8","connIndex":0,"time":"2026-09-04T05:32:40Z","message":"Retrying connection in up to 1m4s"}
{"level":"info","event":0,"ip":"2606:4700:a0::8","connIndex":0,"time":"2026-09-04T05:33:09Z","message":"Tunnel connection curve preferences: [X25519MLKEM768 CurveID(65074) CurveP256]"}
{"level":"error","event":0,"ip":"2606:4700:a0::8","connIndex":0,"error":"context canceled","time":"2026-09-04T05:33:09Z","message":"failed to run the datagram handler"}
{"level":"error","event":0,"ip":"2606:4700:a0::8","connIndex":0,"error":"control stream encountered a failure while serving","time":"2026-09-04T05:33:09Z","message":"failed to serve tunnel connection"}
{"level":"error","event":0,"ip":"2606:4700:a0::8","connIndex":0,"error":"control stream encountered a failure while serving","time":"2026-09-04T05:33:09Z","message":"Serve tunnel error"}
{"level":"info","event":0,"ip":"2606:4700:a0::8","connIndex":0,"time":"2026-09-04T05:33:09Z","message":"Retrying connection in up to 1m4s"}
{"level":"info","event":0,"ip":"2606:4700:a0::8","connIndex":0,"time":"2026-09-04T05:33:31Z","message":"Tunnel connection curve preferences: [X25519MLKEM768 CurveID(65074) CurveP256]"}
{"level":"error","event":0,"ip":"2606:4700:a0::8","connIndex":0,"error":"context canceled","time":"2026-09-04T05:33:31Z","message":"failed to run the datagram handler"}
{"level":"error","event":0,"ip":"2606:4700:a0::8","connIndex":0,"error":"control stream encountered a failure while serving","time":"2026-09-04T05:33:31Z","message":"failed to serve tunnel connection"}
{"level":"error","event":0,"ip":"2606:4700:a0::8","connIndex":0,"error":"control stream encountered a failure while serving","time":"2026-09-04T05:33:31Z","message":"Serve tunnel error"}
{"level":"info","event":0,"ip":"2606:4700:a0::8","connIndex":0,"time":"2026-09-04T05:33:31Z","message":"Retrying connection in up to 1m4s"}
{"level":"info","event":0,"ip":"2606:4700:a0::8","connIndex":0,"time":"2026-09-04T05:33:45Z","message":"Tunnel connection curve preferences: [X25519MLKEM768 CurveID(65074) CurveP256]"}
{"level":"error","event":0,"ip":"2606:4700:a0::8","connIndex":0,"error":"context canceled","time":"2026-09-04T05:33:46Z","message":"failed to run the datagram handler"}
{"level":"error","event":0,"ip":"2606:4700:a0::8","connIndex":0,"error":"control stream encountered a failure while serving","time":"2026-09-04T05:33:46Z","message":"failed to serve tunnel connection"}
{"level":"error","event":0,"ip":"2606:4700:a0::8","connIndex":0,"error":"control stream encountered a failure while serving","time":"2026-09-04T05:33:46Z","message":"Serve tunnel error"}
{"level":"info","event":0,"ip":"2606:4700:a0::8","connIndex":0,"time":"2026-09-04T05:33:46Z","message":"Retrying connection in up to 1m4s"}
{"level":"info","event":0,"ip":"2606:4700:a0::8","connIndex":0,"time":"2026-09-04T05:34:13Z","message":"Tunnel connection curve preferences: [X25519MLKEM768 CurveID(65074) CurveP256]"}
{"level":"error","event":0,"ip":"2606:4700:a0::8","connIndex":0,"error":"context canceled","time":"2026-09-04T05:34:13Z","message":"failed to run the datagram handler"}
{"level":"error","event":0,"ip":"2606:4700:a0::8","connIndex":0,"error":"control stream encountered a failure while serving","time":"2026-09-04T05:34:13Z","message":"failed to serve tunnel connection"}
{"level":"error","event":0,"ip":"2606:4700:a0::8","connIndex":0,"error":"control stream encountered a failure while serving","time":"2026-09-04T05:34:13Z","message":"Serve tunnel error"}
{"level":"info","event":0,"ip":"2606:4700:a0::8","connIndex":0,"time":"2026-09-04T05:34:13Z","message":"Retrying connection in up to 1m4s"}
{"level":"info","event":0,"ip":"2606:4700:a0::8","connIndex":0,"time":"2026-09-04T05:34:42Z","message":"Tunnel connection curve preferences: [X25519MLKEM768 CurveID(65074) CurveP256]"}
{"level":"error","event":0,"ip":"2606:4700:a0::8","connIndex":0,"error":"context canceled","time":"2026-09-04T05:34:42Z","message":"failed to run the datagram handler"}
{"level":"error","event":0,"ip":"2606:4700:a0::8","connIndex":0,"error":"control stream encountered a failure while serving","time":"2026-09-04T05:34:42Z","message":"failed to serve tunnel connection"}
{"level":"error","event":0,"ip":"2606:4700:a0::8","connIndex":0,"error":"control stream encountered a failure while serving","time":"2026-09-04T05:34:42Z","message":"Serve tunnel error"}
{"level":"info","event":0,"ip":"2606:4700:a0::8","connIndex":0,"time":"2026-09-04T05:34:42Z","message":"Retrying connection in up to 1m4s"}
{"level":"info","event":0,"ip":"2606:4700:a0::8","connIndex":0,"time":"2026-09-04T05:34:44Z","message":"Tunnel connection curve preferences: [X25519MLKEM768 CurveID(65074) CurveP256]"}
{"level":"error","event":0,"ip":"2606:4700:a0::8","connIndex":0,"error":"context canceled","time":"2026-09-04T05:34:44Z","message":"failed to run the datagram handler"}
{"level":"error","event":0,"ip":"2606:4700:a0::8","connIndex":0,"error":"control stream encountered a failure while serving","time":"2026-09-04T05:34:44Z","message":"failed to serve tunnel connection"}
{"level":"error","event":0,"ip":"2606:4700:a0::8","connIndex":0,"error":"control stream encountered a failure while serving","time":"2026-09-04T05:34:44Z","message":"Serve tunnel error"}
{"level":"info","event":0,"ip":"2606:4700:a0::8","connIndex":0,"time":"2026-09-04T05:34:44Z","message":"Retrying connection in up to 1m4s"}
{"level":"info","event":0,"ip":"2606:4700:a0::8","connIndex":0,"time":"2026-09-04T05:34:46Z","message":"Tunnel connection curve preferences: [X25519MLKEM768 CurveID(65074) CurveP256]"}
{"level":"error","event":0,"ip":"2606:4700:a0::8","connIndex":0,"error":"context canceled","time":"2026-09-04T05:34:46Z","message":"failed to run the datagram handler"}
{"level":"error","event":0,"ip":"2606:4700:a0::8","connIndex":0,"error":"control stream encountered a failure while serving","time":"2026-09-04T05:34:46Z","message":"failed to serve tunnel connection"}
{"level":"error","event":0,"ip":"2606:4700:a0::8","connIndex":0,"error":"control stream encountered a failure while serving","time":"2026-09-04T05:34:46Z","message":"Serve tunnel error"}
{"level":"info","event":0,"ip":"2606:4700:a0::8","connIndex":0,"time":"2026-09-04T05:34:46Z","message":"Retrying connection in up to 1m4s"}
{"level":"info","event":0,"ip":"2606:4700:a0::8","connIndex":0,"time":"2026-09-04T05:34:54Z","message":"Tunnel connection curve preferences: [X25519MLKEM768 CurveID(65074) CurveP256]"}
{"level":"error","event":0,"ip":"2606:4700:a0::8","connIndex":0,"error":"context canceled","time":"2026-09-04T05:34:54Z","message":"failed to run the datagram handler"}
{"level":"error","event":0,"ip":"2606:4700:a0::8","connIndex":0,"error":"control stream encountered a failure while serving","time":"2026-09-04T05:34:54Z","message":"failed to serve tunnel connection"}
{"level":"error","event":0,"ip":"2606:4700:a0::8","connIndex":0,"error":"control stream encountered a failure while serving","time":"2026-09-04T05:34:54Z","message":"Serve tunnel error"}
{"level":"info","event":0,"ip":"2606:4700:a0::8","connIndex":0,"time":"2026-09-04T05:34:54Z","message":"Retrying connection in up to 1m4s"}
{"level":"info","event":0,"ip":"2606:4700:a0::8","connIndex":0,"time":"2026-09-04T05:35:20Z","message":"Tunnel connection curve preferences: [X25519MLKEM768 CurveID(65074) CurveP256]"}
{"level":"error","event":0,"ip":"2606:4700:a0::8","connIndex":0,"error":"context canceled","time":"2026-09-04T05:35:20Z","message":"failed to run the datagram handler"}
{"level":"error","event":0,"ip":"2606:4700:a0::8","connIndex":0,"error":"control stream encountered a failure while serving","time":"2026-09-04T05:35:20Z","message":"failed to serve tunnel connection"}
{"level":"error","event":0,"ip":"2606:4700:a0::8","connIndex":0,"error":"control stream encountered a failure while serving","time":"2026-09-04T05:35:20Z","message":"Serve tunnel error"}
{"level":"info","event":0,"ip":"2606:4700:a0::8","connIndex":0,"time":"2026-09-04T05:35:20Z","message":"Retrying connection in up to 1m4s"}
{"level":"info","event":0,"ip":"2606:4700:a0::8","connIndex":0,"time":"2026-09-04T05:35:21Z","message":"Tunnel connection curve preferences: [X25519MLKEM768 CurveID(65074) CurveP256]"}
{"level":"error","event":0,"ip":"2606:4700:a0::8","connIndex":0,"error":"context canceled","time":"2026-09-04T05:35:21Z","message":"failed to run the datagram handler"}
{"level":"error","event":0,"ip":"2606:4700:a0::8","connIndex":0,"error":"control stream encountered a failure while serving","time":"2026-09-04T05:35:21Z","message":"failed to serve tunnel connection"}
{"level":"error","event":0,"ip":"2606:4700:a0::8","connIndex":0,"error":"control stream encountered a failure while serving","time":"2026-09-04T05:35:21Z","message":"Serve tunnel error"}
{"level":"info","event":0,"ip":"2606:4700:a0::8","connIndex":0,"time":"2026-09-04T05:35:21Z","message":"Retrying connection in up to 1m4s"}
{"level":"info","event":0,"ip":"2606:4700:a0::8","connIndex":0,"time":"2026-09-04T05:35:47Z","message":"Tunnel connection curve preferences: [X25519MLKEM768 CurveID(65074) CurveP256]"}
{"level":"error","event":0,"ip":"2606:4700:a0::8","connIndex":0,"error":"context canceled","time":"2026-09-04T05:35:47Z","message":"failed to run the datagram handler"}
{"level":"error","event":0,"ip":"2606:4700:a0::8","connIndex":0,"error":"control stream encountered a failure while serving","time":"2026-09-04T05:35:47Z","message":"failed to serve tunnel connection"}
{"level":"error","event":0,"ip":"2606:4700:a0::8","connIndex":0,"error":"control stream encountered a failure while serving","time":"2026-09-04T05:35:47Z","message":"Serve tunnel error"}
{"level":"info","event":0,"ip":"2606:4700:a0::8","connIndex":0,"time":"2026-09-04T05:35:47Z","message":"Retrying connection in up to 1m4s"}
{"level":"info","event":0,"ip":"2606:4700:a0::8","connIndex":0,"time":"2026-09-04T05:36:01Z","message":"Tunnel connection curve preferences: [X25519MLKEM768 CurveID(65074) CurveP256]"}
{"level":"error","event":0,"ip":"2606:4700:a0::8","connIndex":0,"error":"context canceled","time":"2026-09-04T05:36:01Z","message":"failed to run the datagram handler"}
{"level":"error","event":0,"ip":"2606:4700:a0::8","connIndex":0,"error":"control stream encountered a failure while serving","time":"2026-09-04T05:36:01Z","message":"failed to serve tunnel connection"}
{"level":"error","event":0,"ip":"2606:4700:a0::8","connIndex":0,"error":"control stream encountered a failure while serving","time":"2026-09-04T05:36:01Z","message":"Serve tunnel error"}
{"level":"info","event":0,"ip":"2606:4700:a0::8","connIndex":0,"time":"2026-09-04T05:36:01Z","message":"Retrying connection in up to 1m4s"}
{"level":"info","event":0,"ip":"2606:4700:a0::8","connIndex":0,"time":"2026-09-04T05:36:19Z","message":"Tunnel connection curve preferences: [X25519MLKEM768 CurveID(65074) CurveP256]"}
{"level":"error","event":0,"ip":"2606:4700:a0::8","connIndex":0,"error":"context canceled","time":"2026-09-04T05:36:19Z","message":"failed to run the datagram handler"}
{"level":"error","event":0,"ip":"2606:4700:a0::8","connIndex":0,"error":"control stream encountered a failure while serving","time":"2026-09-04T05:36:19Z","message":"failed to serve tunnel connection"}
{"level":"error","event":0,"ip":"2606:4700:a0::8","connIndex":0,"error":"control stream encountered a failure while serving","time":"2026-09-04T05:36:19Z","message":"Serve tunnel error"}
{"level":"info","event":0,"ip":"2606:4700:a0::8","connIndex":0,"time":"2026-09-04T05:36:19Z","message":"Retrying connection in up to 1m4s"}
{"level":"info","event":0,"ip":"2606:4700:a0::8","connIndex":0,"time":"2026-09-04T05:36:34Z","message":"Tunnel connection curve preferences: [X25519MLKEM768 CurveID(65074) CurveP256]"}
{"level":"error","event":0,"ip":"2606:4700:a0::8","connIndex":0,"error":"context canceled","time":"2026-09-04T05:36:34Z","message":"failed to run the datagram handler"}
{"level":"error","event":0,"ip":"2606:4700:a0::8","connIndex":0,"error":"control stream encountered a failure while serving","time":"2026-09-04T05:36:34Z","message":"failed to serve tunnel connection"}
{"level":"error","event":0,"ip":"2606:4700:a0::8","connIndex":0,"error":"control stream encountered a failure while serving","time":"2026-09-04T05:36:34Z","message":"Serve tunnel error"}
{"level":"info","event":0,"ip":"2606:4700:a0::8","connIndex":0,"time":"2026-09-04T05:36:34Z","message":"Retrying connection in up to 1m4s"}
{"level":"info","event":0,"ip":"2606:4700:a0::8","connIndex":0,"time":"2026-09-04T05:36:45Z","message":"Tunnel connection curve preferences: [X25519MLKEM768 CurveID(65074) CurveP256]"}
{"level":"error","event":0,"ip":"2606:4700:a0::8","connIndex":0,"error":"context canceled","time":"2026-09-04T05:36:45Z","message":"failed to run the datagram handler"}
{"level":"error","event":0,"ip":"2606:4700:a0::8","connIndex":0,"error":"control stream encountered a failure while serving","time":"2026-09-04T05:36:45Z","message":"failed to serve tunnel connection"}
{"level":"error","event":0,"ip":"2606:4700:a0::8","connIndex":0,"error":"control stream encountered a failure while serving","time":"2026-09-04T05:36:45Z","message":"Serve tunnel error"}
{"level":"info","event":0,"ip":"2606:4700:a0::8","connIndex":0,"time":"2026-09-04T05:36:45Z","message":"Retrying connection in up to 1m4s"}
{"level":"info","event":0,"ip":"2606:4700:a0::8","connIndex":0,"time":"2026-09-04T05:36:49Z","message":"Tunnel connection curve preferences: [X25519MLKEM768 CurveID(65074) CurveP256]"}
{"level":"error","event":0,"ip":"2606:4700:a0::8","connIndex":0,"error":"context canceled","time":"2026-09-04T05:36:49Z","message":"failed to run the datagram handler"}
{"level":"error","event":0,"ip":"2606:4700:a0::8","connIndex":0,"error":"control stream encountered a failure while serving","time":"2026-09-04T05:36:49Z","message":"failed to serve tunnel connection"}
{"level":"error","event":0,"ip":"2606:4700:a0::8","connIndex":0,"error":"control stream encountered a failure while serving","time":"2026-09-04T05:36:49Z","message":"Serve tunnel error"}
{"level":"info","event":0,"ip":"2606:4700:a0::8","connIndex":0,"time":"2026-09-04T05:36:49Z","message":"Retrying connection in up to 1m4s"}
{"level":"info","event":0,"ip":"2606:4700:a0::8","connIndex":0,"time":"2026-09-04T05:37:17Z","message":"Tunnel connection curve preferences: [X25519MLKEM768 CurveID(65074) CurveP256]"}
{"level":"error","event":0,"ip":"2606:4700:a0::8","connIndex":0,"error":"context canceled","time":"2026-09-04T05:37:17Z","message":"failed to run the datagram handler"}
{"level":"error","event":0,"ip":"2606:4700:a0::8","connIndex":0,"error":"control stream encountered a failure while serving","time":"2026-09-04T05:37:17Z","message":"failed to serve tunnel connection"}
{"level":"error","event":0,"ip":"2606:4700:a0::8","connIndex":0,"error":"control stream encountered a failure while serving","time":"2026-09-04T05:37:17Z","message":"Serve tunnel error"}
{"level":"info","event":0,"ip":"2606:4700:a0::8","connIndex":0,"time":"2026-09-04T05:37:17Z","message":"Retrying connection in up to 1m4s"}
{"level":"info","event":0,"ip":"2606:4700:a0::8","connIndex":0,"time":"2026-09-04T05:37:30Z","message":"Tunnel connection curve preferences: [X25519MLKEM768 CurveID(65074) CurveP256]"}
{"level":"error","event":0,"ip":"2606:4700:a0::8","connIndex":0,"error":"context canceled","time":"2026-09-04T05:37:30Z","message":"failed to run the datagram handler"}
{"level":"error","event":0,"ip":"2606:4700:a0::8","connIndex":0,"error":"control stream encountered a failure while serving","time":"2026-09-04T05:37:30Z","message":"failed to serve tunnel connection"}
{"level":"error","event":0,"ip":"2606:4700:a0::8","connIndex":0,"error":"control stream encountered a failure while serving","time":"2026-09-04T05:37:30Z","message":"Serve tunnel error"}
{"level":"info","event":0,"ip":"2606:4700:a0::8","connIndex":0,"time":"2026-09-04T05:37:30Z","message":"Retrying connection in up to 1m4s"}
{"level":"info","event":0,"ip":"2606:4700:a0::8","connIndex":0,"time":"2026-09-04T05:37:56Z","message":"Tunnel connection curve preferences: [X25519MLKEM768 CurveID(65074) CurveP256]"}
{"level":"error","event":0,"ip":"2606:4700:a0::8","connIndex":0,"error":"context canceled","time":"2026-09-04T05:37:56Z","message":"failed to run the datagram handler"}
{"level":"error","event":0,"ip":"2606:4700:a0::8","connIndex":0,"error":"control stream encountered a failure while serving","time":"2026-09-04T05:37:56Z","message":"failed to serve tunnel connection"}
{"level":"error","event":0,"ip":"2606:4700:a0::8","connIndex":0,"error":"control stream encountered a failure while serving","time":"2026-09-04T05:37:56Z","message":"Serve tunnel error"}
{"level":"info","event":0,"ip":"2606:4700:a0::8","connIndex":0,"time":"2026-09-04T05:37:56Z","message":"Retrying connection in up to 1m4s"}
{"level":"info","event":0,"ip":"2606:4700:a0::8","connIndex":0,"time":"2026-09-04T05:38:28Z","message":"Tunnel connection curve preferences: [X25519MLKEM768 CurveID(65074) CurveP256]"}
{"level":"error","event":0,"ip":"2606:4700:a0::8","connIndex":0,"error":"context canceled","time":"2026-09-04T05:38:28Z","message":"failed to run the datagram handler"}
{"level":"error","event":0,"ip":"2606:4700:a0::8","connIndex":0,"error":"control stream encountered a failure while serving","time":"2026-09-04T05:38:28Z","message":"failed to serve tunnel connection"}
{"level":"error","event":0,"ip":"2606:4700:a0::8","connIndex":0,"error":"control stream encountered a failure while serving","time":"2026-09-04T05:38:28Z","message":"Serve tunnel error"}
{"level":"info","event":0,"ip":"2606:4700:a0::8","connIndex":0,"time":"2026-09-04T05:38:28Z","message":"Retrying connection in up to 1m4s"}
{"level":"info","event":0,"ip":"2606:4700:a0::8","connIndex":0,"time":"2026-09-04T05:38:54Z","message":"Tunnel connection curve preferences: [X25519MLKEM768 CurveID(65074) CurveP256]"}
{"level":"error","event":0,"ip":"2606:4700:a0::8","connIndex":0,"error":"context canceled","time":"2026-09-04T05:38:54Z","message":"failed to run the datagram handler"}
{"level":"error","event":0,"ip":"2606:4700:a0::8","connIndex":0,"error":"control stream encountered a failure while serving","time":"2026-09-04T05:38:54Z","message":"failed to serve tunnel connection"}
{"level":"error","event":0,"ip":"2606:4700:a0::8","connIndex":0,"error":"control stream encountered a failure while serving","time":"2026-09-04T05:38:54Z","message":"Serve tunnel error"}
{"level":"info","event":0,"ip":"2606:4700:a0::8","connIndex":0,"time":"2026-09-04T05:38:54Z","message":"Retrying connection in up to 1m4s"}
{"level":"info","event":0,"ip":"2606:4700:a0::8","connIndex":0,"time":"2026-09-04T05:39:15Z","message":"Tunnel connection curve preferences: [X25519MLKEM768 CurveID(65074) CurveP256]"}
{"level":"error","event":0,"ip":"2606:4700:a0::8","connIndex":0,"error":"context canceled","time":"2026-09-04T05:39:15Z","message":"failed to run the datagram handler"}
{"level":"error","event":0,"ip":"2606:4700:a0::8","connIndex":0,"error":"control stream encountered a failure while serving","time":"2026-09-04T05:39:15Z","message":"failed to serve tunnel connection"}
{"level":"error","event":0,"ip":"2606:4700:a0::8","connIndex":0,"error":"control stream encountered a failure while serving","time":"2026-09-04T05:39:15Z","message":"Serve tunnel error"}
{"level":"info","event":0,"ip":"2606:4700:a0::8","connIndex":0,"time":"2026-09-04T05:39:15Z","message":"Retrying connection in up to 1m4s"}
{"level":"info","event":0,"ip":"2606:4700:a0::8","connIndex":0,"time":"2026-09-04T05:39:44Z","message":"Tunnel connection curve preferences: [X25519MLKEM768 CurveID(65074) CurveP256]"}
{"level":"error","event":0,"ip":"2606:4700:a0::8","connIndex":0,"error":"context canceled","time":"2026-09-04T05:39:44Z","message":"failed to run the datagram handler"}
{"level":"error","event":0,"ip":"2606:4700:a0::8","connIndex":0,"error":"control stream encountered a failure while serving","time":"2026-09-04T05:39:44Z","message":"failed to serve tunnel connection"}
{"level":"error","event":0,"ip":"2606:4700:a0::8","connIndex":0,"error":"control stream encountered a failure while serving","time":"2026-09-04T05:39:44Z","message":"Serve tunnel error"}
{"level":"info","event":0,"ip":"2606:4700:a0::8","connIndex":0,"time":"2026-09-04T05:39:44Z","message":"Retrying connection in up to 1m4s"}
{"level":"info","event":0,"ip":"2606:4700:a0::8","connIndex":0,"time":"2026-09-04T05:40:09Z","message":"Tunnel connection curve preferences: [X25519MLKEM768 CurveID(65074) CurveP256]"}
{"level":"error","event":0,"ip":"2606:4700:a0::8","connIndex":0,"error":"context canceled","time":"2026-09-04T05:40:09Z","message":"failed to run the datagram handler"}
{"level":"error","event":0,"ip":"2606:4700:a0::8","connIndex":0,"error":"control stream encountered a failure while serving","time":"2026-09-04T05:40:09Z","message":"failed to serve tunnel connection"}
{"level":"error","event":0,"ip":"2606:4700:a0::8","connIndex":0,"error":"control stream encountered a failure while serving","time":"2026-09-04T05:40:09Z","message":"Serve tunnel error"}
{"level":"info","event":0,"ip":"2606:4700:a0::8","connIndex":0,"time":"2026-09-04T05:40:09Z","message":"Retrying connection in up to 1m4s"}
{"level":"info","event":0,"ip":"2606:4700:a0::8","connIndex":0,"time":"2026-09-04T05:40:40Z","message":"Tunnel connection curve preferences: [X25519MLKEM768 CurveID(65074) CurveP256]"}
{"level":"error","event":0,"ip":"2606:4700:a0::8","connIndex":0,"error":"context canceled","time":"2026-09-04T05:40:40Z","message":"failed to run the datagram handler"}
{"level":"error","event":0,"ip":"2606:4700:a0::8","connIndex":0,"error":"control stream encountered a failure while serving","time":"2026-09-04T05:40:40Z","message":"failed to serve tunnel connection"}
{"level":"error","event":0,"ip":"2606:4700:a0::8","connIndex":0,"error":"control stream encountered a failure while serving","time":"2026-09-04T05:40:40Z","message":"Serve tunnel error"}
{"level":"info","event":0,"ip":"2606:4700:a0::8","connIndex":0,"time":"2026-09-04T05:40:40Z","message":"Retrying connection in up to 1m4s"}
{"level":"info","event":0,"ip":"2606:4700:a0::8","connIndex":0,"time":"2026-09-04T05:41:10Z","message":"Tunnel connection curve preferences: [X25519MLKEM768 CurveID(65074) CurveP256]"}
{"level":"error","event":0,"ip":"2606:4700:a0::8","connIndex":0,"error":"context canceled","time":"2026-09-04T05:41:11Z","message":"failed to run the datagram handler"}
{"level":"error","event":0,"ip":"2606:4700:a0::8","connIndex":0,"error":"control stream encountered a failure while serving","time":"2026-09-04T05:41:11Z","message":"failed to serve tunnel connection"}
{"level":"error","event":0,"ip":"2606:4700:a0::8","connIndex":0,"error":"control stream encountered a failure while serving","time":"2026-09-04T05:41:11Z","message":"Serve tunnel error"}
{"level":"info","event":0,"ip":"2606:4700:a0::8","connIndex":0,"time":"2026-09-04T05:41:11Z","message":"Retrying connection in up to 1m4s"}
{"level":"info","event":0,"ip":"2606:4700:a0::8","connIndex":0,"time":"2026-09-04T05:41:16Z","message":"Tunnel connection curve preferences: [X25519MLKEM768 CurveID(65074) CurveP256]"}
{"level":"error","event":0,"ip":"2606:4700:a0::8","connIndex":0,"error":"context canceled","time":"2026-09-04T05:41:16Z","message":"failed to run the datagram handler"}
{"level":"error","event":0,"ip":"2606:4700:a0::8","connIndex":0,"error":"control stream encountered a failure while serving","time":"2026-09-04T05:41:16Z","message":"failed to serve tunnel connection"}
{"level":"error","event":0,"ip":"2606:4700:a0::8","connIndex":0,"error":"control stream encountered a failure while serving","time":"2026-09-04T05:41:16Z","message":"Serve tunnel error"}
{"level":"info","event":0,"ip":"2606:4700:a0::8","connIndex":0,"time":"2026-09-04T05:41:16Z","message":"Retrying connection in up to 1m4s"}
{"level":"info","event":0,"ip":"2606:4700:a0::8","connIndex":0,"time":"2026-09-04T05:41:21Z","message":"Tunnel connection curve preferences: [X25519MLKEM768 CurveID(65074) CurveP256]"}
{"level":"error","event":0,"ip":"2606:4700:a0::8","connIndex":0,"error":"context canceled","time":"2026-09-04T05:41:21Z","message":"failed to run the datagram handler"}
{"level":"error","event":0,"ip":"2606:4700:a0::8","connIndex":0,"error":"control stream encountered a failure while serving","time":"2026-09-04T05:41:21Z","message":"failed to serve tunnel connection"}
{"level":"error","event":0,"ip":"2606:4700:a0::8","connIndex":0,"error":"control stream encountered a failure while serving","time":"2026-09-04T05:41:21Z","message":"Serve tunnel error"}
{"level":"info","event":0,"ip":"2606:4700:a0::8","connIndex":0,"time":"2026-09-04T05:41:21Z","message":"Retrying connection in up to 1m4s"}
{"level":"info","event":0,"ip":"2606:4700:a0::8","connIndex":0,"time":"2026-09-04T05:41:23Z","message":"Tunnel connection curve preferences: [X25519MLKEM768 CurveID(65074) CurveP256]"}
{"level":"error","event":0,"ip":"2606:4700:a0::8","connIndex":0,"error":"context canceled","time":"2026-09-04T05:41:23Z","message":"failed to run the datagram handler"}
{"level":"error","event":0,"ip":"2606:4700:a0::8","connIndex":0,"error":"control stream encountered a failure while serving","time":"2026-09-04T05:41:23Z","message":"failed to serve tunnel connection"}
{"level":"error","event":0,"ip":"2606:4700:a0::8","connIndex":0,"error":"control stream encountered a failure while serving","time":"2026-09-04T05:41:23Z","message":"Serve tunnel error"}
{"level":"info","event":0,"ip":"2606:4700:a0::8","connIndex":0,"time":"2026-09-04T05:41:23Z","message":"Retrying connection in up to 1m4s"}
{"level":"info","event":0,"ip":"2606:4700:a0::8","connIndex":0,"time":"2026-09-04T05:41:28Z","message":"Tunnel connection curve preferences: [X25519MLKEM768 CurveID(65074) CurveP256]"}
{"level":"error","event":0,"ip":"2606:4700:a0::8","connIndex":0,"error":"context canceled","time":"2026-09-04T05:41:28Z","message":"failed to run the datagram handler"}
{"level":"error","event":0,"ip":"2606:4700:a0::8","connIndex":0,"error":"control stream encountered a failure while serving","time":"2026-09-04T05:41:28Z","message":"failed to serve tunnel connection"}
{"level":"error","event":0,"ip":"2606:4700:a0::8","connIndex":0,"error":"control stream encountered a failure while serving","time":"2026-09-04T05:41:28Z","message":"Serve tunnel error"}
{"level":"info","event":0,"ip":"2606:4700:a0::8","connIndex":0,"time":"2026-09-04T05:41:28Z","message":"Retrying connection in up to 1m4s"}
{"level":"info","event":0,"ip":"2606:4700:a0::8","connIndex":0,"time":"2026-09-04T05:41:57Z","message":"Tunnel connection curve preferences: [X25519MLKEM768 CurveID(65074) CurveP256]"}
{"level":"error","event":0,"ip":"2606:4700:a0::8","connIndex":0,"error":"context canceled","time":"2026-09-04T05:41:57Z","message":"failed to run the datagram handler"}
{"level":"error","event":0,"ip":"2606:4700:a0::8","connIndex":0,"error":"control stream encountered a failure while serving","time":"2026-09-04T05:41:57Z","message":"failed to serve tunnel connection"}
{"level":"error","event":0,"ip":"2606:4700:a0::8","connIndex":0,"error":"control stream encountered a failure while serving","time":"2026-09-04T05:41:57Z","message":"Serve tunnel error"}
{"level":"info","event":0,"ip":"2606:4700:a0::8","connIndex":0,"time":"2026-09-04T05:41:57Z","message":"Retrying connection in up to 1m4s"}
{"level":"info","event":0,"ip":"2606:4700:a0::8","connIndex":0,"time":"2026-09-04T05:42:23Z","message":"Tunnel connection curve preferences: [X25519MLKEM768 CurveID(65074) CurveP256]"}
{"level":"error","event":0,"ip":"2606:4700:a0::8","connIndex":0,"error":"context canceled","time":"2026-09-04T05:42:23Z","message":"failed to run the datagram handler"}
{"level":"error","event":0,"ip":"2606:4700:a0::8","connIndex":0,"error":"control stream encountered a failure while serving","time":"2026-09-04T05:42:23Z","message":"failed to serve tunnel connection"}
{"level":"error","event":0,"ip":"2606:4700:a0::8","connIndex":0,"error":"control stream encountered a failure while serving","time":"2026-09-04T05:42:23Z","message":"Serve tunnel error"}
{"level":"info","event":0,"ip":"2606:4700:a0::8","connIndex":0,"time":"2026-09-04T05:42:23Z","message":"Retrying connection in up to 1m4s"}
{"level":"info","event":0,"ip":"2606:4700:a0::8","connIndex":0,"time":"2026-09-04T05:42:33Z","message":"Tunnel connection curve preferences: [X25519MLKEM768 CurveID(65074) CurveP256]"}
{"level":"error","event":0,"ip":"2606:4700:a0::8","connIndex":0,"error":"context canceled","time":"2026-09-04T05:42:33Z","message":"failed to run the datagram handler"}
{"level":"error","event":0,"ip":"2606:4700:a0::8","connIndex":0,"error":"control stream encountered a failure while serving","time":"2026-09-04T05:42:33Z","message":"failed to serve tunnel connection"}
{"level":"error","event":0,"ip":"2606:4700:a0::8","connIndex":0,"error":"control stream encountered a failure while serving","time":"2026-09-04T05:42:33Z","message":"Serve tunnel error"}
{"level":"info","event":0,"ip":"2606:4700:a0::8","connIndex":0,"time":"2026-09-04T05:42:33Z","message":"Retrying connection in up to 1m4s"}
{"level":"info","event":0,"ip":"2606:4700:a0::8","connIndex":0,"time":"2026-09-04T05:42:57Z","message":"Tunnel connection curve preferences: [X25519MLKEM768 CurveID(65074) CurveP256]"}
{"level":"error","event":0,"ip":"2606:4700:a0::8","connIndex":0,"error":"context canceled","time":"2026-09-04T05:42:57Z","message":"failed to run the datagram handler"}
{"level":"error","event":0,"ip":"2606:4700:a0::8","connIndex":0,"error":"control stream encountered a failure while serving","time":"2026-09-04T05:42:57Z","message":"failed to serve tunnel connection"}
{"level":"error","event":0,"ip":"2606:4700:a0::8","connIndex":0,"error":"control stream encountered a failure while serving","time":"2026-09-04T05:42:57Z","message":"Serve tunnel error"}
{"level":"info","event":0,"ip":"2606:4700:a0::8","connIndex":0,"time":"2026-09-04T05:42:57Z","message":"Retrying connection in up to 1m4s"}
{"level":"info","event":0,"ip":"2606:4700:a0::8","connIndex":0,"time":"2026-09-04T05:43:11Z","message":"Tunnel connection curve preferences: [X25519MLKEM768 CurveID(65074) CurveP256]"}
{"level":"error","event":0,"ip":"2606:4700:a0::8","connIndex":0,"error":"context canceled","time":"2026-09-04T05:43:11Z","message":"failed to run the datagram handler"}
{"level":"error","event":0,"ip":"2606:4700:a0::8","connIndex":0,"error":"control stream encountered a failure while serving","time":"2026-09-04T05:43:11Z","message":"failed to serve tunnel connection"}
{"level":"error","event":0,"ip":"2606:4700:a0::8","connIndex":0,"error":"control stream encountered a failure while serving","time":"2026-09-04T05:43:11Z","message":"Serve tunnel error"}
{"level":"info","event":0,"ip":"2606:4700:a0::8","connIndex":0,"time":"2026-09-04T05:43:11Z","message":"Retrying connection in up to 1m4s"}
{"level":"info","event":0,"ip":"2606:4700:a0::8","connIndex":0,"time":"2026-09-04T05:43:32Z","message":"Tunnel connection curve preferences: [X25519MLKEM768 CurveID(65074) CurveP256]"}
{"level":"error","event":0,"ip":"2606:4700:a0::8","connIndex":0,"error":"context canceled","time":"2026-09-04T05:43:32Z","message":"failed to run the datagram handler"}
{"level":"error","event":0,"ip":"2606:4700:a0::8","connIndex":0,"error":"control stream encountered a failure while serving","time":"2026-09-04T05:43:32Z","message":"failed to serve tunnel connection"}
{"level":"error","event":0,"ip":"2606:4700:a0::8","connIndex":0,"error":"control stream encountered a failure while serving","time":"2026-09-04T05:43:32Z","message":"Serve tunnel error"}
{"level":"info","event":0,"ip":"2606:4700:a0::8","connIndex":0,"time":"2026-09-04T05:43:32Z","message":"Retrying connection in up to 1m4s"}
{"level":"info","event":0,"ip":"2606:4700:a0::8","connIndex":0,"time":"2026-09-04T05:44:03Z","message":"Tunnel connection curve preferences: [X25519MLKEM768 CurveID(65074) CurveP256]"}
{"level":"error","event":0,"ip":"2606:4700:a0::8","connIndex":0,"error":"context canceled","time":"2026-09-04T05:44:03Z","message":"failed to run the datagram handler"}
{"level":"error","event":0,"ip":"2606:4700:a0::8","connIndex":0,"error":"control stream encountered a failure while serving","time":"2026-09-04T05:44:03Z","message":"failed to serve tunnel connection"}
{"level":"error","event":0,"ip":"2606:4700:a0::8","connIndex":0,"error":"control stream encountered a failure while serving","time":"2026-09-04T05:44:03Z","message":"Serve tunnel error"}
{"level":"info","event":0,"ip":"2606:4700:a0::8","connIndex":0,"time":"2026-09-04T05:44:03Z","message":"Retrying connection in up to 1m4s"}
{"level":"info","event":0,"ip":"2606:4700:a0::8","connIndex":0,"time":"2026-09-04T05:44:05Z","message":"Tunnel connection curve preferences: [X25519MLKEM768 CurveID(65074) CurveP256]"}
{"level":"error","event":0,"ip":"2606:4700:a0::8","connIndex":0,"error":"context canceled","time":"2026-09-04T05:44:05Z","message":"failed to run the datagram handler"}
{"level":"error","event":0,"ip":"2606:4700:a0::8","connIndex":0,"error":"control stream encountered a failure while serving","time":"2026-09-04T05:44:05Z","message":"failed to serve tunnel connection"}
{"level":"error","event":0,"ip":"2606:4700:a0::8","connIndex":0,"error":"control stream encountered a failure while serving","time":"2026-09-04T05:44:05Z","message":"Serve tunnel error"}
{"level":"info","event":0,"ip":"2606:4700:a0::8","connIndex":0,"time":"2026-09-04T05:44:05Z","message":"Retrying connection in up to 1m4s"}
{"level":"info","event":0,"ip":"2606:4700:a0::8","connIndex":0,"time":"2026-09-04T05:44:22Z","message":"Tunnel connection curve preferences: [X25519MLKEM768 CurveID(65074) CurveP256]"}
{"level":"error","event":0,"ip":"2606:4700:a0::8","connIndex":0,"error":"context canceled","time":"2026-09-04T05:44:22Z","message":"failed to run the datagram handler"}
{"level":"error","event":0,"ip":"2606:4700:a0::8","connIndex":0,"error":"control stream encountered a failure while serving","time":"2026-09-04T05:44:22Z","message":"failed to serve tunnel connection"}
{"level":"error","event":0,"ip":"2606:4700:a0::8","connIndex":0,"error":"control stream encountered a failure while serving","time":"2026-09-04T05:44:22Z","message":"Serve tunnel error"}
{"level":"info","event":0,"ip":"2606:4700:a0::8","connIndex":0,"time":"2026-09-04T05:44:22Z","message":"Retrying connection in up to 1m4s"}
{"level":"info","event":0,"ip":"2606:4700:a0::8","connIndex":0,"time":"2026-09-04T05:44:22Z","message":"Tunnel connection curve preferences: [X25519MLKEM768 CurveID(65074) CurveP256]"}
{"level":"error","event":0,"ip":"2606:4700:a0::8","connIndex":0,"error":"context canceled","time":"2026-09-04T05:44:22Z","message":"failed to run the datagram handler"}
{"level":"error","event":0,"ip":"2606:4700:a0::8","connIndex":0,"error":"control stream encountered a failure while serving","time":"2026-09-04T05:44:22Z","message":"failed to serve tunnel connection"}
{"level":"error","event":0,"ip":"2606:4700:a0::8","connIndex":0,"error":"control stream encountered a failure while serving","time":"2026-09-04T05:44:22Z","message":"Serve tunnel error"}
{"level":"info","event":0,"ip":"2606:4700:a0::8","connIndex":0,"time":"2026-09-04T05:44:22Z","message":"Retrying connection in up to 1m4s"}
{"level":"info","event":0,"ip":"2606:4700:a0::8","connIndex":0,"time":"2026-09-04T05:44:38Z","message":"Tunnel connection curve preferences: [X25519MLKEM768 CurveID(65074) CurveP256]"}
{"level":"error","event":0,"ip":"2606:4700:a0::8","connIndex":0,"error":"context canceled","time":"2026-09-04T05:44:38Z","message":"failed to run the datagram handler"}
{"level":"error","event":0,"ip":"2606:4700:a0::8","connIndex":0,"error":"control stream encountered a failure while serving","time":"2026-09-04T05:44:38Z","message":"failed to serve tunnel connection"}
{"level":"error","event":0,"ip":"2606:4700:a0::8","connIndex":0,"error":"control stream encountered a failure while serving","time":"2026-09-04T05:44:38Z","message":"Serve tunnel error"}
{"level":"info","event":0,"ip":"2606:4700:a0::8","connIndex":0,"time":"2026-09-04T05:44:38Z","message":"Retrying connection in up to 1m4s"}
{"level":"info","event":0,"ip":"2606:4700:a0::8","connIndex":0,"time":"2026-09-04T05:45:09Z","message":"Tunnel connection curve preferences: [X25519MLKEM768 CurveID(65074) CurveP256]"}
{"level":"error","event":0,"ip":"2606:4700:a0::8","connIndex":0,"error":"context canceled","time":"2026-09-04T05:45:09Z","message":"failed to run the datagram handler"}
{"level":"error","event":0,"ip":"2606:4700:a0::8","connIndex":0,"error":"control stream encountered a failure while serving","time":"2026-09-04T05:45:09Z","message":"failed to serve tunnel connection"}
{"level":"error","event":0,"ip":"2606:4700:a0::8","connIndex":0,"error":"control stream encountered a failure while serving","time":"2026-09-04T05:45:09Z","message":"Serve tunnel error"}
{"level":"info","event":0,"ip":"2606:4700:a0::8","connIndex":0,"time":"2026-09-04T05:45:09Z","message":"Retrying connection in up to 1m4s"}
{"level":"info","event":0,"ip":"2606:4700:a0::8","connIndex":0,"time":"2026-09-04T05:45:30Z","message":"Tunnel connection curve preferences: [X25519MLKEM768 CurveID(65074) CurveP256]"}
{"level":"error","event":0,"ip":"2606:4700:a0::8","connIndex":0,"error":"context canceled","time":"2026-09-04T05:45:30Z","message":"failed to run the datagram handler"}
{"level":"error","event":0,"ip":"2606:4700:a0::8","connIndex":0,"error":"control stream encountered a failure while serving","time":"2026-09-04T05:45:30Z","message":"failed to serve tunnel connection"}
{"level":"error","event":0,"ip":"2606:4700:a0::8","connIndex":0,"error":"control stream encountered a failure while serving","time":"2026-09-04T05:45:30Z","message":"Serve tunnel error"}
{"level":"info","event":0,"ip":"2606:4700:a0::8","connIndex":0,"time":"2026-09-04T05:45:30Z","message":"Retrying connection in up to 1m4s"}
{"level":"info","event":0,"ip":"2606:4700:a0::8","connIndex":0,"time":"2026-09-04T05:45:48Z","message":"Tunnel connection curve preferences: [X25519MLKEM768 CurveID(65074) CurveP256]"}
{"level":"error","event":0,"ip":"2606:4700:a0::8","connIndex":0,"error":"context canceled","time":"2026-09-04T05:45:48Z","message":"failed to run the datagram handler"}
{"level":"error","event":0,"ip":"2606:4700:a0::8","connIndex":0,"error":"control stream encountered a failure while serving","time":"2026-09-04T05:45:48Z","message":"failed to serve tunnel connection"}
{"level":"error","event":0,"ip":"2606:4700:a0::8","connIndex":0,"error":"control stream encountered a failure while serving","time":"2026-09-04T05:45:48Z","message":"Serve tunnel error"}
{"level":"info","event":0,"ip":"2606:4700:a0::8","connIndex":0,"time":"2026-09-04T05:45:48Z","message":"Retrying connection in up to 1m4s"}
{"level":"info","event":0,"ip":"2606:4700:a0::8","connIndex":0,"time":"2026-09-04T05:46:18Z","message":"Tunnel connection curve preferences: [X25519MLKEM768 CurveID(65074) CurveP256]"}
{"level":"error","event":0,"ip":"2606:4700:a0::8","connIndex":0,"error":"context canceled","time":"2026-09-04T05:46:18Z","message":"failed to run the datagram handler"}
{"level":"error","event":0,"ip":"2606:4700:a0::8","connIndex":0,"error":"control stream encountered a failure while serving","time":"2026-09-04T05:46:18Z","message":"failed to serve tunnel connection"}
{"level":"error","event":0,"ip":"2606:4700:a0::8","connIndex":0,"error":"control stream encountered a failure while serving","time":"2026-09-04T05:46:18Z","message":"Serve tunnel error"}
{"level":"info","event":0,"ip":"2606:4700:a0::8","connIndex":0,"time":"2026-09-04T05:46:18Z","message":"Retrying connection in up to 1m4s"}
{"level":"info","event":0,"ip":"2606:4700:a0::8","connIndex":0,"time":"2026-09-04T05:46:33Z","message":"Tunnel connection curve preferences: [X25519MLKEM768 CurveID(65074) CurveP256]"}
{"level":"error","event":0,"ip":"2606:4700:a0::8","connIndex":0,"error":"context canceled","time":"2026-09-04T05:46:33Z","message":"failed to run the datagram handler"}
{"level":"error","event":0,"ip":"2606:4700:a0::8","connIndex":0,"error":"control stream encountered a failure while serving","time":"2026-09-04T05:46:33Z","message":"failed to serve tunnel connection"}
{"level":"error","event":0,"ip":"2606:4700:a0::8","connIndex":0,"error":"control stream encountered a failure while serving","time":"2026-09-04T05:46:33Z","message":"Serve tunnel error"}
{"level":"info","event":0,"ip":"2606:4700:a0::8","connIndex":0,"time":"2026-09-04T05:46:33Z","message":"Retrying connection in up to 1m4s"}
{"level":"info","event":0,"ip":"2606:4700:a0::8","connIndex":0,"time":"2026-09-04T05:46:37Z","message":"Tunnel connection curve preferences: [X25519MLKEM768 CurveID(65074) CurveP256]"}
{"level":"error","event":0,"ip":"2606:4700:a0::8","connIndex":0,"error":"context canceled","time":"2026-09-04T05:46:37Z","message":"failed to run the datagram handler"}
{"level":"error","event":0,"ip":"2606:4700:a0::8","connIndex":0,"error":"control stream encountered a failure while serving","time":"2026-09-04T05:46:37Z","message":"failed to serve tunnel connection"}
{"level":"error","event":0,"ip":"2606:4700:a0::8","connIndex":0,"error":"control stream encountered a failure while serving","time":"2026-09-04T05:46:37Z","message":"Serve tunnel error"}
{"level":"info","event":0,"ip":"2606:4700:a0::8","connIndex":0,"time":"2026-09-04T05:46:37Z","message":"Retrying connection in up to 1m4s"}
{"level":"info","event":0,"ip":"2606:4700:a0::8","connIndex":0,"time":"2026-09-04T05:46:46Z","message":"Tunnel connection curve preferences: [X25519MLKEM768 CurveID(65074) CurveP256]"}
{"level":"error","event":0,"ip":"2606:4700:a0::8","connIndex":0,"error":"context canceled","time":"2026-09-04T05:46:47Z","message":"failed to run the datagram handler"}
{"level":"error","event":0,"ip":"2606:4700:a0::8","connIndex":0,"error":"control stream encountered a failure while serving","time":"2026-09-04T05:46:47Z","message":"failed to serve tunnel connection"}
{"level":"error","event":0,"ip":"2606:4700:a0::8","connIndex":0,"error":"control stream encountered a failure while serving","time":"2026-09-04T05:46:47Z","message":"Serve tunnel error"}
{"level":"info","event":0,"ip":"2606:4700:a0::8","connIndex":0,"time":"2026-09-04T05:46:47Z","message":"Retrying connection in up to 1m4s"}
{"level":"info","event":0,"ip":"2606:4700:a0::8","connIndex":0,"time":"2026-09-04T05:47:12Z","message":"Tunnel connection curve preferences: [X25519MLKEM768 CurveID(65074) CurveP256]"}
{"level":"error","event":0,"ip":"2606:4700:a0::8","connIndex":0,"error":"context canceled","time":"2026-09-04T05:47:12Z","message":"failed to run the datagram handler"}
{"level":"error","event":0,"ip":"2606:4700:a0::8","connIndex":0,"error":"control stream encountered a failure while serving","time":"2026-09-04T05:47:12Z","message":"failed to serve tunnel connection"}
{"level":"error","event":0,"ip":"2606:4700:a0::8","connIndex":0,"error":"control stream encountered a failure while serving","time":"2026-09-04T05:47:12Z","message":"Serve tunnel error"}
{"level":"info","event":0,"ip":"2606:4700:a0::8","connIndex":0,"time":"2026-09-04T05:47:12Z","message":"Retrying connection in up to 1m4s"}
{"level":"info","event":0,"ip":"2606:4700:a0::8","connIndex":0,"time":"2026-09-04T05:47:15Z","message":"Tunnel connection curve preferences: [X25519MLKEM768 CurveID(65074) CurveP256]"}
{"level":"error","event":0,"ip":"2606:4700:a0::8","connIndex":0,"error":"context canceled","time":"2026-09-04T05:47:15Z","message":"failed to run the datagram handler"}
{"level":"error","event":0,"ip":"2606:4700:a0::8","connIndex":0,"error":"control stream encountered a failure while serving","time":"2026-09-04T05:47:15Z","message":"failed to serve tunnel connection"}
{"level":"error","event":0,"ip":"2606:4700:a0::8","connIndex":0,"error":"control stream encountered a failure while serving","time":"2026-09-04T05:47:15Z","message":"Serve tunnel error"}
{"level":"info","event":0,"ip":"2606:4700:a0::8","connIndex":0,"time":"2026-09-04T05:47:15Z","message":"Retrying connection in up to 1m4s"}
{"level":"info","event":0,"ip":"2606:4700:a0::8","connIndex":0,"time":"2026-09-04T05:47:23Z","message":"Tunnel connection curve preferences: [X25519MLKEM768 CurveID(65074) CurveP256]"}
{"level":"error","event":0,"ip":"2606:4700:a0::8","connIndex":0,"error":"context canceled","time":"2026-09-04T05:47:23Z","message":"failed to run the datagram handler"}
{"level":"error","event":0,"ip":"2606:4700:a0::8","connIndex":0,"error":"control stream encountered a failure while serving","time":"2026-09-04T05:47:23Z","message":"failed to serve tunnel connection"}
{"level":"error","event":0,"ip":"2606:4700:a0::8","connIndex":0,"error":"control stream encountered a failure while serving","time":"2026-09-04T05:47:23Z","message":"Serve tunnel error"}
{"level":"info","event":0,"ip":"2606:4700:a0::8","connIndex":0,"time":"2026-09-04T05:47:23Z","message":"Retrying connection in up to 1m4s"}
{"level":"info","event":0,"ip":"2606:4700:a0::8","connIndex":0,"time":"2026-09-04T05:47:42Z","message":"Tunnel connection curve preferences: [X25519MLKEM768 CurveID(65074) CurveP256]"}
{"level":"error","event":0,"ip":"2606:4700:a0::8","connIndex":0,"error":"context canceled","time":"2026-09-04T05:47:42Z","message":"failed to run the datagram handler"}
{"level":"error","event":0,"ip":"2606:4700:a0::8","connIndex":0,"error":"control stream encountered a failure while serving","time":"2026-09-04T05:47:42Z","message":"failed to serve tunnel connection"}
{"level":"error","event":0,"ip":"2606:4700:a0::8","connIndex":0,"error":"control stream encountered a failure while serving","time":"2026-09-04T05:47:42Z","message":"Serve tunnel error"}
{"level":"info","event":0,"ip":"2606:4700:a0::8","connIndex":0,"time":"2026-09-04T05:47:42Z","message":"Retrying connection in up to 1m4s"}
{"level":"info","event":0,"ip":"2606:4700:a0::8","connIndex":0,"time":"2026-09-04T05:47:46Z","message":"Tunnel connection curve preferences: [X25519MLKEM768 CurveID(65074) CurveP256]"}
{"level":"error","event":0,"ip":"2606:4700:a0::8","connIndex":0,"error":"context canceled","time":"2026-09-04T05:47:46Z","message":"failed to run the datagram handler"}
{"level":"error","event":0,"ip":"2606:4700:a0::8","connIndex":0,"error":"control stream encountered a failure while serving","time":"2026-09-04T05:47:46Z","message":"failed to serve tunnel connection"}
{"level":"error","event":0,"ip":"2606:4700:a0::8","connIndex":0,"error":"control stream encountered a failure while serving","time":"2026-09-04T05:47:46Z","message":"Serve tunnel error"}
{"level":"info","event":0,"ip":"2606:4700:a0::8","connIndex":0,"time":"2026-09-04T05:47:46Z","message":"Retrying connection in up to 1m4s"}
{"level":"info","event":0,"ip":"2606:4700:a0::8","connIndex":0,"time":"2026-09-04T05:47:56Z","message":"Tunnel connection curve preferences: [X25519MLKEM768 CurveID(65074) CurveP256]"}
{"level":"error","event":0,"ip":"2606:4700:a0::8","connIndex":0,"error":"context canceled","time":"2026-09-04T05:47:56Z","message":"failed to run the datagram handler"}
{"level":"error","event":0,"ip":"2606:4700:a0::8","connIndex":0,"error":"control stream encountered a failure while serving","time":"2026-09-04T05:47:56Z","message":"failed to serve tunnel connection"}
{"level":"error","event":0,"ip":"2606:4700:a0::8","connIndex":0,"error":"control stream encountered a failure while serving","time":"2026-09-04T05:47:56Z","message":"Serve tunnel error"}
{"level":"info","event":0,"ip":"2606:4700:a0::8","connIndex":0,"time":"2026-09-04T05:47:56Z","message":"Retrying connection in up to 1m4s"}
{"level":"info","event":0,"ip":"2606:4700:a0::8","connIndex":0,"time":"2026-09-04T05:48:08Z","message":"Tunnel connection curve preferences: [X25519MLKEM768 CurveID(65074) CurveP256]"}
{"level":"error","event":0,"ip":"2606:4700:a0::8","connIndex":0,"error":"context canceled","time":"2026-09-04T05:48:08Z","message":"failed to run the datagram handler"}
{"level":"error","event":0,"ip":"2606:4700:a0::8","connIndex":0,"error":"control stream encountered a failure while serving","time":"2026-09-04T05:48:08Z","message":"failed to serve tunnel connection"}
{"level":"error","event":0,"ip":"2606:4700:a0::8","connIndex":0,"error":"control stream encountered a failure while serving","time":"2026-09-04T05:48:08Z","message":"Serve tunnel error"}
{"level":"info","event":0,"ip":"2606:4700:a0::8","connIndex":0,"time":"2026-09-04T05:48:08Z","message":"Retrying connection in up to 1m4s"}
{"level":"info","event":0,"ip":"2606:4700:a0::8","connIndex":0,"time":"2026-09-04T05:48:23Z","message":"Tunnel connection curve preferences: [X25519MLKEM768 CurveID(65074) CurveP256]"}
{"level":"error","event":0,"ip":"2606:4700:a0::8","connIndex":0,"error":"context canceled","time":"2026-09-04T05:48:23Z","message":"failed to run the datagram handler"}
{"level":"error","event":0,"ip":"2606:4700:a0::8","connIndex":0,"error":"control stream encountered a failure while serving","time":"2026-09-04T05:48:23Z","message":"failed to serve tunnel connection"}
{"level":"error","event":0,"ip":"2606:4700:a0::8","connIndex":0,"error":"control stream encountered a failure while serving","time":"2026-09-04T05:48:23Z","message":"Serve tunnel error"}
{"level":"info","event":0,"ip":"2606:4700:a0::8","connIndex":0,"time":"2026-09-04T05:48:23Z","message":"Retrying connection in up to 1m4s"}
{"level":"info","event":0,"ip":"2606:4700:a0::8","connIndex":0,"time":"2026-09-04T05:48:46Z","message":"Tunnel connection curve preferences: [X25519MLKEM768 CurveID(65074) CurveP256]"}
{"level":"error","event":0,"ip":"2606:4700:a0::8","connIndex":0,"error":"context canceled","time":"2026-09-04T05:48:46Z","message":"failed to run the datagram handler"}
{"level":"error","event":0,"ip":"2606:4700:a0::8","connIndex":0,"error":"control stream encountered a failure while serving","time":"2026-09-04T05:48:46Z","message":"failed to serve tunnel connection"}
{"level":"error","event":0,"ip":"2606:4700:a0::8","connIndex":0,"error":"control stream encountered a failure while serving","time":"2026-09-04T05:48:46Z","message":"Serve tunnel error"}
{"level":"info","event":0,"ip":"2606:4700:a0::8","connIndex":0,"time":"2026-09-04T05:48:46Z","message":"Retrying connection in up to 1m4s"}
{"level":"info","event":0,"ip":"2606:4700:a0::8","connIndex":0,"time":"2026-09-04T05:48:50Z","message":"Tunnel connection curve preferences: [X25519MLKEM768 CurveID(65074) CurveP256]"}
{"level":"error","event":0,"ip":"2606:4700:a0::8","connIndex":0,"error":"context canceled","time":"2026-09-04T05:48:50Z","message":"failed to run the datagram handler"}
{"level":"error","event":0,"ip":"2606:4700:a0::8","connIndex":0,"error":"control stream encountered a failure while serving","time":"2026-09-04T05:48:50Z","message":"failed to serve tunnel connection"}
{"level":"error","event":0,"ip":"2606:4700:a0::8","connIndex":0,"error":"control stream encountered a failure while serving","time":"2026-09-04T05:48:50Z","message":"Serve tunnel error"}
{"level":"info","event":0,"ip":"2606:4700:a0::8","connIndex":0,"time":"2026-09-04T05:48:50Z","message":"Retrying connection in up to 1m4s"}
{"level":"info","event":0,"ip":"2606:4700:a0::8","connIndex":0,"time":"2026-09-04T05:49:18Z","message":"Tunnel connection curve preferences: [X25519MLKEM768 CurveID(65074) CurveP256]"}
{"level":"error","event":0,"ip":"2606:4700:a0::8","connIndex":0,"error":"context canceled","time":"2026-09-04T05:49:18Z","message":"failed to run the datagram handler"}
{"level":"error","event":0,"ip":"2606:4700:a0::8","connIndex":0,"error":"control stream encountered a failure while serving","time":"2026-09-04T05:49:18Z","message":"failed to serve tunnel connection"}
{"level":"error","event":0,"ip":"2606:4700:a0::8","connIndex":0,"error":"control stream encountered a failure while serving","time":"2026-09-04T05:49:18Z","message":"Serve tunnel error"}
{"level":"info","event":0,"ip":"2606:4700:a0::8","connIndex":0,"time":"2026-09-04T05:49:18Z","message":"Retrying connection in up to 1m4s"}
{"level":"info","event":0,"ip":"2606:4700:a0::8","connIndex":0,"time":"2026-09-04T05:49:43Z","message":"Tunnel connection curve preferences: [X25519MLKEM768 CurveID(65074) CurveP256]"}
{"level":"error","event":0,"ip":"2606:4700:a0::8","connIndex":0,"error":"context canceled","time":"2026-09-04T05:49:43Z","message":"failed to run the datagram handler"}
{"level":"error","event":0,"ip":"2606:4700:a0::8","connIndex":0,"error":"control stream encountered a failure while serving","time":"2026-09-04T05:49:43Z","message":"failed to serve tunnel connection"}
{"level":"error","event":0,"ip":"2606:4700:a0::8","connIndex":0,"error":"control stream encountered a failure while serving","time":"2026-09-04T05:49:43Z","message":"Serve tunnel error"}
{"level":"info","event":0,"ip":"2606:4700:a0::8","connIndex":0,"time":"2026-09-04T05:49:43Z","message":"Retrying connection in up to 1m4s"}
{"level":"info","event":0,"ip":"2606:4700:a0::8","connIndex":0,"time":"2026-09-04T05:49:57Z","message":"Tunnel connection curve preferences: [X25519MLKEM768 CurveID(65074) CurveP256]"}
{"level":"error","event":0,"ip":"2606:4700:a0::8","connIndex":0,"error":"context canceled","time":"2026-09-04T05:49:57Z","message":"failed to run the datagram handler"}
{"level":"error","event":0,"ip":"2606:4700:a0::8","connIndex":0,"error":"control stream encountered a failure while serving","time":"2026-09-04T05:49:57Z","message":"failed to serve tunnel connection"}
{"level":"error","event":0,"ip":"2606:4700:a0::8","connIndex":0,"error":"control stream encountered a failure while serving","time":"2026-09-04T05:49:57Z","message":"Serve tunnel error"}
{"level":"info","event":0,"ip":"2606:4700:a0::8","connIndex":0,"time":"2026-09-04T05:49:57Z","message":"Retrying connection in up to 1m4s"}
{"level":"info","event":0,"ip":"2606:4700:a0::8","connIndex":0,"time":"2026-09-04T05:50:01Z","message":"Tunnel connection curve preferences: [X25519MLKEM768 CurveID(65074) CurveP256]"}
{"level":"error","event":0,"ip":"2606:4700:a0::8","connIndex":0,"error":"context canceled","time":"2026-09-04T05:50:01Z","message":"failed to run the datagram handler"}
{"level":"error","event":0,"ip":"2606:4700:a0::8","connIndex":0,"error":"control stream encountered a failure while serving","time":"2026-09-04T05:50:01Z","message":"failed to serve tunnel connection"}
{"level":"error","event":0,"ip":"2606:4700:a0::8","connIndex":0,"error":"control stream encountered a failure while serving","time":"2026-09-04T05:50:01Z","message":"Serve tunnel error"}
{"level":"info","event":0,"ip":"2606:4700:a0::8","connIndex":0,"time":"2026-09-04T05:50:01Z","message":"Retrying connection in up to 1m4s"}
{"level":"info","event":0,"ip":"2606:4700:a0::8","connIndex":0,"time":"2026-09-04T05:50:07Z","message":"Tunnel connection curve preferences: [X25519MLKEM768 CurveID(65074) CurveP256]"}
{"level":"error","event":0,"ip":"2606:4700:a0::8","connIndex":0,"error":"context canceled","time":"2026-09-04T05:50:07Z","message":"failed to run the datagram handler"}
{"level":"error","event":0,"ip":"2606:4700:a0::8","connIndex":0,"error":"control stream encountered a failure while serving","time":"2026-09-04T05:50:07Z","message":"failed to serve tunnel connection"}
{"level":"error","event":0,"ip":"2606:4700:a0::8","connIndex":0,"error":"control stream encountered a failure while serving","time":"2026-09-04T05:50:07Z","message":"Serve tunnel error"}
{"level":"info","event":0,"ip":"2606:4700:a0::8","connIndex":0,"time":"2026-09-04T05:50:07Z","message":"Retrying connection in up to 1m4s"}
{"level":"info","event":0,"ip":"2606:4700:a0::8","connIndex":0,"time":"2026-09-04T05:50:38Z","message":"Tunnel connection curve preferences: [X25519MLKEM768 CurveID(65074) CurveP256]"}
{"level":"error","event":0,"ip":"2606:4700:a0::8","connIndex":0,"error":"context canceled","time":"2026-09-04T05:50:38Z","message":"failed to run the datagram handler"}
{"level":"error","event":0,"ip":"2606:4700:a0::8","connIndex":0,"error":"control stream encountered a failure while serving","time":"2026-09-04T05:50:38Z","message":"failed to serve tunnel connection"}
{"level":"error","event":0,"ip":"2606:4700:a0::8","connIndex":0,"error":"control stream encountered a failure while serving","time":"2026-09-04T05:50:38Z","message":"Serve tunnel error"}
{"level":"info","event":0,"ip":"2606:4700:a0::8","connIndex":0,"time":"2026-09-04T05:50:38Z","message":"Retrying connection in up to 1m4s"}
{"level":"info","event":0,"ip":"2606:4700:a0::8","connIndex":0,"time":"2026-09-04T05:51:08Z","message":"Tunnel connection curve preferences: [X25519MLKEM768 CurveID(65074) CurveP256]"}
{"level":"error","event":0,"ip":"2606:4700:a0::8","connIndex":0,"error":"context canceled","time":"2026-09-04T05:51:08Z","message":"failed to run the datagram handler"}
{"level":"error","event":0,"ip":"2606:4700:a0::8","connIndex":0,"error":"control stream encountered a failure while serving","time":"2026-09-04T05:51:08Z","message":"failed to serve tunnel connection"}
{"level":"error","event":0,"ip":"2606:4700:a0::8","connIndex":0,"error":"control stream encountered a failure while serving","time":"2026-09-04T05:51:08Z","message":"Serve tunnel error"}
{"level":"info","event":0,"ip":"2606:4700:a0::8","connIndex":0,"time":"2026-09-04T05:51:08Z","message":"Retrying connection in up to 1m4s"}
{"level":"info","event":0,"ip":"2606:4700:a0::8","connIndex":0,"time":"2026-09-04T05:51:35Z","message":"Tunnel connection curve preferences: [X25519MLKEM768 CurveID(65074) CurveP256]"}
{"level":"error","event":0,"ip":"2606:4700:a0::8","connIndex":0,"error":"context canceled","time":"2026-09-04T05:51:35Z","message":"failed to run the datagram handler"}
{"level":"error","event":0,"ip":"2606:4700:a0::8","connIndex":0,"error":"control stream encountered a failure while serving","time":"2026-09-04T05:51:35Z","message":"failed to serve tunnel connection"}
{"level":"error","event":0,"ip":"2606:4700:a0::8","connIndex":0,"error":"control stream encountered a failure while serving","time":"2026-09-04T05:51:35Z","message":"Serve tunnel error"}
{"level":"info","event":0,"ip":"2606:4700:a0::8","connIndex":0,"time":"2026-09-04T05:51:35Z","message":"Retrying connection in up to 1m4s"}
{"level":"info","event":0,"ip":"2606:4700:a0::8","connIndex":0,"time":"2026-09-04T05:51:57Z","message":"Tunnel connection curve preferences: [X25519MLKEM768 CurveID(65074) CurveP256]"}
{"level":"error","event":0,"ip":"2606:4700:a0::8","connIndex":0,"error":"context canceled","time":"2026-09-04T05:51:57Z","message":"failed to run the datagram handler"}
{"level":"error","event":0,"ip":"2606:4700:a0::8","connIndex":0,"error":"control stream encountered a failure while serving","time":"2026-09-04T05:51:57Z","message":"failed to serve tunnel connection"}
{"level":"error","event":0,"ip":"2606:4700:a0::8","connIndex":0,"error":"control stream encountered a failure while serving","time":"2026-09-04T05:51:57Z","message":"Serve tunnel error"}
{"level":"info","event":0,"ip":"2606:4700:a0::8","connIndex":0,"time":"2026-09-04T05:51:57Z","message":"Retrying connection in up to 1m4s"}
{"level":"info","event":0,"ip":"2606:4700:a0::8","connIndex":0,"time":"2026-09-04T05:52:05Z","message":"Tunnel connection curve preferences: [X25519MLKEM768 CurveID(65074) CurveP256]"}
{"level":"error","event":0,"ip":"2606:4700:a0::8","connIndex":0,"error":"context canceled","time":"2026-09-04T05:52:05Z","message":"failed to run the datagram handler"}
{"level":"error","event":0,"ip":"2606:4700:a0::8","connIndex":0,"error":"control stream encountered a failure while serving","time":"2026-09-04T05:52:05Z","message":"failed to serve tunnel connection"}
{"level":"error","event":0,"ip":"2606:4700:a0::8","connIndex":0,"error":"control stream encountered a failure while serving","time":"2026-09-04T05:52:05Z","message":"Serve tunnel error"}
{"level":"info","event":0,"ip":"2606:4700:a0::8","connIndex":0,"time":"2026-09-04T05:52:05Z","message":"Retrying connection in up to 1m4s"}
{"level":"info","event":0,"ip":"2606:4700:a0::8","connIndex":0,"time":"2026-09-04T05:52:21Z","message":"Tunnel connection curve preferences: [X25519MLKEM768 CurveID(65074) CurveP256]"}
{"level":"error","event":0,"ip":"2606:4700:a0::8","connIndex":0,"error":"context canceled","time":"2026-09-04T05:52:21Z","message":"failed to run the datagram handler"}
{"level":"error","event":0,"ip":"2606:4700:a0::8","connIndex":0,"error":"control stream encountered a failure while serving","time":"2026-09-04T05:52:21Z","message":"failed to serve tunnel connection"}
{"level":"error","event":0,"ip":"2606:4700:a0::8","connIndex":0,"error":"control stream encountered a failure while serving","time":"2026-09-04T05:52:21Z","message":"Serve tunnel error"}
{"level":"info","event":0,"ip":"2606:4700:a0::8","connIndex":0,"time":"2026-09-04T05:52:21Z","message":"Retrying connection in up to 1m4s"}
{"level":"info","event":0,"ip":"2606:4700:a0::8","connIndex":0,"time":"2026-09-04T05:52:22Z","message":"Tunnel connection curve preferences: [X25519MLKEM768 CurveID(65074) CurveP256]"}
{"level":"error","event":0,"ip":"2606:4700:a0::8","connIndex":0,"error":"context canceled","time":"2026-09-04T05:52:22Z","message":"failed to run the datagram handler"}
{"level":"error","event":0,"ip":"2606:4700:a0::8","connIndex":0,"error":"control stream encountered a failure while serving","time":"2026-09-04T05:52:22Z","message":"failed to serve tunnel connection"}
{"level":"error","event":0,"ip":"2606:4700:a0::8","connIndex":0,"error":"control stream encountered a failure while serving","time":"2026-09-04T05:52:22Z","message":"Serve tunnel error"}
{"level":"info","event":0,"ip":"2606:4700:a0::8","connIndex":0,"time":"2026-09-04T05:52:22Z","message":"Retrying connection in up to 1m4s"}
{"level":"info","event":0,"ip":"2606:4700:a0::8","connIndex":0,"time":"2026-09-04T05:52:46Z","message":"Tunnel connection curve preferences: [X25519MLKEM768 CurveID(65074) CurveP256]"}
{"level":"error","event":0,"ip":"2606:4700:a0::8","connIndex":0,"error":"context canceled","time":"2026-09-04T05:52:46Z","message":"failed to run the datagram handler"}
{"level":"error","event":0,"ip":"2606:4700:a0::8","connIndex":0,"error":"control stream encountered a failure while serving","time":"2026-09-04T05:52:46Z","message":"failed to serve tunnel connection"}
{"level":"error","event":0,"ip":"2606:4700:a0::8","connIndex":0,"error":"control stream encountered a failure while serving","time":"2026-09-04T05:52:46Z","message":"Serve tunnel error"}
{"level":"info","event":0,"ip":"2606:4700:a0::8","connIndex":0,"time":"2026-09-04T05:52:46Z","message":"Retrying connection in up to 1m4s"}
{"level":"info","event":0,"ip":"2606:4700:a0::8","connIndex":0,"time":"2026-09-04T05:53:12Z","message":"Tunnel connection curve preferences: [X25519MLKEM768 CurveID(65074) CurveP256]"}
{"level":"error","event":0,"ip":"2606:4700:a0::8","connIndex":0,"error":"context canceled","time":"2026-09-04T05:53:12Z","message":"failed to run the datagram handler"}
{"level":"error","event":0,"ip":"2606:4700:a0::8","connIndex":0,"error":"control stream encountered a failure while serving","time":"2026-09-04T05:53:12Z","message":"failed to serve tunnel connection"}
{"level":"error","event":0,"ip":"2606:4700:a0::8","connIndex":0,"error":"control stream encountered a failure while serving","time":"2026-09-04T05:53:12Z","message":"Serve tunnel error"}
{"level":"info","event":0,"ip":"2606:4700:a0::8","connIndex":0,"time":"2026-09-04T05:53:12Z","message":"Retrying connection in up to 1m4s"}
{"level":"info","event":0,"ip":"2606:4700:a0::8","connIndex":0,"time":"2026-09-04T05:53:33Z","message":"Tunnel connection curve preferences: [X25519MLKEM768 CurveID(65074) CurveP256]"}
{"level":"error","event":0,"ip":"2606:4700:a0::8","connIndex":0,"error":"context canceled","time":"2026-09-04T05:53:33Z","message":"failed to run the datagram handler"}
{"level":"error","event":0,"ip":"2606:4700:a0::8","connIndex":0,"error":"control stream encountered a failure while serving","time":"2026-09-04T05:53:33Z","message":"failed to serve tunnel connection"}
{"level":"error","event":0,"ip":"2606:4700:a0::8","connIndex":0,"error":"control stream encountered a failure while serving","time":"2026-09-04T05:53:33Z","message":"Serve tunnel error"}
{"level":"info","event":0,"ip":"2606:4700:a0::8","connIndex":0,"time":"2026-09-04T05:53:33Z","message":"Retrying connection in up to 1m4s"}
{"level":"info","event":0,"ip":"2606:4700:a0::8","connIndex":0,"time":"2026-09-04T05:53:37Z","message":"Tunnel connection curve preferences: [X25519MLKEM768 CurveID(65074) CurveP256]"}
{"level":"error","event":0,"ip":"2606:4700:a0::8","connIndex":0,"error":"context canceled","time":"2026-09-04T05:53:37Z","message":"failed to run the datagram handler"}
{"level":"error","event":0,"ip":"2606:4700:a0::8","connIndex":0,"error":"control stream encountered a failure while serving","time":"2026-09-04T05:53:37Z","message":"failed to serve tunnel connection"}
{"level":"error","event":0,"ip":"2606:4700:a0::8","connIndex":0,"error":"control stream encountered a failure while serving","time":"2026-09-04T05:53:37Z","message":"Serve tunnel error"}
{"level":"info","event":0,"ip":"2606:4700:a0::8","connIndex":0,"time":"2026-09-04T05:53:37Z","message":"Retrying connection in up to 1m4s"}
{"level":"info","event":0,"ip":"2606:4700:a0::8","connIndex":0,"time":"2026-09-04T05:53:46Z","message":"Tunnel connection curve preferences: [X25519MLKEM768 CurveID(65074) CurveP256]"}
{"level":"error","event":0,"ip":"2606:4700:a0::8","connIndex":0,"error":"context canceled","time":"2026-09-04T05:53:46Z","message":"failed to run the datagram handler"}
{"level":"error","event":0,"ip":"2606:4700:a0::8","connIndex":0,"error":"control stream encountered a failure while serving","time":"2026-09-04T05:53:46Z","message":"failed to serve tunnel connection"}
{"level":"error","event":0,"ip":"2606:4700:a0::8","connIndex":0,"error":"control stream encountered a failure while serving","time":"2026-09-04T05:53:46Z","message":"Serve tunnel error"}
{"level":"info","event":0,"ip":"2606:4700:a0::8","connIndex":0,"time":"2026-09-04T05:53:46Z","message":"Retrying connection in up to 1m4s"}
{"level":"info","event":0,"ip":"2606:4700:a0::8","connIndex":0,"time":"2026-09-04T05:54:03Z","message":"Tunnel connection curve preferences: [X25519MLKEM768 CurveID(65074) CurveP256]"}
{"level":"error","event":0,"ip":"2606:4700:a0::8","connIndex":0,"error":"context canceled","time":"2026-09-04T05:54:03Z","message":"failed to run the datagram handler"}
{"level":"error","event":0,"ip":"2606:4700:a0::8","connIndex":0,"error":"control stream encountered a failure while serving","time":"2026-09-04T05:54:03Z","message":"failed to serve tunnel connection"}
{"level":"error","event":0,"ip":"2606:4700:a0::8","connIndex":0,"error":"control stream encountered a failure while serving","time":"2026-09-04T05:54:03Z","message":"Serve tunnel error"}
{"level":"info","event":0,"ip":"2606:4700:a0::8","connIndex":0,"time":"2026-09-04T05:54:03Z","message":"Retrying connection in up to 1m4s"}
{"level":"info","event":0,"ip":"2606:4700:a0::8","connIndex":0,"time":"2026-09-04T05:54:35Z","message":"Tunnel connection curve preferences: [X25519MLKEM768 CurveID(65074) CurveP256]"}
{"level":"error","event":0,"ip":"2606:4700:a0::8","connIndex":0,"error":"context canceled","time":"2026-09-04T05:54:35Z","message":"failed to run the datagram handler"}
{"level":"error","event":0,"ip":"2606:4700:a0::8","connIndex":0,"error":"control stream encountered a failure while serving","time":"2026-09-04T05:54:35Z","message":"failed to serve tunnel connection"}
{"level":"error","event":0,"ip":"2606:4700:a0::8","connIndex":0,"error":"control stream encountered a failure while serving","time":"2026-09-04T05:54:35Z","message":"Serve tunnel error"}
{"level":"info","event":0,"ip":"2606:4700:a0::8","connIndex":0,"time":"2026-09-04T05:54:35Z","message":"Retrying connection in up to 1m4s"}
{"level":"info","event":0,"ip":"2606:4700:a0::8","connIndex":0,"time":"2026-09-04T05:55:02Z","message":"Tunnel connection curve preferences: [X25519MLKEM768 CurveID(65074) CurveP256]"}
{"level":"error","event":0,"ip":"2606:4700:a0::8","connIndex":0,"error":"context canceled","time":"2026-09-04T05:55:02Z","message":"failed to run the datagram handler"}
{"level":"error","event":0,"ip":"2606:4700:a0::8","connIndex":0,"error":"control stream encountered a failure while serving","time":"2026-09-04T05:55:02Z","message":"failed to serve tunnel connection"}
{"level":"error","event":0,"ip":"2606:4700:a0::8","connIndex":0,"error":"control stream encountered a failure while serving","time":"2026-09-04T05:55:02Z","message":"Serve tunnel error"}
{"level":"info","event":0,"ip":"2606:4700:a0::8","connIndex":0,"time":"2026-09-04T05:55:02Z","message":"Retrying connection in up to 1m4s"}
{"level":"info","event":0,"ip":"2606:4700:a0::8","connIndex":0,"time":"2026-09-04T05:55:19Z","message":"Tunnel connection curve preferences: [X25519MLKEM768 CurveID(65074) CurveP256]"}
{"level":"error","event":0,"ip":"2606:4700:a0::8","connIndex":0,"error":"context canceled","time":"2026-09-04T05:55:19Z","message":"failed to run the datagram handler"}
{"level":"error","event":0,"ip":"2606:4700:a0::8","connIndex":0,"error":"control stream encountered a failure while serving","time":"2026-09-04T05:55:19Z","message":"failed to serve tunnel connection"}
{"level":"error","event":0,"ip":"2606:4700:a0::8","connIndex":0,"error":"control stream encountered a failure while serving","time":"2026-09-04T05:55:19Z","message":"Serve tunnel error"}
{"level":"info","event":0,"ip":"2606:4700:a0::8","connIndex":0,"time":"2026-09-04T05:55:19Z","message":"Retrying connection in up to 1m4s"}
{"level":"info","event":0,"ip":"2606:4700:a0::8","connIndex":0,"time":"2026-09-04T05:55:37Z","message":"Tunnel connection curve preferences: [X25519MLKEM768 CurveID(65074) CurveP256]"}
{"level":"error","event":0,"ip":"2606:4700:a0::8","connIndex":0,"error":"context canceled","time":"2026-09-04T05:55:37Z","message":"failed to run the datagram handler"}
{"level":"error","event":0,"ip":"2606:4700:a0::8","connIndex":0,"error":"control stream encountered a failure while serving","time":"2026-09-04T05:55:37Z","message":"failed to serve tunnel connection"}
{"level":"error","event":0,"ip":"2606:4700:a0::8","connIndex":0,"error":"control stream encountered a failure while serving","time":"2026-09-04T05:55:37Z","message":"Serve tunnel error"}
{"level":"info","event":0,"ip":"2606:4700:a0::8","connIndex":0,"time":"2026-09-04T05:55:37Z","message":"Retrying connection in up to 1m4s"}
{"level":"info","event":0,"ip":"2606:4700:a0::8","connIndex":0,"time":"2026-09-04T05:56:00Z","message":"Tunnel connection curve preferences: [X25519MLKEM768 CurveID(65074) CurveP256]"}
{"level":"error","event":0,"ip":"2606:4700:a0::8","connIndex":0,"error":"context canceled","time":"2026-09-04T05:56:01Z","message":"failed to run the datagram handler"}
{"level":"error","event":0,"ip":"2606:4700:a0::8","connIndex":0,"error":"control stream encountered a failure while serving","time":"2026-09-04T05:56:01Z","message":"failed to serve tunnel connection"}
{"level":"error","event":0,"ip":"2606:4700:a0::8","connIndex":0,"error":"control stream encountered a failure while serving","time":"2026-09-04T05:56:01Z","message":"Serve tunnel error"}
{"level":"info","event":0,"ip":"2606:4700:a0::8","connIndex":0,"time":"2026-09-04T05:56:01Z","message":"Retrying connection in up to 1m4s"}
{"level":"info","event":0,"ip":"2606:4700:a0::8","connIndex":0,"time":"2026-09-04T05:56:19Z","message":"Tunnel connection curve preferences: [X25519MLKEM768 CurveID(65074) CurveP256]"}
{"level":"error","event":0,"ip":"2606:4700:a0::8","connIndex":0,"error":"context canceled","time":"2026-09-04T05:56:19Z","message":"failed to run the datagram handler"}
{"level":"error","event":0,"ip":"2606:4700:a0::8","connIndex":0,"error":"control stream encountered a failure while serving","time":"2026-09-04T05:56:19Z","message":"failed to serve tunnel connection"}
{"level":"error","event":0,"ip":"2606:4700:a0::8","connIndex":0,"error":"control stream encountered a failure while serving","time":"2026-09-04T05:56:19Z","message":"Serve tunnel error"}
{"level":"info","event":0,"ip":"2606:4700:a0::8","connIndex":0,"time":"2026-09-04T05:56:19Z","message":"Retrying connection in up to 1m4s"}
{"level":"info","event":0,"ip":"2606:4700:a0::8","connIndex":0,"time":"2026-09-04T05:56:19Z","message":"Tunnel connection curve preferences: [X25519MLKEM768 CurveID(65074) CurveP256]"}
{"level":"error","event":0,"ip":"2606:4700:a0::8","connIndex":0,"error":"context canceled","time":"2026-09-04T05:56:20Z","message":"failed to run the datagram handler"}
{"level":"error","event":0,"ip":"2606:4700:a0::8","connIndex":0,"error":"control stream encountered a failure while serving","time":"2026-09-04T05:56:20Z","message":"failed to serve tunnel connection"}
{"level":"error","event":0,"ip":"2606:4700:a0::8","connIndex":0,"error":"control stream encountered a failure while serving","time":"2026-09-04T05:56:20Z","message":"Serve tunnel error"}
{"level":"info","event":0,"ip":"2606:4700:a0::8","connIndex":0,"time":"2026-09-04T05:56:20Z","message":"Retrying connection in up to 1m4s"}
{"level":"info","event":0,"ip":"2606:4700:a0::8","connIndex":0,"time":"2026-09-04T05:56:28Z","message":"Tunnel connection curve preferences: [X25519MLKEM768 CurveID(65074) CurveP256]"}
{"level":"error","event":0,"ip":"2606:4700:a0::8","connIndex":0,"error":"context canceled","time":"2026-09-04T05:56:28Z","message":"failed to run the datagram handler"}
{"level":"error","event":0,"ip":"2606:4700:a0::8","connIndex":0,"error":"control stream encountered a failure while serving","time":"2026-09-04T05:56:28Z","message":"failed to serve tunnel connection"}
{"level":"error","event":0,"ip":"2606:4700:a0::8","connIndex":0,"error":"control stream encountered a failure while serving","time":"2026-09-04T05:56:28Z","message":"Serve tunnel error"}
{"level":"info","event":0,"ip":"2606:4700:a0::8","connIndex":0,"time":"2026-09-04T05:56:28Z","message":"Retrying connection in up to 1m4s"}
{"level":"info","event":0,"ip":"2606:4700:a0::8","connIndex":0,"time":"2026-09-04T05:56:29Z","message":"Tunnel connection curve preferences: [X25519MLKEM768 CurveID(65074) CurveP256]"}
{"level":"error","event":0,"ip":"2606:4700:a0::8","connIndex":0,"error":"context canceled","time":"2026-09-04T05:56:29Z","message":"failed to run the datagram handler"}
{"level":"error","event":0,"ip":"2606:4700:a0::8","connIndex":0,"error":"control stream encountered a failure while serving","time":"2026-09-04T05:56:29Z","message":"failed to serve tunnel connection"}
{"level":"error","event":0,"ip":"2606:4700:a0::8","connIndex":0,"error":"control stream encountered a failure while serving","time":"2026-09-04T05:56:29Z","message":"Serve tunnel error"}
{"level":"info","event":0,"ip":"2606:4700:a0::8","connIndex":0,"time":"2026-09-04T05:56:29Z","message":"Retrying connection in up to 1m4s"}
{"level":"info","event":0,"ip":"2606:4700:a0::8","connIndex":0,"time":"2026-09-04T05:56:55Z","message":"Tunnel connection curve preferences: [X25519MLKEM768 CurveID(65074) CurveP256]"}
{"level":"error","event":0,"ip":"2606:4700:a0::8","connIndex":0,"error":"context canceled","time":"2026-09-04T05:56:55Z","message":"failed to run the datagram handler"}
{"level":"error","event":0,"ip":"2606:4700:a0::8","connIndex":0,"error":"control stream encountered a failure while serving","time":"2026-09-04T05:56:55Z","message":"failed to serve tunnel connection"}
{"level":"error","event":0,"ip":"2606:4700:a0::8","connIndex":0,"error":"control stream encountered a failure while serving","time":"2026-09-04T05:56:55Z","message":"Serve tunnel error"}
{"level":"info","event":0,"ip":"2606:4700:a0::8","connIndex":0,"time":"2026-09-04T05:56:55Z","message":"Retrying connection in up to 1m4s"}
{"level":"info","event":0,"ip":"2606:4700:a0::8","connIndex":0,"time":"2026-09-04T05:56:57Z","message":"Tunnel connection curve preferences: [X25519MLKEM768 CurveID(65074) CurveP256]"}
{"level":"error","event":0,"ip":"2606:4700:a0::8","connIndex":0,"error":"context canceled","time":"2026-09-04T05:56:57Z","message":"failed to run the datagram handler"}
{"level":"error","event":0,"ip":"2606:4700:a0::8","connIndex":0,"error":"control stream encountered a failure while serving","time":"2026-09-04T05:56:57Z","message":"failed to serve tunnel connection"}
{"level":"error","event":0,"ip":"2606:4700:a0::8","connIndex":0,"error":"control stream encountered a failure while serving","time":"2026-09-04T05:56:57Z","message":"Serve tunnel error"}
{"level":"info","event":0,"ip":"2606:4700:a0::8","connIndex":0,"time":"2026-09-04T05:56:57Z","message":"Retrying connection in up to 1m4s"}
{"level":"info","event":0,"ip":"2606:4700:a0::8","connIndex":0,"time":"2026-09-04T05:57:19Z","message":"Tunnel connection curve preferences: [X25519MLKEM768 CurveID(65074) CurveP256]"}
{"level":"error","event":0,"ip":"2606:4700:a0::8","connIndex":0,"error":"context canceled","time":"2026-09-04T05:57:19Z","message":"failed to run the datagram handler"}
{"level":"error","event":0,"ip":"2606:4700:a0::8","connIndex":0,"error":"control stream encountered a failure while serving","time":"2026-09-04T05:57:19Z","message":"failed to serve tunnel connection"}
{"level":"error","event":0,"ip":"2606:4700:a0::8","connIndex":0,"error":"control stream encountered a failure while serving","time":"2026-09-04T05:57:19Z","message":"Serve tunnel error"}
{"level":"info","event":0,"ip":"2606:4700:a0::8","connIndex":0,"time":"2026-09-04T05:57:19Z","message":"Retrying connection in up to 1m4s"}
{"level":"info","event":0,"ip":"2606:4700:a0::8","connIndex":0,"time":"2026-09-04T05:57:27Z","message":"Tunnel connection curve preferences: [X25519MLKEM768 CurveID(65074) CurveP256]"}
{"level":"error","event":0,"ip":"2606:4700:a0::8","connIndex":0,"error":"context canceled","time":"2026-09-04T05:57:27Z","message":"failed to run the datagram handler"}
{"level":"error","event":0,"ip":"2606:4700:a0::8","connIndex":0,"error":"control stream encountered a failure while serving","time":"2026-09-04T05:57:27Z","message":"failed to serve tunnel connection"}
{"level":"error","event":0,"ip":"2606:4700:a0::8","connIndex":0,"error":"control stream encountered a failure while serving","time":"2026-09-04T05:57:27Z","message":"Serve tunnel error"}
{"level":"info","event":0,"ip":"2606:4700:a0::8","connIndex":0,"time":"2026-09-04T05:57:27Z","message":"Retrying connection in up to 1m4s"}
{"level":"info","event":0,"ip":"2606:4700:a0::8","connIndex":0,"time":"2026-09-04T05:57:55Z","message":"Tunnel connection curve preferences: [X25519MLKEM768 CurveID(65074) CurveP256]"}
{"level":"error","event":0,"ip":"2606:4700:a0::8","connIndex":0,"error":"context canceled","time":"2026-09-04T05:57:55Z","message":"failed to run the datagram handler"}
{"level":"error","event":0,"ip":"2606:4700:a0::8","connIndex":0,"error":"control stream encountered a failure while serving","time":"2026-09-04T05:57:55Z","message":"failed to serve tunnel connection"}
{"level":"error","event":0,"ip":"2606:4700:a0::8","connIndex":0,"error":"control stream encountered a failure while serving","time":"2026-09-04T05:57:55Z","message":"Serve tunnel error"}
{"level":"info","event":0,"ip":"2606:4700:a0::8","connIndex":0,"time":"2026-09-04T05:57:55Z","message":"Retrying connection in up to 1m4s"}
{"level":"info","event":0,"ip":"2606:4700:a0::8","connIndex":0,"time":"2026-09-04T05:58:05Z","message":"Tunnel connection curve preferences: [X25519MLKEM768 CurveID(65074) CurveP256]"}
{"level":"error","event":0,"ip":"2606:4700:a0::8","connIndex":0,"error":"context canceled","time":"2026-09-04T05:58:05Z","message":"failed to run the datagram handler"}
{"level":"error","event":0,"ip":"2606:4700:a0::8","connIndex":0,"error":"control stream encountered a failure while serving","time":"2026-09-04T05:58:05Z","message":"failed to serve tunnel connection"}
{"level":"error","event":0,"ip":"2606:4700:a0::8","connIndex":0,"error":"control stream encountered a failure while serving","time":"2026-09-04T05:58:05Z","message":"Serve tunnel error"}
{"level":"info","event":0,"ip":"2606:4700:a0::8","connIndex":0,"time":"2026-09-04T05:58:05Z","message":"Retrying connection in up to 1m4s"}
{"level":"info","event":0,"ip":"2606:4700:a0::8","connIndex":0,"time":"2026-09-04T05:58:27Z","message":"Tunnel connection curve preferences: [X25519MLKEM768 CurveID(65074) CurveP256]"}
{"level":"error","event":0,"ip":"2606:4700:a0::8","connIndex":0,"error":"context canceled","time":"2026-09-04T05:58:27Z","message":"failed to run the datagram handler"}
{"level":"error","event":0,"ip":"2606:4700:a0::8","connIndex":0,"error":"control stream encountered a failure while serving","time":"2026-09-04T05:58:27Z","message":"failed to serve tunnel connection"}
{"level":"error","event":0,"ip":"2606:4700:a0::8","connIndex":0,"error":"control stream encountered a failure while serving","time":"2026-09-04T05:58:27Z","message":"Serve tunnel error"}
{"level":"info","event":0,"ip":"2606:4700:a0::8","connIndex":0,"time":"2026-09-04T05:58:27Z","message":"Retrying connection in up to 1m4s"}
{"level":"info","event":0,"ip":"2606:4700:a0::8","connIndex":0,"time":"2026-09-04T05:58:54Z","message":"Tunnel connection curve preferences: [X25519MLKEM768 CurveID(65074) CurveP256]"}
{"level":"error","event":0,"ip":"2606:4700:a0::8","connIndex":0,"error":"context canceled","time":"2026-09-04T05:58:54Z","message":"failed to run the datagram handler"}
{"level":"error","event":0,"ip":"2606:4700:a0::8","connIndex":0,"error":"control stream encountered a failure while serving","time":"2026-09-04T05:58:54Z","message":"failed to serve tunnel connection"}
{"level":"error","event":0,"ip":"2606:4700:a0::8","connIndex":0,"error":"control stream encountered a failure while serving","time":"2026-09-04T05:58:54Z","message":"Serve tunnel error"}
{"level":"info","event":0,"ip":"2606:4700:a0::8","connIndex":0,"time":"2026-09-04T05:58:54Z","message":"Retrying connection in up to 1m4s"}
{"level":"info","event":0,"ip":"2606:4700:a0::8","connIndex":0,"time":"2026-09-04T05:58:56Z","message":"Tunnel connection curve preferences: [X25519MLKEM768 CurveID(65074) CurveP256]"}
{"level":"error","event":0,"ip":"2606:4700:a0::8","connIndex":0,"error":"context canceled","time":"2026-09-04T05:58:56Z","message":"failed to run the datagram handler"}
{"level":"error","event":0,"ip":"2606:4700:a0::8","connIndex":0,"error":"control stream encountered a failure while serving","time":"2026-09-04T05:58:56Z","message":"failed to serve tunnel connection"}
{"level":"error","event":0,"ip":"2606:4700:a0::8","connIndex":0,"error":"control stream encountered a failure while serving","time":"2026-09-04T05:58:56Z","message":"Serve tunnel error"}
{"level":"info","event":0,"ip":"2606:4700:a0::8","connIndex":0,"time":"2026-09-04T05:58:56Z","message":"Retrying connection in up to 1m4s"}
{"level":"info","event":0,"ip":"2606:4700:a0::8","connIndex":0,"time":"2026-09-04T05:59:08Z","message":"Tunnel connection curve preferences: [X25519MLKEM768 CurveID(65074) CurveP256]"}
{"level":"error","event":0,"ip":"2606:4700:a0::8","connIndex":0,"error":"context canceled","time":"2026-09-04T05:59:08Z","message":"failed to run the datagram handler"}
{"level":"error","event":0,"ip":"2606:4700:a0::8","connIndex":0,"error":"control stream encountered a failure while serving","time":"2026-09-04T05:59:08Z","message":"failed to serve tunnel connection"}
{"level":"error","event":0,"ip":"2606:4700:a0::8","connIndex":0,"error":"control stream encountered a failure while serving","time":"2026-09-04T05:59:08Z","message":"Serve tunnel error"}
{"level":"info","event":0,"ip":"2606:4700:a0::8","connIndex":0,"time":"2026-09-04T05:59:08Z","message":"Retrying connection in up to 1m4s"}
{"level":"info","event":0,"ip":"2606:4700:a0::8","connIndex":0,"time":"2026-09-04T05:59:30Z","message":"Tunnel connection curve preferences: [X25519MLKEM768 CurveID(65074) CurveP256]"}
{"level":"error","event":0,"ip":"2606:4700:a0::8","connIndex":0,"error":"context canceled","time":"2026-09-04T05:59:30Z","message":"failed to run the datagram handler"}
{"level":"error","event":0,"ip":"2606:4700:a0::8","connIndex":0,"error":"control stream encountered a failure while serving","time":"2026-09-04T05:59:30Z","message":"failed to serve tunnel connection"}
{"level":"error","event":0,"ip":"2606:4700:a0::8","connIndex":0,"error":"control stream encountered a failure while serving","time":"2026-09-04T05:59:30Z","message":"Serve tunnel error"}
{"level":"info","event":0,"ip":"2606:4700:a0::8","connIndex":0,"time":"2026-09-04T05:59:30Z","message":"Retrying connection in up to 1m4s"}
{"level":"info","event":0,"ip":"2606:4700:a0::8","connIndex":0,"time":"2026-09-04T05:59:43Z","message":"Tunnel connection curve preferences: [X25519MLKEM768 CurveID(65074) CurveP256]"}
{"level":"error","event":0,"ip":"2606:4700:a0::8","connIndex":0,"error":"context canceled","time":"2026-09-04T05:59:43Z","message":"failed to run the datagram handler"}
{"level":"error","event":0,"ip":"2606:4700:a0::8","connIndex":0,"error":"control stream encountered a failure while serving","time":"2026-09-04T05:59:43Z","message":"failed to serve tunnel connection"}
{"level":"error","event":0,"ip":"2606:4700:a0::8","connIndex":0,"error":"control stream encountered a failure while serving","time":"2026-09-04T05:59:43Z","message":"Serve tunnel error"}
{"level":"info","event":0,"ip":"2606:4700:a0::8","connIndex":0,"time":"2026-09-04T05:59:43Z","message":"Retrying connection in up to 1m4s"}
{"level":"info","event":0,"ip":"2606:4700:a0::8","connIndex":0,"time":"2026-09-04T05:59:56Z","message":"Tunnel connection curve preferences: [X25519MLKEM768 CurveID(65074) CurveP256]"}
{"level":"error","event":0,"ip":"2606:4700:a0::8","connIndex":0,"error":"context canceled","time":"2026-09-04T05:59:56Z","message":"failed to run the datagram handler"}
{"level":"error","event":0,"ip":"2606:4700:a0::8","connIndex":0,"error":"control stream encountered a failure while serving","time":"2026-09-04T05:59:56Z","message":"failed to serve tunnel connection"}
{"level":"error","event":0,"ip":"2606:4700:a0::8","connIndex":0,"error":"control stream encountered a failure while serving","time":"2026-09-04T05:59:56Z","message":"Serve tunnel error"}
{"level":"info","event":0,"ip":"2606:4700:a0::8","connIndex":0,"time":"2026-09-04T05:59:56Z","message":"Retrying connection in up to 1m4s"}
{"level":"info","event":0,"ip":"2606:4700:a0::8","connIndex":0,"time":"2026-09-04T06:00:04Z","message":"Tunnel connection curve preferences: [X25519MLKEM768 CurveID(65074) CurveP256]"}
{"level":"error","event":0,"ip":"2606:4700:a0::8","connIndex":0,"error":"context canceled","time":"2026-09-04T06:00:04Z","message":"failed to run the datagram handler"}
{"level":"error","event":0,"ip":"2606:4700:a0::8","connIndex":0,"error":"control stream encountered a failure while serving","time":"2026-09-04T06:00:04Z","message":"failed to serve tunnel connection"}
{"level":"error","event":0,"ip":"2606:4700:a0::8","connIndex":0,"error":"control stream encountered a failure while serving","time":"2026-09-04T06:00:04Z","message":"Serve tunnel error"}
{"level":"info","event":0,"ip":"2606:4700:a0::8","connIndex":0,"time":"2026-09-04T06:00:04Z","message":"Retrying connection in up to 1m4s"}
{"level":"info","event":0,"ip":"2606:4700:a0::8","connIndex":0,"time":"2026-09-04T06:00:25Z","message":"Tunnel connection curve preferences: [X25519MLKEM768 CurveID(65074) CurveP256]"}
{"level":"error","event":0,"ip":"2606:4700:a0::8","connIndex":0,"error":"context canceled","time":"2026-09-04T06:00:25Z","message":"failed to run the datagram handler"}
{"level":"error","event":0,"ip":"2606:4700:a0::8","connIndex":0,"error":"control stream encountered a failure while serving","time":"2026-09-04T06:00:25Z","message":"failed to serve tunnel connection"}
{"level":"error","event":0,"ip":"2606:4700:a0::8","connIndex":0,"error":"control stream encountered a failure while serving","time":"2026-09-04T06:00:25Z","message":"Serve tunnel error"}
{"level":"info","event":0,"ip":"2606:4700:a0::8","connIndex":0,"time":"2026-09-04T06:00:25Z","message":"Retrying connection in up to 1m4s"}
{"level":"info","event":0,"ip":"2606:4700:a0::8","connIndex":0,"time":"2026-09-04T06:00:57Z","message":"Tunnel connection curve preferences: [X25519MLKEM768 CurveID(65074) CurveP256]"}
{"level":"error","event":0,"ip":"2606:4700:a0::8","connIndex":0,"error":"context canceled","time":"2026-09-04T06:00:57Z","message":"failed to run the datagram handler"}
{"level":"error","event":0,"ip":"2606:4700:a0::8","connIndex":0,"error":"control stream encountered a failure while serving","time":"2026-09-04T06:00:57Z","message":"failed to serve tunnel connection"}
{"level":"error","event":0,"ip":"2606:4700:a0::8","connIndex":0,"error":"control stream encountered a failure while serving","time":"2026-09-04T06:00:57Z","message":"Serve tunnel error"}
{"level":"info","event":0,"ip":"2606:4700:a0::8","connIndex":0,"time":"2026-09-04T06:00:57Z","message":"Retrying connection in up to 1m4s"}
{"level":"info","event":0,"ip":"2606:4700:a0::8","connIndex":0,"time":"2026-09-04T06:01:04Z","message":"Tunnel connection curve preferences: [X25519MLKEM768 CurveID(65074) CurveP256]"}
{"level":"error","event":0,"ip":"2606:4700:a0::8","connIndex":0,"error":"context canceled","time":"2026-09-04T06:01:04Z","message":"failed to run the datagram handler"}
{"level":"error","event":0,"ip":"2606:4700:a0::8","connIndex":0,"error":"control stream encountered a failure while serving","time":"2026-09-04T06:01:04Z","message":"failed to serve tunnel connection"}
{"level":"error","event":0,"ip":"2606:4700:a0::8","connIndex":0,"error":"control stream encountered a failure while serving","time":"2026-09-04T06:01:04Z","message":"Serve tunnel error"}
{"level":"info","event":0,"ip":"2606:4700:a0::8","connIndex":0,"time":"2026-09-04T06:01:04Z","message":"Retrying connection in up to 1m4s"}
{"level":"info","event":0,"ip":"2606:4700:a0::8","connIndex":0,"time":"2026-09-04T06:01:05Z","message":"Tunnel connection curve preferences: [X25519MLKEM768 CurveID(65074) CurveP256]"}
{"level":"error","event":0,"ip":"2606:4700:a0::8","connIndex":0,"error":"context canceled","time":"2026-09-04T06:01:05Z","message":"failed to run the datagram handler"}
{"level":"error","event":0,"ip":"2606:4700:a0::8","connIndex":0,"error":"control stream encountered a failure while serving","time":"2026-09-04T06:01:05Z","message":"failed to serve tunnel connection"}
{"level":"error","event":0,"ip":"2606:4700:a0::8","connIndex":0,"error":"control stream encountered a failure while serving","time":"2026-09-04T06:01:05Z","message":"Serve tunnel error"}
{"level":"info","event":0,"ip":"2606:4700:a0::8","connIndex":0,"time":"2026-09-04T06:01:05Z","message":"Retrying connection in up to 1m4s"}
{"level":"info","event":0,"ip":"2606:4700:a0::8","connIndex":0,"time":"2026-09-04T06:01:29Z","message":"Tunnel connection curve preferences: [X25519MLKEM768 CurveID(65074) CurveP256]"}
{"level":"error","event":0,"ip":"2606:4700:a0::8","connIndex":0,"error":"context canceled","time":"2026-09-04T06:01:29Z","message":"failed to run the datagram handler"}
{"level":"error","event":0,"ip":"2606:4700:a0::8","connIndex":0,"error":"control stream encountered a failure while serving","time":"2026-09-04T06:01:29Z","message":"failed to serve tunnel connection"}
{"level":"error","event":0,"ip":"2606:4700:a0::8","connIndex":0,"error":"control stream encountered a failure while serving","time":"2026-09-04T06:01:29Z","message":"Serve tunnel error"}
{"level":"info","event":0,"ip":"2606:4700:a0::8","connIndex":0,"time":"2026-09-04T06:01:29Z","message":"Retrying connection in up to 1m4s"}
{"level":"info","event":0,"ip":"2606:4700:a0::8","connIndex":0,"time":"2026-09-04T06:01:47Z","message":"Tunnel connection curve preferences: [X25519MLKEM768 CurveID(65074) CurveP256]"}
{"level":"error","event":0,"ip":"2606:4700:a0::8","connIndex":0,"error":"context canceled","time":"2026-09-04T06:01:47Z","message":"failed to run the datagram handler"}
{"level":"error","event":0,"ip":"2606:4700:a0::8","connIndex":0,"error":"control stream encountered a failure while serving","time":"2026-09-04T06:01:47Z","message":"failed to serve tunnel connection"}
{"level":"error","event":0,"ip":"2606:4700:a0::8","connIndex":0,"error":"control stream encountered a failure while serving","time":"2026-09-04T06:01:47Z","message":"Serve tunnel error"}
{"level":"info","event":0,"ip":"2606:4700:a0::8","connIndex":0,"time":"2026-09-04T06:01:47Z","message":"Retrying connection in up to 1m4s"}
{"level":"info","event":0,"ip":"2606:4700:a0::8","connIndex":0,"time":"2026-09-04T06:02:11Z","message":"Tunnel connection curve preferences: [X25519MLKEM768 CurveID(65074) CurveP256]"}
{"level":"error","event":0,"ip":"2606:4700:a0::8","connIndex":0,"error":"context canceled","time":"2026-09-04T06:02:11Z","message":"failed to run the datagram handler"}
{"level":"error","event":0,"ip":"2606:4700:a0::8","connIndex":0,"error":"control stream encountered a failure while serving","time":"2026-09-04T06:02:11Z","message":"failed to serve tunnel connection"}
{"level":"error","event":0,"ip":"2606:4700:a0::8","connIndex":0,"error":"control stream encountered a failure while serving","time":"2026-09-04T06:02:11Z","message":"Serve tunnel error"}
{"level":"info","event":0,"ip":"2606:4700:a0::8","connIndex":0,"time":"2026-09-04T06:02:11Z","message":"Retrying connection in up to 1m4s"}
{"level":"info","event":0,"ip":"2606:4700:a0::8","connIndex":0,"time":"2026-09-04T06:02:20Z","message":"Tunnel connection curve preferences: [X25519MLKEM768 CurveID(65074) CurveP256]"}
{"level":"error","event":0,"ip":"2606:4700:a0::8","connIndex":0,"error":"context canceled","time":"2026-09-04T06:02:20Z","message":"failed to run the datagram handler"}
{"level":"error","event":0,"ip":"2606:4700:a0::8","connIndex":0,"error":"control stream encountered a failure while serving","time":"2026-09-04T06:02:20Z","message":"failed to serve tunnel connection"}
{"level":"error","event":0,"ip":"2606:4700:a0::8","connIndex":0,"error":"control stream encountered a failure while serving","time":"2026-09-04T06:02:20Z","message":"Serve tunnel error"}
{"level":"info","event":0,"ip":"2606:4700:a0::8","connIndex":0,"time":"2026-09-04T06:02:20Z","message":"Retrying connection in up to 1m4s"}
{"level":"info","event":0,"ip":"2606:4700:a0::8","connIndex":0,"time":"2026-09-04T06:02:39Z","message":"Tunnel connection curve preferences: [X25519MLKEM768 CurveID(65074) CurveP256]"}
{"level":"error","event":0,"ip":"2606:4700:a0::8","connIndex":0,"error":"context canceled","time":"2026-09-04T06:02:40Z","message":"failed to run the datagram handler"}
{"level":"error","event":0,"ip":"2606:4700:a0::8","connIndex":0,"error":"control stream encountered a failure while serving","time":"2026-09-04T06:02:40Z","message":"failed to serve tunnel connection"}
{"level":"error","event":0,"ip":"2606:4700:a0::8","connIndex":0,"error":"control stream encountered a failure while serving","time":"2026-09-04T06:02:40Z","message":"Serve tunnel error"}
{"level":"info","event":0,"ip":"2606:4700:a0::8","connIndex":0,"time":"2026-09-04T06:02:40Z","message":"Retrying connection in up to 1m4s"}
{"level":"info","event":0,"ip":"2606:4700:a0::8","connIndex":0,"time":"2026-09-04T06:02:45Z","message":"Tunnel connection curve preferences: [X25519MLKEM768 CurveID(65074) CurveP256]"}
{"level":"error","event":0,"ip":"2606:4700:a0::8","connIndex":0,"error":"context canceled","time":"2026-09-04T06:02:46Z","message":"failed to run the datagram handler"}
{"level":"error","event":0,"ip":"2606:4700:a0::8","connIndex":0,"error":"control stream encountered a failure while serving","time":"2026-09-04T06:02:46Z","message":"failed to serve tunnel connection"}
{"level":"error","event":0,"ip":"2606:4700:a0::8","connIndex":0,"error":"control stream encountered a failure while serving","time":"2026-09-04T06:02:46Z","message":"Serve tunnel error"}
{"level":"info","event":0,"ip":"2606:4700:a0::8","connIndex":0,"time":"2026-09-04T06:02:46Z","message":"Retrying connection in up to 1m4s"}
{"level":"info","event":0,"ip":"2606:4700:a0::8","connIndex":0,"time":"2026-09-04T06:02:46Z","message":"Tunnel connection curve preferences: [X25519MLKEM768 CurveID(65074) CurveP256]"}
{"level":"error","event":0,"ip":"2606:4700:a0::8","connIndex":0,"error":"context canceled","time":"2026-09-04T06:02:46Z","message":"failed to run the datagram handler"}
{"level":"error","event":0,"ip":"2606:4700:a0::8","connIndex":0,"error":"control stream encountered a failure while serving","time":"2026-09-04T06:02:46Z","message":"failed to serve tunnel connection"}
{"level":"error","event":0,"ip":"2606:4700:a0::8","connIndex":0,"error":"control stream encountered a failure while serving","time":"2026-09-04T06:02:46Z","message":"Serve tunnel error"}
{"level":"info","event":0,"ip":"2606:4700:a0::8","connIndex":0,"time":"2026-09-04T06:02:46Z","message":"Retrying connection in up to 1m4s"}
{"level":"info","event":0,"ip":"2606:4700:a0::8","connIndex":0,"time":"2026-09-04T06:02:56Z","message":"Tunnel connection curve preferences: [X25519MLKEM768 CurveID(65074) CurveP256]"}
{"level":"error","event":0,"ip":"2606:4700:a0::8","connIndex":0,"error":"context canceled","time":"2026-09-04T06:02:56Z","message":"failed to run the datagram handler"}
{"level":"error","event":0,"ip":"2606:4700:a0::8","connIndex":0,"error":"control stream encountered a failure while serving","time":"2026-09-04T06:02:56Z","message":"failed to serve tunnel connection"}
{"level":"error","event":0,"ip":"2606:4700:a0::8","connIndex":0,"error":"control stream encountered a failure while serving","time":"2026-09-04T06:02:56Z","message":"Serve tunnel error"}
{"level":"info","event":0,"ip":"2606:4700:a0::8","connIndex":0,"time":"2026-09-04T06:02:56Z","message":"Retrying connection in up to 1m4s"}
{"level":"info","event":0,"ip":"2606:4700:a0::8","connIndex":0,"time":"2026-09-04T06:02:56Z","message":"Tunnel connection curve preferences: [X25519MLKEM768 CurveID(65074) CurveP256]"}
{"level":"error","event":0,"ip":"2606:4700:a0::8","connIndex":0,"error":"context canceled","time":"2026-09-04T06:02:57Z","message":"failed to run the datagram handler"}
{"level":"error","event":0,"ip":"2606:4700:a0::8","connIndex":0,"error":"control stream encountered a failure while serving","time":"2026-09-04T06:02:57Z","message":"failed to serve tunnel connection"}
{"level":"error","event":0,"ip":"2606:4700:a0::8","connIndex":0,"error":"control stream encountered a failure while serving","time":"2026-09-04T06:02:57Z","message":"Serve tunnel error"}
{"level":"info","event":0,"ip":"2606:4700:a0::8","connIndex":0,"time":"2026-09-04T06:02:57Z","message":"Retrying connection in up to 1m4s"}
{"level":"info","event":0,"ip":"2606:4700:a0::8","connIndex":0,"time":"2026-09-04T06:03:22Z","message":"Tunnel connection curve preferences: [X25519MLKEM768 CurveID(65074) CurveP256]"}
{"level":"error","event":0,"ip":"2606:4700:a0::8","connIndex":0,"error":"context canceled","time":"2026-09-04T06:03:22Z","message":"failed to run the datagram handler"}
{"level":"error","event":0,"ip":"2606:4700:a0::8","connIndex":0,"error":"control stream encountered a failure while serving","time":"2026-09-04T06:03:22Z","message":"failed to serve tunnel connection"}
{"level":"error","event":0,"ip":"2606:4700:a0::8","connIndex":0,"error":"control stream encountered a failure while serving","time":"2026-09-04T06:03:22Z","message":"Serve tunnel error"}
{"level":"info","event":0,"ip":"2606:4700:a0::8","connIndex":0,"time":"2026-09-04T06:03:22Z","message":"Retrying connection in up to 1m4s"}
{"level":"info","event":0,"ip":"2606:4700:a0::8","connIndex":0,"time":"2026-09-04T06:03:30Z","message":"Tunnel connection curve preferences: [X25519MLKEM768 CurveID(65074) CurveP256]"}
{"level":"error","event":0,"ip":"2606:4700:a0::8","connIndex":0,"error":"context canceled","time":"2026-09-04T06:03:30Z","message":"failed to run the datagram handler"}
{"level":"error","event":0,"ip":"2606:4700:a0::8","connIndex":0,"error":"control stream encountered a failure while serving","time":"2026-09-04T06:03:30Z","message":"failed to serve tunnel connection"}
{"level":"error","event":0,"ip":"2606:4700:a0::8","connIndex":0,"error":"control stream encountered a failure while serving","time":"2026-09-04T06:03:30Z","message":"Serve tunnel error"}
{"level":"info","event":0,"ip":"2606:4700:a0::8","connIndex":0,"time":"2026-09-04T06:03:30Z","message":"Retrying connection in up to 1m4s"}
{"level":"info","event":0,"ip":"2606:4700:a0::8","connIndex":0,"time":"2026-09-04T06:03:50Z","message":"Tunnel connection curve preferences: [X25519MLKEM768 CurveID(65074) CurveP256]"}
{"level":"error","event":0,"ip":"2606:4700:a0::8","connIndex":0,"error":"context canceled","time":"2026-09-04T06:03:50Z","message":"failed to run the datagram handler"}
{"level":"error","event":0,"ip":"2606:4700:a0::8","connIndex":0,"error":"control stream encountered a failure while serving","time":"2026-09-04T06:03:50Z","message":"failed to serve tunnel connection"}
{"level":"error","event":0,"ip":"2606:4700:a0::8","connIndex":0,"error":"control stream encountered a failure while serving","time":"2026-09-04T06:03:50Z","message":"Serve tunnel error"}
{"level":"info","event":0,"ip":"2606:4700:a0::8","connIndex":0,"time":"2026-09-04T06:03:50Z","message":"Retrying connection in up to 1m4s"}
{"level":"info","event":0,"ip":"2606:4700:a0::8","connIndex":0,"time":"2026-09-04T06:04:07Z","message":"Tunnel connection curve preferences: [X25519MLKEM768 CurveID(65074) CurveP256]"}
{"level":"error","event":0,"ip":"2606:4700:a0::8","connIndex":0,"error":"context canceled","time":"2026-09-04T06:04:07Z","message":"failed to run the datagram handler"}
{"level":"error","event":0,"ip":"2606:4700:a0::8","connIndex":0,"error":"control stream encountered a failure while serving","time":"2026-09-04T06:04:07Z","message":"failed to serve tunnel connection"}
{"level":"error","event":0,"ip":"2606:4700:a0::8","connIndex":0,"error":"control stream encountered a failure while serving","time":"2026-09-04T06:04:07Z","message":"Serve tunnel error"}
{"level":"info","event":0,"ip":"2606:4700:a0::8","connIndex":0,"time":"2026-09-04T06:04:07Z","message":"Retrying connection in up to 1m4s"}
{"level":"info","event":0,"ip":"2606:4700:a0::8","connIndex":0,"time":"2026-09-04T06:04:21Z","message":"Tunnel connection curve preferences: [X25519MLKEM768 CurveID(65074) CurveP256]"}
{"level":"error","event":0,"ip":"2606:4700:a0::8","connIndex":0,"error":"context canceled","time":"2026-09-04T06:04:21Z","message":"failed to run the datagram handler"}
{"level":"error","event":0,"ip":"2606:4700:a0::8","connIndex":0,"error":"control stream encountered a failure while serving","time":"2026-09-04T06:04:21Z","message":"failed to serve tunnel connection"}
{"level":"error","event":0,"ip":"2606:4700:a0::8","connIndex":0,"error":"control stream encountered a failure while serving","time":"2026-09-04T06:04:21Z","message":"Serve tunnel error"}
{"level":"info","event":0,"ip":"2606:4700:a0::8","connIndex":0,"time":"2026-09-04T06:04:21Z","message":"Retrying connection in up to 1m4s"}
{"level":"info","event":0,"ip":"2606:4700:a0::8","connIndex":0,"time":"2026-09-04T06:04:28Z","message":"Tunnel connection curve preferences: [X25519MLKEM768 CurveID(65074) CurveP256]"}
{"level":"error","event":0,"ip":"2606:4700:a0::8","connIndex":0,"error":"context canceled","time":"2026-09-04T06:04:28Z","message":"failed to run the datagram handler"}
{"level":"error","event":0,"ip":"2606:4700:a0::8","connIndex":0,"error":"control stream encountered a failure while serving","time":"2026-09-04T06:04:28Z","message":"failed to serve tunnel connection"}
{"level":"error","event":0,"ip":"2606:4700:a0::8","connIndex":0,"error":"control stream encountered a failure while serving","time":"2026-09-04T06:04:28Z","message":"Serve tunnel error"}
{"level":"info","event":0,"ip":"2606:4700:a0::8","connIndex":0,"time":"2026-09-04T06:04:28Z","message":"Retrying connection in up to 1m4s"}
{"level":"info","event":0,"ip":"2606:4700:a0::8","connIndex":0,"time":"2026-09-04T06:04:53Z","message":"Tunnel connection curve preferences: [X25519MLKEM768 CurveID(65074) CurveP256]"}
{"level":"error","event":0,"ip":"2606:4700:a0::8","connIndex":0,"error":"context canceled","time":"2026-09-04T06:04:53Z","message":"failed to run the datagram handler"}
{"level":"error","event":0,"ip":"2606:4700:a0::8","connIndex":0,"error":"control stream encountered a failure while serving","time":"2026-09-04T06:04:53Z","message":"failed to serve tunnel connection"}
{"level":"error","event":0,"ip":"2606:4700:a0::8","connIndex":0,"error":"control stream encountered a failure while serving","time":"2026-09-04T06:04:53Z","message":"Serve tunnel error"}
{"level":"info","event":0,"ip":"2606:4700:a0::8","connIndex":0,"time":"2026-09-04T06:04:53Z","message":"Retrying connection in up to 1m4s"}
{"level":"info","event":0,"ip":"2606:4700:a0::8","connIndex":0,"time":"2026-09-04T06:05:09Z","message":"Tunnel connection curve preferences: [X25519MLKEM768 CurveID(65074) CurveP256]"}
{"level":"error","event":0,"ip":"2606:4700:a0::8","connIndex":0,"error":"context canceled","time":"2026-09-04T06:05:09Z","message":"failed to run the datagram handler"}
{"level":"error","event":0,"ip":"2606:4700:a0::8","connIndex":0,"error":"control stream encountered a failure while serving","time":"2026-09-04T06:05:09Z","message":"failed to serve tunnel connection"}
{"level":"error","event":0,"ip":"2606:4700:a0::8","connIndex":0,"error":"control stream encountered a failure while serving","time":"2026-09-04T06:05:09Z","message":"Serve tunnel error"}
{"level":"info","event":0,"ip":"2606:4700:a0::8","connIndex":0,"time":"2026-09-04T06:05:09Z","message":"Retrying connection in up to 1m4s"}
{"level":"info","event":0,"ip":"2606:4700:a0::8","connIndex":0,"time":"2026-09-04T06:05:18Z","message":"Tunnel connection curve preferences: [X25519MLKEM768 CurveID(65074) CurveP256]"}
{"level":"error","event":0,"ip":"2606:4700:a0::8","connIndex":0,"error":"context canceled","time":"2026-09-04T06:05:19Z","message":"failed to run the datagram handler"}
{"level":"error","event":0,"ip":"2606:4700:a0::8","connIndex":0,"error":"control stream encountered a failure while serving","time":"2026-09-04T06:05:19Z","message":"failed to serve tunnel connection"}
{"level":"error","event":0,"ip":"2606:4700:a0::8","connIndex":0,"error":"control stream encountered a failure while serving","time":"2026-09-04T06:05:19Z","message":"Serve tunnel error"}
{"level":"info","event":0,"ip":"2606:4700:a0::8","connIndex":0,"time":"2026-09-04T06:05:19Z","message":"Retrying connection in up to 1m4s"}
{"level":"info","event":0,"ip":"2606:4700:a0::8","connIndex":0,"time":"2026-09-04T06:05:30Z","message":"Tunnel connection curve preferences: [X25519MLKEM768 CurveID(65074) CurveP256]"}
{"level":"error","event":0,"ip":"2606:4700:a0::8","connIndex":0,"error":"context canceled","time":"2026-09-04T06:05:30Z","message":"failed to run the datagram handler"}
{"level":"error","event":0,"ip":"2606:4700:a0::8","connIndex":0,"error":"control stream encountered a failure while serving","time":"2026-09-04T06:05:30Z","message":"failed to serve tunnel connection"}
{"level":"error","event":0,"ip":"2606:4700:a0::8","connIndex":0,"error":"control stream encountered a failure while serving","time":"2026-09-04T06:05:30Z","message":"Serve tunnel error"}
{"level":"info","event":0,"ip":"2606:4700:a0::8","connIndex":0,"time":"2026-09-04T06:05:30Z","message":"Retrying connection in up to 1m4s"}
{"level":"info","event":0,"ip":"2606:4700:a0::8","connIndex":0,"time":"2026-09-04T06:05:40Z","message":"Tunnel connection curve preferences: [X25519MLKEM768 CurveID(65074) CurveP256]"}
{"level":"error","event":0,"ip":"2606:4700:a0::8","connIndex":0,"error":"context canceled","time":"2026-09-04T06:05:40Z","message":"failed to run the datagram handler"}
{"level":"error","event":0,"ip":"2606:4700:a0::8","connIndex":0,"error":"control stream encountered a failure while serving","time":"2026-09-04T06:05:40Z","message":"failed to serve tunnel connection"}
{"level":"error","event":0,"ip":"2606:4700:a0::8","connIndex":0,"error":"control stream encountered a failure while serving","time":"2026-09-04T06:05:40Z","message":"Serve tunnel error"}
{"level":"info","event":0,"ip":"2606:4700:a0::8","connIndex":0,"time":"2026-09-04T06:05:40Z","message":"Retrying connection in up to 1m4s"}
{"level":"info","event":0,"ip":"2606:4700:a0::8","connIndex":0,"time":"2026-09-04T06:06:12Z","message":"Tunnel connection curve preferences: [X25519MLKEM768 CurveID(65074) CurveP256]"}
{"level":"error","event":0,"ip":"2606:4700:a0::8","connIndex":0,"error":"context canceled","time":"2026-09-04T06:06:12Z","message":"failed to run the datagram handler"}
{"level":"error","event":0,"ip":"2606:4700:a0::8","connIndex":0,"error":"control stream encountered a failure while serving","time":"2026-09-04T06:06:12Z","message":"failed to serve tunnel connection"}
{"level":"error","event":0,"ip":"2606:4700:a0::8","connIndex":0,"error":"control stream encountered a failure while serving","time":"2026-09-04T06:06:12Z","message":"Serve tunnel error"}
{"level":"info","event":0,"ip":"2606:4700:a0::8","connIndex":0,"time":"2026-09-04T06:06:12Z","message":"Retrying connection in up to 1m4s"}
{"level":"info","event":0,"ip":"2606:4700:a0::8","connIndex":0,"time":"2026-09-04T06:06:33Z","message":"Tunnel connection curve preferences: [X25519MLKEM768 CurveID(65074) CurveP256]"}
{"level":"error","event":0,"ip":"2606:4700:a0::8","connIndex":0,"error":"context canceled","time":"2026-09-04T06:06:33Z","message":"failed to run the datagram handler"}
{"level":"error","event":0,"ip":"2606:4700:a0::8","connIndex":0,"error":"control stream encountered a failure while serving","time":"2026-09-04T06:06:33Z","message":"failed to serve tunnel connection"}
{"level":"error","event":0,"ip":"2606:4700:a0::8","connIndex":0,"error":"control stream encountered a failure while serving","time":"2026-09-04T06:06:33Z","message":"Serve tunnel error"}
{"level":"info","event":0,"ip":"2606:4700:a0::8","connIndex":0,"time":"2026-09-04T06:06:33Z","message":"Retrying connection in up to 1m4s"}
{"level":"info","event":0,"ip":"2606:4700:a0::8","connIndex":0,"time":"2026-09-04T06:06:33Z","message":"Tunnel connection curve preferences: [X25519MLKEM768 CurveID(65074) CurveP256]"}
{"level":"error","event":0,"ip":"2606:4700:a0::8","connIndex":0,"error":"context canceled","time":"2026-09-04T06:06:33Z","message":"failed to run the datagram handler"}
{"level":"error","event":0,"ip":"2606:4700:a0::8","connIndex":0,"error":"control stream encountered a failure while serving","time":"2026-09-04T06:06:33Z","message":"failed to serve tunnel connection"}
{"level":"error","event":0,"ip":"2606:4700:a0::8","connIndex":0,"error":"control stream encountered a failure while serving","time":"2026-09-04T06:06:33Z","message":"Serve tunnel error"}
{"level":"info","event":0,"ip":"2606:4700:a0::8","connIndex":0,"time":"2026-09-04T06:06:33Z","message":"Retrying connection in up to 1m4s"}
{"level":"info","event":0,"ip":"2606:4700:a0::8","connIndex":0,"time":"2026-09-04T06:06:59Z","message":"Tunnel connection curve preferences: [X25519MLKEM768 CurveID(65074) CurveP256]"}
{"level":"error","event":0,"ip":"2606:4700:a0::8","connIndex":0,"error":"context canceled","time":"2026-09-04T06:07:00Z","message":"failed to run the datagram handler"}
{"level":"error","event":0,"ip":"2606:4700:a0::8","connIndex":0,"error":"control stream encountered a failure while serving","time":"2026-09-04T06:07:00Z","message":"failed to serve tunnel connection"}
{"level":"error","event":0,"ip":"2606:4700:a0::8","connIndex":0,"error":"control stream encountered a failure while serving","time":"2026-09-04T06:07:00Z","message":"Serve tunnel error"}
{"level":"info","event":0,"ip":"2606:4700:a0::8","connIndex":0,"time":"2026-09-04T06:07:00Z","message":"Retrying connection in up to 1m4s"}
{"level":"info","event":0,"ip":"2606:4700:a0::8","connIndex":0,"time":"2026-09-04T06:07:04Z","message":"Tunnel connection curve preferences: [X25519MLKEM768 CurveID(65074) CurveP256]"}
{"level":"error","event":0,"ip":"2606:4700:a0::8","connIndex":0,"error":"context canceled","time":"2026-09-04T06:07:04Z","message":"failed to run the datagram handler"}
{"level":"error","event":0,"ip":"2606:4700:a0::8","connIndex":0,"error":"control stream encountered a failure while serving","time":"2026-09-04T06:07:04Z","message":"failed to serve tunnel connection"}
{"level":"error","event":0,"ip":"2606:4700:a0::8","connIndex":0,"error":"control stream encountered a failure while serving","time":"2026-09-04T06:07:04Z","message":"Serve tunnel error"}
{"level":"info","event":0,"ip":"2606:4700:a0::8","connIndex":0,"time":"2026-09-04T06:07:04Z","message":"Retrying connection in up to 1m4s"}
{"level":"info","event":0,"ip":"2606:4700:a0::8","connIndex":0,"time":"2026-09-04T06:07:13Z","message":"Tunnel connection curve preferences: [X25519MLKEM768 CurveID(65074) CurveP256]"}
{"level":"error","event":0,"ip":"2606:4700:a0::8","connIndex":0,"error":"context canceled","time":"2026-09-04T06:07:13Z","message":"failed to run the datagram handler"}
{"level":"error","event":0,"ip":"2606:4700:a0::8","connIndex":0,"error":"control stream encountered a failure while serving","time":"2026-09-04T06:07:13Z","message":"failed to serve tunnel connection"}
{"level":"error","event":0,"ip":"2606:4700:a0::8","connIndex":0,"error":"control stream encountered a failure while serving","time":"2026-09-04T06:07:13Z","message":"Serve tunnel error"}
{"level":"info","event":0,"ip":"2606:4700:a0::8","connIndex":0,"time":"2026-09-04T06:07:13Z","message":"Retrying connection in up to 1m4s"}
{"level":"info","event":0,"ip":"2606:4700:a0::8","connIndex":0,"time":"2026-09-04T06:07:28Z","message":"Tunnel connection curve preferences: [X25519MLKEM768 CurveID(65074) CurveP256]"}
{"level":"error","event":0,"ip":"2606:4700:a0::8","connIndex":0,"error":"context canceled","time":"2026-09-04T06:07:28Z","message":"failed to run the datagram handler"}
{"level":"error","event":0,"ip":"2606:4700:a0::8","connIndex":0,"error":"control stream encountered a failure while serving","time":"2026-09-04T06:07:28Z","message":"failed to serve tunnel connection"}
{"level":"error","event":0,"ip":"2606:4700:a0::8","connIndex":0,"error":"control stream encountered a failure while serving","time":"2026-09-04T06:07:28Z","message":"Serve tunnel error"}
{"level":"info","event":0,"ip":"2606:4700:a0::8","connIndex":0,"time":"2026-09-04T06:07:28Z","message":"Retrying connection in up to 1m4s"}
{"level":"info","event":0,"ip":"2606:4700:a0::8","connIndex":0,"time":"2026-09-04T06:07:46Z","message":"Tunnel connection curve preferences: [X25519MLKEM768 CurveID(65074) CurveP256]"}
{"level":"error","event":0,"ip":"2606:4700:a0::8","connIndex":0,"error":"context canceled","time":"2026-09-04T06:07:46Z","message":"failed to run the datagram handler"}
{"level":"error","event":0,"ip":"2606:4700:a0::8","connIndex":0,"error":"control stream encountered a failure while serving","time":"2026-09-04T06:07:46Z","message":"failed to serve tunnel connection"}
{"level":"error","event":0,"ip":"2606:4700:a0::8","connIndex":0,"error":"control stream encountered a failure while serving","time":"2026-09-04T06:07:46Z","message":"Serve tunnel error"}
{"level":"info","event":0,"ip":"2606:4700:a0::8","connIndex":0,"time":"2026-09-04T06:07:46Z","message":"Retrying connection in up to 1m4s"}
{"level":"info","event":0,"ip":"2606:4700:a0::8","connIndex":0,"time":"2026-09-04T06:07:55Z","message":"Tunnel connection curve preferences: [X25519MLKEM768 CurveID(65074) CurveP256]"}
{"level":"error","event":0,"ip":"2606:4700:a0::8","connIndex":0,"error":"context canceled","time":"2026-09-04T06:07:55Z","message":"failed to run the datagram handler"}
{"level":"error","event":0,"ip":"2606:4700:a0::8","connIndex":0,"error":"control stream encountered a failure while serving","time":"2026-09-04T06:07:55Z","message":"failed to serve tunnel connection"}
{"level":"error","event":0,"ip":"2606:4700:a0::8","connIndex":0,"error":"control stream encountered a failure while serving","time":"2026-09-04T06:07:55Z","message":"Serve tunnel error"}
{"level":"info","event":0,"ip":"2606:4700:a0::8","connIndex":0,"time":"2026-09-04T06:07:55Z","message":"Retrying connection in up to 1m4s"}
{"level":"info","event":0,"ip":"2606:4700:a0::8","connIndex":0,"time":"2026-09-04T06:08:18Z","message":"Tunnel connection curve preferences: [X25519MLKEM768 CurveID(65074) CurveP256]"}
{"level":"error","event":0,"ip":"2606:4700:a0::8","connIndex":0,"error":"context canceled","time":"2026-09-04T06:08:18Z","message":"failed to run the datagram handler"}
{"level":"error","event":0,"ip":"2606:4700:a0::8","connIndex":0,"error":"control stream encountered a failure while serving","time":"2026-09-04T06:08:18Z","message":"failed to serve tunnel connection"}
{"level":"error","event":0,"ip":"2606:4700:a0::8","connIndex":0,"error":"control stream encountered a failure while serving","time":"2026-09-04T06:08:18Z","message":"Serve tunnel error"}
{"level":"info","event":0,"ip":"2606:4700:a0::8","connIndex":0,"time":"2026-09-04T06:08:18Z","message":"Retrying connection in up to 1m4s"}
{"level":"info","event":0,"ip":"2606:4700:a0::8","connIndex":0,"time":"2026-09-04T06:08:44Z","message":"Tunnel connection curve preferences: [X25519MLKEM768 CurveID(65074) CurveP256]"}
{"level":"error","event":0,"ip":"2606:4700:a0::8","connIndex":0,"error":"context canceled","time":"2026-09-04T06:08:44Z","message":"failed to run the datagram handler"}
{"level":"error","event":0,"ip":"2606:4700:a0::8","connIndex":0,"error":"control stream encountered a failure while serving","time":"2026-09-04T06:08:44Z","message":"failed to serve tunnel connection"}
{"level":"error","event":0,"ip":"2606:4700:a0::8","connIndex":0,"error":"control stream encountered a failure while serving","time":"2026-09-04T06:08:44Z","message":"Serve tunnel error"}
{"level":"info","event":0,"ip":"2606:4700:a0::8","connIndex":0,"time":"2026-09-04T06:08:44Z","message":"Retrying connection in up to 1m4s"}
{"level":"info","event":0,"ip":"2606:4700:a0::8","connIndex":0,"time":"2026-09-04T06:08:46Z","message":"Tunnel connection curve preferences: [X25519MLKEM768 CurveID(65074) CurveP256]"}
{"level":"error","event":0,"ip":"2606:4700:a0::8","connIndex":0,"error":"context canceled","time":"2026-09-04T06:08:46Z","message":"failed to run the datagram handler"}
{"level":"error","event":0,"ip":"2606:4700:a0::8","connIndex":0,"error":"control stream encountered a failure while serving","time":"2026-09-04T06:08:46Z","message":"failed to serve tunnel connection"}
{"level":"error","event":0,"ip":"2606:4700:a0::8","connIndex":0,"error":"control stream encountered a failure while serving","time":"2026-09-04T06:08:46Z","message":"Serve tunnel error"}
{"level":"info","event":0,"ip":"2606:4700:a0::8","connIndex":0,"time":"2026-09-04T06:08:46Z","message":"Retrying connection in up to 1m4s"}
{"level":"info","event":0,"ip":"2606:4700:a0::8","connIndex":0,"time":"2026-09-04T06:08:57Z","message":"Tunnel connection curve preferences: [X25519MLKEM768 CurveID(65074) CurveP256]"}
{"level":"error","event":0,"ip":"2606:4700:a0::8","connIndex":0,"error":"context canceled","time":"2026-09-04T06:08:57Z","message":"failed to run the datagram handler"}
{"level":"error","event":0,"ip":"2606:4700:a0::8","connIndex":0,"error":"control stream encountered a failure while serving","time":"2026-09-04T06:08:57Z","message":"failed to serve tunnel connection"}
{"level":"error","event":0,"ip":"2606:4700:a0::8","connIndex":0,"error":"control stream encountered a failure while serving","time":"2026-09-04T06:08:57Z","message":"Serve tunnel error"}
{"level":"info","event":0,"ip":"2606:4700:a0::8","connIndex":0,"time":"2026-09-04T06:08:57Z","message":"Retrying connection in up to 1m4s"}
{"level":"info","event":0,"ip":"2606:4700:a0::8","connIndex":0,"time":"2026-09-04T06:09:12Z","message":"Tunnel connection curve preferences: [X25519MLKEM768 CurveID(65074) CurveP256]"}
{"level":"error","event":0,"ip":"2606:4700:a0::8","connIndex":0,"error":"context canceled","time":"2026-09-04T06:09:12Z","message":"failed to run the datagram handler"}
{"level":"error","event":0,"ip":"2606:4700:a0::8","connIndex":0,"error":"control stream encountered a failure while serving","time":"2026-09-04T06:09:12Z","message":"failed to serve tunnel connection"}
{"level":"error","event":0,"ip":"2606:4700:a0::8","connIndex":0,"error":"control stream encountered a failure while serving","time":"2026-09-04T06:09:12Z","message":"Serve tunnel error"}
{"level":"info","event":0,"ip":"2606:4700:a0::8","connIndex":0,"time":"2026-09-04T06:09:12Z","message":"Retrying connection in up to 1m4s"}
{"level":"info","event":0,"ip":"2606:4700:a0::8","connIndex":0,"time":"2026-09-04T06:09:12Z","message":"Tunnel connection curve preferences: [X25519MLKEM768 CurveID(65074) CurveP256]"}
{"level":"error","event":0,"ip":"2606:4700:a0::8","connIndex":0,"error":"context canceled","time":"2026-09-04T06:09:12Z","message":"failed to run the datagram handler"}
{"level":"error","event":0,"ip":"2606:4700:a0::8","connIndex":0,"error":"control stream encountered a failure while serving","time":"2026-09-04T06:09:12Z","message":"failed to serve tunnel connection"}
{"level":"error","event":0,"ip":"2606:4700:a0::8","connIndex":0,"error":"control stream encountered a failure while serving","time":"2026-09-04T06:09:12Z","message":"Serve tunnel error"}
{"level":"info","event":0,"ip":"2606:4700:a0::8","connIndex":0,"time":"2026-09-04T06:09:12Z","message":"Retrying connection in up to 1m4s"}
{"level":"info","event":0,"ip":"2606:4700:a0::8","connIndex":0,"time":"2026-09-04T06:09:21Z","message":"Tunnel connection curve preferences: [X25519MLKEM768 CurveID(65074) CurveP256]"}
{"level":"error","event":0,"ip":"2606:4700:a0::8","connIndex":0,"error":"context canceled","time":"2026-09-04T06:09:21Z","message":"failed to run the datagram handler"}
{"level":"error","event":0,"ip":"2606:4700:a0::8","connIndex":0,"error":"control stream encountered a failure while serving","time":"2026-09-04T06:09:21Z","message":"failed to serve tunnel connection"}
{"level":"error","event":0,"ip":"2606:4700:a0::8","connIndex":0,"error":"control stream encountered a failure while serving","time":"2026-09-04T06:09:21Z","message":"Serve tunnel error"}
{"level":"info","event":0,"ip":"2606:4700:a0::8","connIndex":0,"time":"2026-09-04T06:09:21Z","message":"Retrying connection in up to 1m4s"}
{"level":"info","event":0,"ip":"2606:4700:a0::8","connIndex":0,"time":"2026-09-04T06:09:29Z","message":"Tunnel connection curve preferences: [X25519MLKEM768 CurveID(65074) CurveP256]"}
{"level":"error","event":0,"ip":"2606:4700:a0::8","connIndex":0,"error":"context canceled","time":"2026-09-04T06:09:29Z","message":"failed to run the datagram handler"}
{"level":"error","event":0,"ip":"2606:4700:a0::8","connIndex":0,"error":"control stream encountered a failure while serving","time":"2026-09-04T06:09:29Z","message":"failed to serve tunnel connection"}
{"level":"error","event":0,"ip":"2606:4700:a0::8","connIndex":0,"error":"control stream encountered a failure while serving","time":"2026-09-04T06:09:29Z","message":"Serve tunnel error"}
{"level":"info","event":0,"ip":"2606:4700:a0::8","connIndex":0,"time":"2026-09-04T06:09:29Z","message":"Retrying connection in up to 1m4s"}
{"level":"info","event":0,"ip":"2606:4700:a0::8","connIndex":0,"time":"2026-09-04T06:09:47Z","message":"Tunnel connection curve preferences: [X25519MLKEM768 CurveID(65074) CurveP256]"}
{"level":"error","event":0,"ip":"2606:4700:a0::8","connIndex":0,"error":"context canceled","time":"2026-09-04T06:09:47Z","message":"failed to run the datagram handler"}
{"level":"error","event":0,"ip":"2606:4700:a0::8","connIndex":0,"error":"control stream encountered a failure while serving","time":"2026-09-04T06:09:47Z","message":"failed to serve tunnel connection"}
{"level":"error","event":0,"ip":"2606:4700:a0::8","connIndex":0,"error":"control stream encountered a failure while serving","time":"2026-09-04T06:09:47Z","message":"Serve tunnel error"}
{"level":"info","event":0,"ip":"2606:4700:a0::8","connIndex":0,"time":"2026-09-04T06:09:47Z","message":"Retrying connection in up to 1m4s"}
{"level":"info","event":0,"ip":"2606:4700:a0::8","connIndex":0,"time":"2026-09-04T06:10:16Z","message":"Tunnel connection curve preferences: [X25519MLKEM768 CurveID(65074) CurveP256]"}
{"level":"error","event":0,"ip":"2606:4700:a0::8","connIndex":0,"error":"context canceled","time":"2026-09-04T06:10:16Z","message":"failed to run the datagram handler"}
{"level":"error","event":0,"ip":"2606:4700:a0::8","connIndex":0,"error":"control stream encountered a failure while serving","time":"2026-09-04T06:10:16Z","message":"failed to serve tunnel connection"}
{"level":"error","event":0,"ip":"2606:4700:a0::8","connIndex":0,"error":"control stream encountered a failure while serving","time":"2026-09-04T06:10:16Z","message":"Serve tunnel error"}
{"level":"info","event":0,"ip":"2606:4700:a0::8","connIndex":0,"time":"2026-09-04T06:10:16Z","message":"Retrying connection in up to 1m4s"}
{"level":"info","event":0,"ip":"2606:4700:a0::8","connIndex":0,"time":"2026-09-04T06:10:19Z","message":"Tunnel connection curve preferences: [X25519MLKEM768 CurveID(65074) CurveP256]"}
{"level":"error","event":0,"ip":"2606:4700:a0::8","connIndex":0,"error":"context canceled","time":"2026-09-04T06:10:19Z","message":"failed to run the datagram handler"}
{"level":"error","event":0,"ip":"2606:4700:a0::8","connIndex":0,"error":"control stream encountered a failure while serving","time":"2026-09-04T06:10:19Z","message":"failed to serve tunnel connection"}
{"level":"error","event":0,"ip":"2606:4700:a0::8","connIndex":0,"error":"control stream encountered a failure while serving","time":"2026-09-04T06:10:19Z","message":"Serve tunnel error"}
{"level":"info","event":0,"ip":"2606:4700:a0::8","connIndex":0,"time":"2026-09-04T06:10:19Z","message":"Retrying connection in up to 1m4s"}
{"level":"info","event":0,"ip":"2606:4700:a0::8","connIndex":0,"time":"2026-09-04T06:10:34Z","message":"Tunnel connection curve preferences: [X25519MLKEM768 CurveID(65074) CurveP256]"}
{"level":"error","event":0,"ip":"2606:4700:a0::8","connIndex":0,"error":"context canceled","time":"2026-09-04T06:10:34Z","message":"failed to run the datagram handler"}
{"level":"error","event":0,"ip":"2606:4700:a0::8","connIndex":0,"error":"control stream encountered a failure while serving","time":"2026-09-04T06:10:34Z","message":"failed to serve tunnel connection"}
{"level":"error","event":0,"ip":"2606:4700:a0::8","connIndex":0,"error":"control stream encountered a failure while serving","time":"2026-09-04T06:10:34Z","message":"Serve tunnel error"}
{"level":"info","event":0,"ip":"2606:4700:a0::8","connIndex":0,"time":"2026-09-04T06:10:34Z","message":"Retrying connection in up to 1m4s"}
{"level":"info","event":0,"ip":"2606:4700:a0::8","connIndex":0,"time":"2026-09-04T06:10:41Z","message":"Tunnel connection curve preferences: [X25519MLKEM768 CurveID(65074) CurveP256]"}
{"level":"error","event":0,"ip":"2606:4700:a0::8","connIndex":0,"error":"context canceled","time":"2026-09-04T06:10:41Z","message":"failed to run the datagram handler"}
{"level":"error","event":0,"ip":"2606:4700:a0::8","connIndex":0,"error":"control stream encountered a failure while serving","time":"2026-09-04T06:10:41Z","message":"failed to serve tunnel connection"}
{"level":"error","event":0,"ip":"2606:4700:a0::8","connIndex":0,"error":"control stream encountered a failure while serving","time":"2026-09-04T06:10:41Z","message":"Serve tunnel error"}
{"level":"info","event":0,"ip":"2606:4700:a0::8","connIndex":0,"time":"2026-09-04T06:10:41Z","message":"Retrying connection in up to 1m4s"}
{"level":"info","event":0,"ip":"2606:4700:a0::8","connIndex":0,"time":"2026-09-04T06:10:56Z","message":"Tunnel connection curve preferences: [X25519MLKEM768 CurveID(65074) CurveP256]"}
{"level":"error","event":0,"ip":"2606:4700:a0::8","connIndex":0,"error":"context canceled","time":"2026-09-04T06:10:56Z","message":"failed to run the datagram handler"}
{"level":"error","event":0,"ip":"2606:4700:a0::8","connIndex":0,"error":"control stream encountered a failure while serving","time":"2026-09-04T06:10:56Z","message":"failed to serve tunnel connection"}
{"level":"error","event":0,"ip":"2606:4700:a0::8","connIndex":0,"error":"control stream encountered a failure while serving","time":"2026-09-04T06:10:56Z","message":"Serve tunnel error"}
{"level":"info","event":0,"ip":"2606:4700:a0::8","connIndex":0,"time":"2026-09-04T06:10:56Z","message":"Retrying connection in up to 1m4s"}
{"level":"info","event":0,"ip":"2606:4700:a0::8","connIndex":0,"time":"2026-09-04T06:11:15Z","message":"Tunnel connection curve preferences: [X25519MLKEM768 CurveID(65074) CurveP256]"}
{"level":"error","event":0,"ip":"2606:4700:a0::8","connIndex":0,"error":"context canceled","time":"2026-09-04T06:11:15Z","message":"failed to run the datagram handler"}
{"level":"error","event":0,"ip":"2606:4700:a0::8","connIndex":0,"error":"control stream encountered a failure while serving","time":"2026-09-04T06:11:15Z","message":"failed to serve tunnel connection"}
{"level":"error","event":0,"ip":"2606:4700:a0::8","connIndex":0,"error":"control stream encountered a failure while serving","time":"2026-09-04T06:11:15Z","message":"Serve tunnel error"}
{"level":"info","event":0,"ip":"2606:4700:a0::8","connIndex":0,"time":"2026-09-04T06:11:15Z","message":"Retrying connection in up to 1m4s"}
{"level":"info","event":0,"ip":"2606:4700:a0::8","connIndex":0,"time":"2026-09-04T06:11:42Z","message":"Tunnel connection curve preferences: [X25519MLKEM768 CurveID(65074) CurveP256]"}
{"level":"error","event":0,"ip":"2606:4700:a0::8","connIndex":0,"error":"context canceled","time":"2026-09-04T06:11:42Z","message":"failed to run the datagram handler"}
{"level":"error","event":0,"ip":"2606:4700:a0::8","connIndex":0,"error":"control stream encountered a failure while serving","time":"2026-09-04T06:11:42Z","message":"failed to serve tunnel connection"}
{"level":"error","event":0,"ip":"2606:4700:a0::8","connIndex":0,"error":"control stream encountered a failure while serving","time":"2026-09-04T06:11:42Z","message":"Serve tunnel error"}
{"level":"info","event":0,"ip":"2606:4700:a0::8","connIndex":0,"time":"2026-09-04T06:11:42Z","message":"Retrying connection in up to 1m4s"}
{"level":"info","event":0,"ip":"2606:4700:a0::8","connIndex":0,"time":"2026-09-04T06:11:48Z","message":"Tunnel connection curve preferences: [X25519MLKEM768 CurveID(65074) CurveP256]"}
{"level":"error","event":0,"ip":"2606:4700:a0::8","connIndex":0,"error":"context canceled","time":"2026-09-04T06:11:48Z","message":"failed to run the datagram handler"}
{"level":"error","event":0,"ip":"2606:4700:a0::8","connIndex":0,"error":"control stream encountered a failure while serving","time":"2026-09-04T06:11:48Z","message":"failed to serve tunnel connection"}
{"level":"error","event":0,"ip":"2606:4700:a0::8","connIndex":0,"error":"control stream encountered a failure while serving","time":"2026-09-04T06:11:48Z","message":"Serve tunnel error"}
{"level":"info","event":0,"ip":"2606:4700:a0::8","connIndex":0,"time":"2026-09-04T06:11:48Z","message":"Retrying connection in up to 1m4s"}
{"level":"info","event":0,"ip":"2606:4700:a0::8","connIndex":0,"time":"2026-09-04T06:12:20Z","message":"Tunnel connection curve preferences: [X25519MLKEM768 CurveID(65074) CurveP256]"}
{"level":"error","event":0,"ip":"2606:4700:a0::8","connIndex":0,"error":"context canceled","time":"2026-09-04T06:12:20Z","message":"failed to run the datagram handler"}
{"level":"error","event":0,"ip":"2606:4700:a0::8","connIndex":0,"error":"control stream encountered a failure while serving","time":"2026-09-04T06:12:20Z","message":"failed to serve tunnel connection"}
{"level":"error","event":0,"ip":"2606:4700:a0::8","connIndex":0,"error":"control stream encountered a failure while serving","time":"2026-09-04T06:12:20Z","message":"Serve tunnel error"}
{"level":"info","event":0,"ip":"2606:4700:a0::8","connIndex":0,"time":"2026-09-04T06:12:20Z","message":"Retrying connection in up to 1m4s"}
{"level":"info","event":0,"ip":"2606:4700:a0::8","connIndex":0,"time":"2026-09-04T06:12:43Z","message":"Tunnel connection curve preferences: [X25519MLKEM768 CurveID(65074) CurveP256]"}
{"level":"error","event":0,"ip":"2606:4700:a0::8","connIndex":0,"error":"context canceled","time":"2026-09-04T06:12:43Z","message":"failed to run the datagram handler"}
{"level":"error","event":0,"ip":"2606:4700:a0::8","connIndex":0,"error":"control stream encountered a failure while serving","time":"2026-09-04T06:12:43Z","message":"failed to serve tunnel connection"}
{"level":"error","event":0,"ip":"2606:4700:a0::8","connIndex":0,"error":"control stream encountered a failure while serving","time":"2026-09-04T06:12:43Z","message":"Serve tunnel error"}
{"level":"info","event":0,"ip":"2606:4700:a0::8","connIndex":0,"time":"2026-09-04T06:12:43Z","message":"Retrying connection in up to 1m4s"}
{"level":"info","event":0,"ip":"2606:4700:a0::8","connIndex":0,"time":"2026-09-04T06:12:59Z","message":"Tunnel connection curve preferences: [X25519MLKEM768 CurveID(65074) CurveP256]"}
{"level":"error","event":0,"ip":"2606:4700:a0::8","connIndex":0,"error":"context canceled","time":"2026-09-04T06:12:59Z","message":"failed to run the datagram handler"}
{"level":"error","event":0,"ip":"2606:4700:a0::8","connIndex":0,"error":"control stream encountered a failure while serving","time":"2026-09-04T06:12:59Z","message":"failed to serve tunnel connection"}
{"level":"error","event":0,"ip":"2606:4700:a0::8","connIndex":0,"error":"control stream encountered a failure while serving","time":"2026-09-04T06:12:59Z","message":"Serve tunnel error"}
{"level":"info","event":0,"ip":"2606:4700:a0::8","connIndex":0,"time":"2026-09-04T06:12:59Z","message":"Retrying connection in up to 1m4s"}
{"level":"info","event":0,"ip":"2606:4700:a0::8","connIndex":0,"time":"2026-09-04T06:13:05Z","message":"Tunnel connection curve preferences: [X25519MLKEM768 CurveID(65074) CurveP256]"}
{"level":"error","event":0,"ip":"2606:4700:a0::8","connIndex":0,"error":"context canceled","time":"2026-09-04T06:13:05Z","message":"failed to run the datagram handler"}
{"level":"error","event":0,"ip":"2606:4700:a0::8","connIndex":0,"error":"control stream encountered a failure while serving","time":"2026-09-04T06:13:05Z","message":"failed to serve tunnel connection"}
{"level":"error","event":0,"ip":"2606:4700:a0::8","connIndex":0,"error":"control stream encountered a failure while serving","time":"2026-09-04T06:13:05Z","message":"Serve tunnel error"}
{"level":"info","event":0,"ip":"2606:4700:a0::8","connIndex":0,"time":"2026-09-04T06:13:05Z","message":"Retrying connection in up to 1m4s"}
{"level":"info","event":0,"ip":"2606:4700:a0::8","connIndex":0,"time":"2026-09-04T06:13:20Z","message":"Tunnel connection curve preferences: [X25519MLKEM768 CurveID(65074) CurveP256]"}
{"level":"error","event":0,"ip":"2606:4700:a0::8","connIndex":0,"error":"context canceled","time":"2026-09-04T06:13:20Z","message":"failed to run the datagram handler"}
{"level":"error","event":0,"ip":"2606:4700:a0::8","connIndex":0,"error":"control stream encountered a failure while serving","time":"2026-09-04T06:13:20Z","message":"failed to serve tunnel connection"}
{"level":"error","event":0,"ip":"2606:4700:a0::8","connIndex":0,"error":"control stream encountered a failure while serving","time":"2026-09-04T06:13:20Z","message":"Serve tunnel error"}
{"level":"info","event":0,"ip":"2606:4700:a0::8","connIndex":0,"time":"2026-09-04T06:13:20Z","message":"Retrying connection in up to 1m4s"}
{"level":"info","event":0,"ip":"2606:4700:a0::8","connIndex":0,"time":"2026-09-04T06:13:33Z","message":"Tunnel connection curve preferences: [X25519MLKEM768 CurveID(65074) CurveP256]"}
{"level":"error","event":0,"ip":"2606:4700:a0::8","connIndex":0,"error":"context canceled","time":"2026-09-04T06:13:33Z","message":"failed to run the datagram handler"}
{"level":"error","event":0,"ip":"2606:4700:a0::8","connIndex":0,"error":"control stream encountered a failure while serving","time":"2026-09-04T06:13:33Z","message":"failed to serve tunnel connection"}
{"level":"error","event":0,"ip":"2606:4700:a0::8","connIndex":0,"error":"control stream encountered a failure while serving","time":"2026-09-04T06:13:33Z","message":"Serve tunnel error"}
{"level":"info","event":0,"ip":"2606:4700:a0::8","connIndex":0,"time":"2026-09-04T06:13:33Z","message":"Retrying connection in up to 1m4s"}
{"level":"info","event":0,"ip":"2606:4700:a0::8","connIndex":0,"time":"2026-09-04T06:14:04Z","message":"Tunnel connection curve preferences: [X25519MLKEM768 CurveID(65074) CurveP256]"}
{"level":"error","event":0,"ip":"2606:4700:a0::8","connIndex":0,"error":"context canceled","time":"2026-09-04T06:14:04Z","message":"failed to run the datagram handler"}
{"level":"error","event":0,"ip":"2606:4700:a0::8","connIndex":0,"error":"control stream encountered a failure while serving","time":"2026-09-04T06:14:04Z","message":"failed to serve tunnel connection"}
{"level":"error","event":0,"ip":"2606:4700:a0::8","connIndex":0,"error":"control stream encountered a failure while serving","time":"2026-09-04T06:14:04Z","message":"Serve tunnel error"}
{"level":"info","event":0,"ip":"2606:4700:a0::8","connIndex":0,"time":"2026-09-04T06:14:04Z","message":"Retrying connection in up to 1m4s"}
{"level":"info","event":0,"ip":"2606:4700:a0::8","connIndex":0,"time":"2026-09-04T06:14:23Z","message":"Tunnel connection curve preferences: [X25519MLKEM768 CurveID(65074) CurveP256]"}
{"level":"error","event":0,"ip":"2606:4700:a0::8","connIndex":0,"error":"context canceled","time":"2026-09-04T06:14:23Z","message":"failed to run the datagram handler"}
{"level":"error","event":0,"ip":"2606:4700:a0::8","connIndex":0,"error":"control stream encountered a failure while serving","time":"2026-09-04T06:14:23Z","message":"failed to serve tunnel connection"}
{"level":"error","event":0,"ip":"2606:4700:a0::8","connIndex":0,"error":"control stream encountered a failure while serving","time":"2026-09-04T06:14:23Z","message":"Serve tunnel error"}
{"level":"info","event":0,"ip":"2606:4700:a0::8","connIndex":0,"time":"2026-09-04T06:14:23Z","message":"Retrying connection in up to 1m4s"}
{"level":"info","event":0,"ip":"2606:4700:a0::8","connIndex":0,"time":"2026-09-04T06:14:31Z","message":"Tunnel connection curve preferences: [X25519MLKEM768 CurveID(65074) CurveP256]"}
{"level":"error","event":0,"ip":"2606:4700:a0::8","connIndex":0,"error":"context canceled","time":"2026-09-04T06:14:31Z","message":"failed to run the datagram handler"}
{"level":"error","event":0,"ip":"2606:4700:a0::8","connIndex":0,"error":"control stream encountered a failure while serving","time":"2026-09-04T06:14:31Z","message":"failed to serve tunnel connection"}
{"level":"error","event":0,"ip":"2606:4700:a0::8","connIndex":0,"error":"control stream encountered a failure while serving","time":"2026-09-04T06:14:31Z","message":"Serve tunnel error"}
{"level":"info","event":0,"ip":"2606:4700:a0::8","connIndex":0,"time":"2026-09-04T06:14:31Z","message":"Retrying connection in up to 1m4s"}
{"level":"info","event":0,"ip":"2606:4700:a0::8","connIndex":0,"time":"2026-09-04T06:14:54Z","message":"Tunnel connection curve preferences: [X25519MLKEM768 CurveID(65074) CurveP256]"}
{"level":"error","event":0,"ip":"2606:4700:a0::8","connIndex":0,"error":"context canceled","time":"2026-09-04T06:14:54Z","message":"failed to run the datagram handler"}
{"level":"error","event":0,"ip":"2606:4700:a0::8","connIndex":0,"error":"control stream encountered a failure while serving","time":"2026-09-04T06:14:54Z","message":"failed to serve tunnel connection"}
{"level":"error","event":0,"ip":"2606:4700:a0::8","connIndex":0,"error":"control stream encountered a failure while serving","time":"2026-09-04T06:14:54Z","message":"Serve tunnel error"}
{"level":"info","event":0,"ip":"2606:4700:a0::8","connIndex":0,"time":"2026-09-04T06:14:54Z","message":"Retrying connection in up to 1m4s"}
{"level":"info","event":0,"ip":"2606:4700:a0::8","connIndex":0,"time":"2026-09-04T06:15:24Z","message":"Tunnel connection curve preferences: [X25519MLKEM768 CurveID(65074) CurveP256]"}
{"level":"error","event":0,"ip":"2606:4700:a0::8","connIndex":0,"error":"context canceled","time":"2026-09-04T06:15:24Z","message":"failed to run the datagram handler"}
{"level":"error","event":0,"ip":"2606:4700:a0::8","connIndex":0,"error":"control stream encountered a failure while serving","time":"2026-09-04T06:15:24Z","message":"failed to serve tunnel connection"}
{"level":"error","event":0,"ip":"2606:4700:a0::8","connIndex":0,"error":"control stream encountered a failure while serving","time":"2026-09-04T06:15:24Z","message":"Serve tunnel error"}
{"level":"info","event":0,"ip":"2606:4700:a0::8","connIndex":0,"time":"2026-09-04T06:15:24Z","message":"Retrying connection in up to 1m4s"}
{"level":"info","event":0,"ip":"2606:4700:a0::8","connIndex":0,"time":"2026-09-04T06:15:55Z","message":"Tunnel connection curve preferences: [X25519MLKEM768 CurveID(65074) CurveP256]"}
{"level":"error","event":0,"ip":"2606:4700:a0::8","connIndex":0,"error":"context canceled","time":"2026-09-04T06:15:55Z","message":"failed to run the datagram handler"}
{"level":"error","event":0,"ip":"2606:4700:a0::8","connIndex":0,"error":"control stream encountered a failure while serving","time":"2026-09-04T06:15:55Z","message":"failed to serve tunnel connection"}
{"level":"error","event":0,"ip":"2606:4700:a0::8","connIndex":0,"error":"control stream encountered a failure while serving","time":"2026-09-04T06:15:55Z","message":"Serve tunnel error"}
{"level":"info","event":0,"ip":"2606:4700:a0::8","connIndex":0,"time":"2026-09-04T06:15:55Z","message":"Retrying connection in up to 1m4s"}
{"level":"info","event":0,"ip":"2606:4700:a0::8","connIndex":0,"time":"2026-09-04T06:16:08Z","message":"Tunnel connection curve preferences: [X25519MLKEM768 CurveID(65074) CurveP256]"}
{"level":"error","event":0,"ip":"2606:4700:a0::8","connIndex":0,"error":"context canceled","time":"2026-09-04T06:16:08Z","message":"failed to run the datagram handler"}
{"level":"error","event":0,"ip":"2606:4700:a0::8","connIndex":0,"error":"control stream encountered a failure while serving","time":"2026-09-04T06:16:08Z","message":"failed to serve tunnel connection"}
{"level":"error","event":0,"ip":"2606:4700:a0::8","connIndex":0,"error":"control stream encountered a failure while serving","time":"2026-09-04T06:16:08Z","message":"Serve tunnel error"}
{"level":"info","event":0,"ip":"2606:4700:a0::8","connIndex":0,"time":"2026-09-04T06:16:08Z","message":"Retrying connection in up to 1m4s"}
{"level":"info","event":0,"ip":"2606:4700:a0::8","connIndex":0,"time":"2026-09-04T06:16:28Z","message":"Tunnel connection curve preferences: [X25519MLKEM768 CurveID(65074) CurveP256]"}
{"level":"error","event":0,"ip":"2606:4700:a0::8","connIndex":0,"error":"context canceled","time":"2026-09-04T06:16:28Z","message":"failed to run the datagram handler"}
{"level":"error","event":0,"ip":"2606:4700:a0::8","connIndex":0,"error":"control stream encountered a failure while serving","time":"2026-09-04T06:16:28Z","message":"failed to serve tunnel connection"}
{"level":"error","event":0,"ip":"2606:4700:a0::8","connIndex":0,"error":"control stream encountered a failure while serving","time":"2026-09-04T06:16:28Z","message":"Serve tunnel error"}
{"level":"info","event":0,"ip":"2606:4700:a0::8","connIndex":0,"time":"2026-09-04T06:16:28Z","message":"Retrying connection in up to 1m4s"}
{"level":"info","event":0,"ip":"2606:4700:a0::8","connIndex":0,"time":"2026-09-04T06:16:46Z","message":"Tunnel connection curve preferences: [X25519MLKEM768 CurveID(65074) CurveP256]"}
{"level":"error","event":0,"ip":"2606:4700:a0::8","connIndex":0,"error":"context canceled","time":"2026-09-04T06:16:46Z","message":"failed to run the datagram handler"}
{"level":"error","event":0,"ip":"2606:4700:a0::8","connIndex":0,"error":"control stream encountered a failure while serving","time":"2026-09-04T06:16:46Z","message":"failed to serve tunnel connection"}
{"level":"error","event":0,"ip":"2606:4700:a0::8","connIndex":0,"error":"control stream encountered a failure while serving","time":"2026-09-04T06:16:46Z","message":"Serve tunnel error"}
{"level":"info","event":0,"ip":"2606:4700:a0::8","connIndex":0,"time":"2026-09-04T06:16:46Z","message":"Retrying connection in up to 1m4s"}
{"level":"info","event":0,"ip":"2606:4700:a0::8","connIndex":0,"time":"2026-09-04T06:16:47Z","message":"Tunnel connection curve preferences: [X25519MLKEM768 CurveID(65074) CurveP256]"}
{"level":"error","event":0,"ip":"2606:4700:a0::8","connIndex":0,"error":"context canceled","time":"2026-09-04T06:16:47Z","message":"failed to run the datagram handler"}
{"level":"error","event":0,"ip":"2606:4700:a0::8","connIndex":0,"error":"control stream encountered a failure while serving","time":"2026-09-04T06:16:47Z","message":"failed to serve tunnel connection"}
{"level":"error","event":0,"ip":"2606:4700:a0::8","connIndex":0,"error":"control stream encountered a failure while serving","time":"2026-09-04T06:16:47Z","message":"Serve tunnel error"}
{"level":"info","event":0,"ip":"2606:4700:a0::8","connIndex":0,"time":"2026-09-04T06:16:47Z","message":"Retrying connection in up to 1m4s"}
{"level":"info","event":0,"ip":"2606:4700:a0::8","connIndex":0,"time":"2026-09-04T06:17:15Z","message":"Tunnel connection curve preferences: [X25519MLKEM768 CurveID(65074) CurveP256]"}
{"level":"error","event":0,"ip":"2606:4700:a0::8","connIndex":0,"error":"context canceled","time":"2026-09-04T06:17:15Z","message":"failed to run the datagram handler"}
{"level":"error","event":0,"ip":"2606:4700:a0::8","connIndex":0,"error":"control stream encountered a failure while serving","time":"2026-09-04T06:17:15Z","message":"failed to serve tunnel connection"}
{"level":"error","event":0,"ip":"2606:4700:a0::8","connIndex":0,"error":"control stream encountered a failure while serving","time":"2026-09-04T06:17:15Z","message":"Serve tunnel error"}
{"level":"info","event":0,"ip":"2606:4700:a0::8","connIndex":0,"time":"2026-09-04T06:17:15Z","message":"Retrying connection in up to 1m4s"}
{"level":"info","event":0,"ip":"2606:4700:a0::8","connIndex":0,"time":"2026-09-04T06:17:23Z","message":"Tunnel connection curve preferences: [X25519MLKEM768 CurveID(65074) CurveP256]"}
{"level":"error","event":0,"ip":"2606:4700:a0::8","connIndex":0,"error":"context canceled","time":"2026-09-04T06:17:24Z","message":"failed to run the datagram handler"}
{"level":"error","event":0,"ip":"2606:4700:a0::8","connIndex":0,"error":"control stream encountered a failure while serving","time":"2026-09-04T06:17:24Z","message":"failed to serve tunnel connection"}
{"level":"error","event":0,"ip":"2606:4700:a0::8","connIndex":0,"error":"control stream encountered a failure while serving","time":"2026-09-04T06:17:24Z","message":"Serve tunnel error"}
{"level":"info","event":0,"ip":"2606:4700:a0::8","connIndex":0,"time":"2026-09-04T06:17:24Z","message":"Retrying connection in up to 1m4s"}
{"level":"info","event":0,"ip":"2606:4700:a0::8","connIndex":0,"time":"2026-09-04T06:17:32Z","message":"Tunnel connection curve preferences: [X25519MLKEM768 CurveID(65074) CurveP256]"}
{"level":"error","event":0,"ip":"2606:4700:a0::8","connIndex":0,"error":"context canceled","time":"2026-09-04T06:17:32Z","message":"failed to run the datagram handler"}
{"level":"error","event":0,"ip":"2606:4700:a0::8","connIndex":0,"error":"control stream encountered a failure while serving","time":"2026-09-04T06:17:32Z","message":"failed to serve tunnel connection"}
{"level":"error","event":0,"ip":"2606:4700:a0::8","connIndex":0,"error":"control stream encountered a failure while serving","time":"2026-09-04T06:17:32Z","message":"Serve tunnel error"}
{"level":"info","event":0,"ip":"2606:4700:a0::8","connIndex":0,"time":"2026-09-04T06:17:32Z","message":"Retrying connection in up to 1m4s"}
{"level":"info","event":0,"ip":"2606:4700:a0::8","connIndex":0,"time":"2026-09-04T06:17:44Z","message":"Tunnel connection curve preferences: [X25519MLKEM768 CurveID(65074) CurveP256]"}
{"level":"error","event":0,"ip":"2606:4700:a0::8","connIndex":0,"error":"context canceled","time":"2026-09-04T06:17:44Z","message":"failed to run the datagram handler"}
{"level":"error","event":0,"ip":"2606:4700:a0::8","connIndex":0,"error":"control stream encountered a failure while serving","time":"2026-09-04T06:17:44Z","message":"failed to serve tunnel connection"}
{"level":"error","event":0,"ip":"2606:4700:a0::8","connIndex":0,"error":"control stream encountered a failure while serving","time":"2026-09-04T06:17:44Z","message":"Serve tunnel error"}
{"level":"info","event":0,"ip":"2606:4700:a0::8","connIndex":0,"time":"2026-09-04T06:17:44Z","message":"Retrying connection in up to 1m4s"}
{"level":"info","event":0,"ip":"2606:4700:a0::8","connIndex":0,"time":"2026-09-04T06:17:53Z","message":"Tunnel connection curve preferences: [X25519MLKEM768 CurveID(65074) CurveP256]"}
{"level":"error","event":0,"ip":"2606:4700:a0::8","connIndex":0,"error":"context canceled","time":"2026-09-04T06:17:53Z","message":"failed to run the datagram handler"}
{"level":"error","event":0,"ip":"2606:4700:a0::8","connIndex":0,"error":"control stream encountered a failure while serving","time":"2026-09-04T06:17:53Z","message":"failed to serve tunnel connection"}
{"level":"error","event":0,"ip":"2606:4700:a0::8","connIndex":0,"error":"control stream encountered a failure while serving","time":"2026-09-04T06:17:53Z","message":"Serve tunnel error"}
{"level":"info","event":0,"ip":"2606:4700:a0::8","connIndex":0,"time":"2026-09-04T06:17:53Z","message":"Retrying connection in up to 1m4s"}
{"level":"info","event":0,"ip":"2606:4700:a0::8","connIndex":0,"time":"2026-09-04T06:18:04Z","message":"Tunnel connection curve preferences: [X25519MLKEM768 CurveID(65074) CurveP256]"}
{"level":"error","event":0,"ip":"2606:4700:a0::8","connIndex":0,"error":"context canceled","time":"2026-09-04T06:18:04Z","message":"failed to run the datagram handler"}
{"level":"error","event":0,"ip":"2606:4700:a0::8","connIndex":0,"error":"control stream encountered a failure while serving","time":"2026-09-04T06:18:04Z","message":"failed to serve tunnel connection"}
{"level":"error","event":0,"ip":"2606:4700:a0::8","connIndex":0,"error":"control stream encountered a failure while serving","time":"2026-09-04T06:18:04Z","message":"Serve tunnel error"}
{"level":"info","event":0,"ip":"2606:4700:a0::8","connIndex":0,"time":"2026-09-04T06:18:04Z","message":"Retrying connection in up to 1m4s"}
{"level":"info","event":0,"ip":"2606:4700:a0::8","connIndex":0,"time":"2026-09-04T06:18:06Z","message":"Tunnel connection curve preferences: [X25519MLKEM768 CurveID(65074) CurveP256]"}
{"level":"error","event":0,"ip":"2606:4700:a0::8","connIndex":0,"error":"context canceled","time":"2026-09-04T06:18:06Z","message":"failed to run the datagram handler"}
{"level":"error","event":0,"ip":"2606:4700:a0::8","connIndex":0,"error":"control stream encountered a failure while serving","time":"2026-09-04T06:18:06Z","message":"failed to serve tunnel connection"}
{"level":"error","event":0,"ip":"2606:4700:a0::8","connIndex":0,"error":"control stream encountered a failure while serving","time":"2026-09-04T06:18:06Z","message":"Serve tunnel error"}
{"level":"info","event":0,"ip":"2606:4700:a0::8","connIndex":0,"time":"2026-09-04T06:18:06Z","message":"Retrying connection in up to 1m4s"}
{"level":"info","event":0,"ip":"2606:4700:a0::8","connIndex":0,"time":"2026-09-04T06:18:24Z","message":"Tunnel connection curve preferences: [X25519MLKEM768 CurveID(65074) CurveP256]"}
{"level":"error","event":0,"ip":"2606:4700:a0::8","connIndex":0,"error":"context canceled","time":"2026-09-04T06:18:24Z","message":"failed to run the datagram handler"}
{"level":"error","event":0,"ip":"2606:4700:a0::8","connIndex":0,"error":"control stream encountered a failure while serving","time":"2026-09-04T06:18:24Z","message":"failed to serve tunnel connection"}
{"level":"error","event":0,"ip":"2606:4700:a0::8","connIndex":0,"error":"control stream encountered a failure while serving","time":"2026-09-04T06:18:24Z","message":"Serve tunnel error"}
{"level":"info","event":0,"ip":"2606:4700:a0::8","connIndex":0,"time":"2026-09-04T06:18:24Z","message":"Retrying connection in up to 1m4s"}
{"level":"info","event":0,"ip":"2606:4700:a0::8","connIndex":0,"time":"2026-09-04T06:18:26Z","message":"Tunnel connection curve preferences: [X25519MLKEM768 CurveID(65074) CurveP256]"}
{"level":"error","event":0,"ip":"2606:4700:a0::8","connIndex":0,"error":"context canceled","time":"2026-09-04T06:18:26Z","message":"failed to run the datagram handler"}
{"level":"error","event":0,"ip":"2606:4700:a0::8","connIndex":0,"error":"control stream encountered a failure while serving","time":"2026-09-04T06:18:26Z","message":"failed to serve tunnel connection"}
{"level":"error","event":0,"ip":"2606:4700:a0::8","connIndex":0,"error":"control stream encountered a failure while serving","time":"2026-09-04T06:18:26Z","message":"Serve tunnel error"}
{"level":"info","event":0,"ip":"2606:4700:a0::8","connIndex":0,"time":"2026-09-04T06:18:26Z","message":"Retrying connection in up to 1m4s"}
{"level":"info","event":0,"ip":"2606:4700:a0::8","connIndex":0,"time":"2026-09-04T06:18:32Z","message":"Tunnel connection curve preferences: [X25519MLKEM768 CurveID(65074) CurveP256]"}
{"level":"error","event":0,"ip":"2606:4700:a0::8","connIndex":0,"error":"context canceled","time":"2026-09-04T06:18:32Z","message":"failed to run the datagram handler"}
{"level":"error","event":0,"ip":"2606:4700:a0::8","connIndex":0,"error":"control stream encountered a failure while serving","time":"2026-09-04T06:18:32Z","message":"failed to serve tunnel connection"}
{"level":"error","event":0,"ip":"2606:4700:a0::8","connIndex":0,"error":"control stream encountered a failure while serving","time":"2026-09-04T06:18:32Z","message":"Serve tunnel error"}
{"level":"info","event":0,"ip":"2606:4700:a0::8","connIndex":0,"time":"2026-09-04T06:18:32Z","message":"Retrying connection in up to 1m4s"}
{"level":"info","event":0,"ip":"2606:4700:a0::8","connIndex":0,"time":"2026-09-04T06:18:36Z","message":"Tunnel connection curve preferences: [X25519MLKEM768 CurveID(65074) CurveP256]"}
{"level":"error","event":0,"ip":"2606:4700:a0::8","connIndex":0,"error":"context canceled","time":"2026-09-04T06:18:36Z","message":"failed to run the datagram handler"}
{"level":"error","event":0,"ip":"2606:4700:a0::8","connIndex":0,"error":"control stream encountered a failure while serving","time":"2026-09-04T06:18:36Z","message":"failed to serve tunnel connection"}
{"level":"error","event":0,"ip":"2606:4700:a0::8","connIndex":0,"error":"control stream encountered a failure while serving","time":"2026-09-04T06:18:36Z","message":"Serve tunnel error"}
{"level":"info","event":0,"ip":"2606:4700:a0::8","connIndex":0,"time":"2026-09-04T06:18:36Z","message":"Retrying connection in up to 1m4s"}
{"level":"info","event":0,"ip":"2606:4700:a0::8","connIndex":0,"time":"2026-09-04T06:18:52Z","message":"Tunnel connection curve preferences: [X25519MLKEM768 CurveID(65074) CurveP256]"}
{"level":"error","event":0,"ip":"2606:4700:a0::8","connIndex":0,"error":"context canceled","time":"2026-09-04T06:18:52Z","message":"failed to run the datagram handler"}
{"level":"error","event":0,"ip":"2606:4700:a0::8","connIndex":0,"error":"control stream encountered a failure while serving","time":"2026-09-04T06:18:52Z","message":"failed to serve tunnel connection"}
{"level":"error","event":0,"ip":"2606:4700:a0::8","connIndex":0,"error":"control stream encountered a failure while serving","time":"2026-09-04T06:18:52Z","message":"Serve tunnel error"}
{"level":"info","event":0,"ip":"2606:4700:a0::8","connIndex":0,"time":"2026-09-04T06:18:52Z","message":"Retrying connection in up to 1m4s"}
{"level":"info","event":0,"ip":"2606:4700:a0::8","connIndex":0,"time":"2026-09-04T06:19:19Z","message":"Tunnel connection curve preferences: [X25519MLKEM768 CurveID(65074) CurveP256]"}
{"level":"error","event":0,"ip":"2606:4700:a0::8","connIndex":0,"error":"context canceled","time":"2026-09-04T06:19:19Z","message":"failed to run the datagram handler"}
{"level":"error","event":0,"ip":"2606:4700:a0::8","connIndex":0,"error":"control stream encountered a failure while serving","time":"2026-09-04T06:19:19Z","message":"failed to serve tunnel connection"}
{"level":"error","event":0,"ip":"2606:4700:a0::8","connIndex":0,"error":"control stream encountered a failure while serving","time":"2026-09-04T06:19:19Z","message":"Serve tunnel error"}
{"level":"info","event":0,"ip":"2606:4700:a0::8","connIndex":0,"time":"2026-09-04T06:19:19Z","message":"Retrying connection in up to 1m4s"}
{"level":"info","event":0,"ip":"2606:4700:a0::8","connIndex":0,"time":"2026-09-04T06:19:51Z","message":"Tunnel connection curve preferences: [X25519MLKEM768 CurveID(65074) CurveP256]"}
{"level":"error","event":0,"ip":"2606:4700:a0::8","connIndex":0,"error":"context canceled","time":"2026-09-04T06:19:51Z","message":"failed to run the datagram handler"}
{"level":"error","event":0,"ip":"2606:4700:a0::8","connIndex":0,"error":"control stream encountered a failure while serving","time":"2026-09-04T06:19:51Z","message":"failed to serve tunnel connection"}
{"level":"error","event":0,"ip":"2606:4700:a0::8","connIndex":0,"error":"control stream encountered a failure while serving","time":"2026-09-04T06:19:51Z","message":"Serve tunnel error"}
{"level":"info","event":0,"ip":"2606:4700:a0::8","connIndex":0,"time":"2026-09-04T06:19:51Z","message":"Retrying connection in up to 1m4s"}
{"level":"info","event":0,"ip":"2606:4700:a0::8","connIndex":0,"time":"2026-09-04T06:19:51Z","message":"Tunnel connection curve preferences: [X25519MLKEM768 CurveID(65074) CurveP256]"}
{"level":"error","event":0,"ip":"2606:4700:a0::8","connIndex":0,"error":"context canceled","time":"2026-09-04T06:19:51Z","message":"failed to run the datagram handler"}
{"level":"error","event":0,"ip":"2606:4700:a0::8","connIndex":0,"error":"control stream encountered a failure while serving","time":"2026-09-04T06:19:51Z","message":"failed to serve tunnel connection"}
{"level":"error","event":0,"ip":"2606:4700:a0::8","connIndex":0,"error":"control stream encountered a failure while serving","time":"2026-09-04T06:19:51Z","message":"Serve tunnel error"}
{"level":"info","event":0,"ip":"2606:4700:a0::8","connIndex":0,"time":"2026-09-04T06:19:51Z","message":"Retrying connection in up to 1m4s"}
{"level":"info","event":0,"ip":"2606:4700:a0::8","connIndex":0,"time":"2026-09-04T06:20:16Z","message":"Tunnel connection curve preferences: [X25519MLKEM768 CurveID(65074) CurveP256]"}
{"level":"error","event":0,"ip":"2606:4700:a0::8","connIndex":0,"error":"context canceled","time":"2026-09-04T06:20:16Z","message":"failed to run the datagram handler"}
{"level":"error","event":0,"ip":"2606:4700:a0::8","connIndex":0,"error":"control stream encountered a failure while serving","time":"2026-09-04T06:20:16Z","message":"failed to serve tunnel connection"}
{"level":"error","event":0,"ip":"2606:4700:a0::8","connIndex":0,"error":"control stream encountered a failure while serving","time":"2026-09-04T06:20:16Z","message":"Serve tunnel error"}
{"level":"info","event":0,"ip":"2606:4700:a0::8","connIndex":0,"time":"2026-09-04T06:20:16Z","message":"Retrying connection in up to 1m4s"}
{"level":"info","event":0,"ip":"2606:4700:a0::8","connIndex":0,"time":"2026-09-04T06:20:38Z","message":"Tunnel connection curve preferences: [X25519MLKEM768 CurveID(65074) CurveP256]"}
{"level":"error","event":0,"ip":"2606:4700:a0::8","connIndex":0,"error":"context canceled","time":"2026-09-04T06:20:38Z","message":"failed to run the datagram handler"}
{"level":"error","event":0,"ip":"2606:4700:a0::8","connIndex":0,"error":"control stream encountered a failure while serving","time":"2026-09-04T06:20:38Z","message":"failed to serve tunnel connection"}
{"level":"error","event":0,"ip":"2606:4700:a0::8","connIndex":0,"error":"control stream encountered a failure while serving","time":"2026-09-04T06:20:38Z","message":"Serve tunnel error"}
{"level":"info","event":0,"ip":"2606:4700:a0::8","connIndex":0,"time":"2026-09-04T06:20:38Z","message":"Retrying connection in up to 1m4s"}
{"level":"info","event":0,"ip":"2606:4700:a0::8","connIndex":0,"time":"2026-09-04T06:20:43Z","message":"Tunnel connection curve preferences: [X25519MLKEM768 CurveID(65074) CurveP256]"}
{"level":"error","event":0,"ip":"2606:4700:a0::8","connIndex":0,"error":"context canceled","time":"2026-09-04T06:20:43Z","message":"failed to run the datagram handler"}
{"level":"error","event":0,"ip":"2606:4700:a0::8","connIndex":0,"error":"control stream encountered a failure while serving","time":"2026-09-04T06:20:43Z","message":"failed to serve tunnel connection"}
{"level":"error","event":0,"ip":"2606:4700:a0::8","connIndex":0,"error":"control stream encountered a failure while serving","time":"2026-09-04T06:20:43Z","message":"Serve tunnel error"}
{"level":"info","event":0,"ip":"2606:4700:a0::8","connIndex":0,"time":"2026-09-04T06:20:43Z","message":"Retrying connection in up to 1m4s"}
{"level":"info","event":0,"ip":"2606:4700:a0::8","connIndex":0,"time":"2026-09-04T06:20:48Z","message":"Tunnel connection curve preferences: [X25519MLKEM768 CurveID(65074) CurveP256]"}
{"level":"error","event":0,"ip":"2606:4700:a0::8","connIndex":0,"error":"context canceled","time":"2026-09-04T06:20:48Z","message":"failed to run the datagram handler"}
{"level":"error","event":0,"ip":"2606:4700:a0::8","connIndex":0,"error":"control stream encountered a failure while serving","time":"2026-09-04T06:20:48Z","message":"failed to serve tunnel connection"}
{"level":"error","event":0,"ip":"2606:4700:a0::8","connIndex":0,"error":"control stream encountered a failure while serving","time":"2026-09-04T06:20:48Z","message":"Serve tunnel error"}
{"level":"info","event":0,"ip":"2606:4700:a0::8","connIndex":0,"time":"2026-09-04T06:20:48Z","message":"Retrying connection in up to 1m4s"}
{"level":"info","event":0,"ip":"2606:4700:a0::8","connIndex":0,"time":"2026-09-04T06:21:03Z","message":"Tunnel connection curve preferences: [X25519MLKEM768 CurveID(65074) CurveP256]"}
{"level":"error","event":0,"ip":"2606:4700:a0::8","connIndex":0,"error":"context canceled","time":"2026-09-04T06:21:03Z","message":"failed to run the datagram handler"}
{"level":"error","event":0,"ip":"2606:4700:a0::8","connIndex":0,"error":"control stream encountered a failure while serving","time":"2026-09-04T06:21:03Z","message":"failed to serve tunnel connection"}
{"level":"error","event":0,"ip":"2606:4700:a0::8","connIndex":0,"error":"control stream encountered a failure while serving","time":"2026-09-04T06:21:03Z","message":"Serve tunnel error"}
{"level":"info","event":0,"ip":"2606:4700:a0::8","connIndex":0,"time":"2026-09-04T06:21:03Z","message":"Retrying connection in up to 1m4s"}
{"level":"info","event":0,"ip":"2606:4700:a0::8","connIndex":0,"time":"2026-09-04T06:21:30Z","message":"Tunnel connection curve preferences: [X25519MLKEM768 CurveID(65074) CurveP256]"}
{"level":"error","event":0,"ip":"2606:4700:a0::8","connIndex":0,"error":"context canceled","time":"2026-09-04T06:21:30Z","message":"failed to run the datagram handler"}
{"level":"error","event":0,"ip":"2606:4700:a0::8","connIndex":0,"error":"control stream encountered a failure while serving","time":"2026-09-04T06:21:30Z","message":"failed to serve tunnel connection"}
{"level":"error","event":0,"ip":"2606:4700:a0::8","connIndex":0,"error":"control stream encountered a failure while serving","time":"2026-09-04T06:21:30Z","message":"Serve tunnel error"}
{"level":"info","event":0,"ip":"2606:4700:a0::8","connIndex":0,"time":"2026-09-04T06:21:30Z","message":"Retrying connection in up to 1m4s"}
{"level":"info","event":0,"ip":"2606:4700:a0::8","connIndex":0,"time":"2026-09-04T06:21:54Z","message":"Tunnel connection curve preferences: [X25519MLKEM768 CurveID(65074) CurveP256]"}
{"level":"error","event":0,"ip":"2606:4700:a0::8","connIndex":0,"error":"context canceled","time":"2026-09-04T06:21:54Z","message":"failed to run the datagram handler"}
{"level":"error","event":0,"ip":"2606:4700:a0::8","connIndex":0,"error":"control stream encountered a failure while serving","time":"2026-09-04T06:21:54Z","message":"failed to serve tunnel connection"}
{"level":"error","event":0,"ip":"2606:4700:a0::8","connIndex":0,"error":"control stream encountered a failure while serving","time":"2026-09-04T06:21:54Z","message":"Serve tunnel error"}
{"level":"info","event":0,"ip":"2606:4700:a0::8","connIndex":0,"time":"2026-09-04T06:21:54Z","message":"Retrying connection in up to 1m4s"}
{"level":"info","event":0,"ip":"2606:4700:a0::8","connIndex":0,"time":"2026-09-04T06:22:10Z","message":"Tunnel connection curve preferences: [X25519MLKEM768 CurveID(65074) CurveP256]"}
{"level":"error","event":0,"ip":"2606:4700:a0::8","connIndex":0,"error":"context canceled","time":"2026-09-04T06:22:10Z","message":"failed to run the datagram handler"}
{"level":"error","event":0,"ip":"2606:4700:a0::8","connIndex":0,"error":"control stream encountered a failure while serving","time":"2026-09-04T06:22:10Z","message":"failed to serve tunnel connection"}
{"level":"error","event":0,"ip":"2606:4700:a0::8","connIndex":0,"error":"control stream encountered a failure while serving","time":"2026-09-04T06:22:10Z","message":"Serve tunnel error"}
{"level":"info","event":0,"ip":"2606:4700:a0::8","connIndex":0,"time":"2026-09-04T06:22:10Z","message":"Retrying connection in up to 1m4s"}
{"level":"info","event":0,"ip":"2606:4700:a0::8","connIndex":0,"time":"2026-09-04T06:22:20Z","message":"Tunnel connection curve preferences: [X25519MLKEM768 CurveID(65074) CurveP256]"}
{"level":"error","event":0,"ip":"2606:4700:a0::8","connIndex":0,"error":"context canceled","time":"2026-09-04T06:22:20Z","message":"failed to run the datagram handler"}
{"level":"error","event":0,"ip":"2606:4700:a0::8","connIndex":0,"error":"control stream encountered a failure while serving","time":"2026-09-04T06:22:20Z","message":"failed to serve tunnel connection"}
{"level":"error","event":0,"ip":"2606:4700:a0::8","connIndex":0,"error":"control stream encountered a failure while serving","time":"2026-09-04T06:22:20Z","message":"Serve tunnel error"}
{"level":"info","event":0,"ip":"2606:4700:a0::8","connIndex":0,"time":"2026-09-04T06:22:20Z","message":"Retrying connection in up to 1m4s"}
{"level":"info","event":0,"ip":"2606:4700:a0::8","connIndex":0,"time":"2026-09-04T06:22:47Z","message":"Tunnel connection curve preferences: [X25519MLKEM768 CurveID(65074) CurveP256]"}
{"level":"error","event":0,"ip":"2606:4700:a0::8","connIndex":0,"error":"context canceled","time":"2026-09-04T06:22:47Z","message":"failed to run the datagram handler"}
{"level":"error","event":0,"ip":"2606:4700:a0::8","connIndex":0,"error":"control stream encountered a failure while serving","time":"2026-09-04T06:22:47Z","message":"failed to serve tunnel connection"}
{"level":"error","event":0,"ip":"2606:4700:a0::8","connIndex":0,"error":"control stream encountered a failure while serving","time":"2026-09-04T06:22:47Z","message":"Serve tunnel error"}
{"level":"info","event":0,"ip":"2606:4700:a0::8","connIndex":0,"time":"2026-09-04T06:22:47Z","message":"Retrying connection in up to 1m4s"}
{"level":"info","event":0,"ip":"2606:4700:a0::8","connIndex":0,"time":"2026-09-04T06:22:56Z","message":"Tunnel connection curve preferences: [X25519MLKEM768 CurveID(65074) CurveP256]"}
{"level":"error","event":0,"ip":"2606:4700:a0::8","connIndex":0,"error":"context canceled","time":"2026-09-04T06:22:56Z","message":"failed to run the datagram handler"}
{"level":"error","event":0,"ip":"2606:4700:a0::8","connIndex":0,"error":"control stream encountered a failure while serving","time":"2026-09-04T06:22:56Z","message":"failed to serve tunnel connection"}
{"level":"error","event":0,"ip":"2606:4700:a0::8","connIndex":0,"error":"control stream encountered a failure while serving","time":"2026-09-04T06:22:56Z","message":"Serve tunnel error"}
{"level":"info","event":0,"ip":"2606:4700:a0::8","connIndex":0,"time":"2026-09-04T06:22:56Z","message":"Retrying connection in up to 1m4s"}
{"level":"info","event":0,"ip":"2606:4700:a0::8","connIndex":0,"time":"2026-09-04T06:23:01Z","message":"Tunnel connection curve preferences: [X25519MLKEM768 CurveID(65074) CurveP256]"}
{"level":"error","event":0,"ip":"2606:4700:a0::8","connIndex":0,"error":"context canceled","time":"2026-09-04T06:23:01Z","message":"failed to run the datagram handler"}
{"level":"error","event":0,"ip":"2606:4700:a0::8","connIndex":0,"error":"control stream encountered a failure while serving","time":"2026-09-04T06:23:01Z","message":"failed to serve tunnel connection"}
{"level":"error","event":0,"ip":"2606:4700:a0::8","connIndex":0,"error":"control stream encountered a failure while serving","time":"2026-09-04T06:23:01Z","message":"Serve tunnel error"}
{"level":"info","event":0,"ip":"2606:4700:a0::8","connIndex":0,"time":"2026-09-04T06:23:01Z","message":"Retrying connection in up to 1m4s"}
{"level":"info","event":0,"ip":"2606:4700:a0::8","connIndex":0,"time":"2026-09-04T06:23:17Z","message":"Tunnel connection curve preferences: [X25519MLKEM768 CurveID(65074) CurveP256]"}
{"level":"error","event":0,"ip":"2606:4700:a0::8","connIndex":0,"error":"context canceled","time":"2026-09-04T06:23:17Z","message":"failed to run the datagram handler"}
{"level":"error","event":0,"ip":"2606:4700:a0::8","connIndex":0,"error":"control stream encountered a failure while serving","time":"2026-09-04T06:23:17Z","message":"failed to serve tunnel connection"}
{"level":"error","event":0,"ip":"2606:4700:a0::8","connIndex":0,"error":"control stream encountered a failure while serving","time":"2026-09-04T06:23:17Z","message":"Serve tunnel error"}
{"level":"info","event":0,"ip":"2606:4700:a0::8","connIndex":0,"time":"2026-09-04T06:23:17Z","message":"Retrying connection in up to 1m4s"}
{"level":"info","event":0,"ip":"2606:4700:a0::8","connIndex":0,"time":"2026-09-04T06:23:38Z","message":"Tunnel connection curve preferences: [X25519MLKEM768 CurveID(65074) CurveP256]"}
{"level":"error","event":0,"ip":"2606:4700:a0::8","connIndex":0,"error":"context canceled","time":"2026-09-04T06:23:38Z","message":"failed to run the datagram handler"}
{"level":"error","event":0,"ip":"2606:4700:a0::8","connIndex":0,"error":"control stream encountered a failure while serving","time":"2026-09-04T06:23:38Z","message":"failed to serve tunnel connection"}
{"level":"error","event":0,"ip":"2606:4700:a0::8","connIndex":0,"error":"control stream encountered a failure while serving","time":"2026-09-04T06:23:38Z","message":"Serve tunnel error"}
{"level":"info","event":0,"ip":"2606:4700:a0::8","connIndex":0,"time":"2026-09-04T06:23:38Z","message":"Retrying connection in up to 1m4s"}
{"level":"info","event":0,"ip":"2606:4700:a0::8","connIndex":0,"time":"2026-09-04T06:23:51Z","message":"Tunnel connection curve preferences: [X25519MLKEM768 CurveID(65074) CurveP256]"}
{"level":"error","event":0,"ip":"2606:4700:a0::8","connIndex":0,"error":"context canceled","time":"2026-09-04T06:23:51Z","message":"failed to run the datagram handler"}
{"level":"error","event":0,"ip":"2606:4700:a0::8","connIndex":0,"error":"control stream encountered a failure while serving","time":"2026-09-04T06:23:51Z","message":"failed to serve tunnel connection"}
{"level":"error","event":0,"ip":"2606:4700:a0::8","connIndex":0,"error":"control stream encountered a failure while serving","time":"2026-09-04T06:23:51Z","message":"Serve tunnel error"}
{"level":"info","event":0,"ip":"2606:4700:a0::8","connIndex":0,"time":"2026-09-04T06:23:51Z","message":"Retrying connection in up to 1m4s"}
{"level":"info","event":0,"ip":"2606:4700:a0::8","connIndex":0,"time":"2026-09-04T06:24:05Z","message":"Tunnel connection curve preferences: [X25519MLKEM768 CurveID(65074) CurveP256]"}
{"level":"error","event":0,"ip":"2606:4700:a0::8","connIndex":0,"error":"context canceled","time":"2026-09-04T06:24:05Z","message":"failed to run the datagram handler"}
{"level":"error","event":0,"ip":"2606:4700:a0::8","connIndex":0,"error":"control stream encountered a failure while serving","time":"2026-09-04T06:24:05Z","message":"failed to serve tunnel connection"}
{"level":"error","event":0,"ip":"2606:4700:a0::8","connIndex":0,"error":"control stream encountered a failure while serving","time":"2026-09-04T06:24:05Z","message":"Serve tunnel error"}
{"level":"info","event":0,"ip":"2606:4700:a0::8","connIndex":0,"time":"2026-09-04T06:24:05Z","message":"Retrying connection in up to 1m4s"}
{"level":"info","event":0,"ip":"2606:4700:a0::8","connIndex":0,"time":"2026-09-04T06:24:33Z","message":"Tunnel connection curve preferences: [X25519MLKEM768 CurveID(65074) CurveP256]"}
{"level":"error","event":0,"ip":"2606:4700:a0::8","connIndex":0,"error":"context canceled","time":"2026-09-04T06:24:33Z","message":"failed to run the datagram handler"}
{"level":"error","event":0,"ip":"2606:4700:a0::8","connIndex":0,"error":"control stream encountered a failure while serving","time":"2026-09-04T06:24:33Z","message":"failed to serve tunnel connection"}
{"level":"error","event":0,"ip":"2606:4700:a0::8","connIndex":0,"error":"control stream encountered a failure while serving","time":"2026-09-04T06:24:33Z","message":"Serve tunnel error"}
{"level":"info","event":0,"ip":"2606:4700:a0::8","connIndex":0,"time":"2026-09-04T06:24:33Z","message":"Retrying connection in up to 1m4s"}
{"level":"info","event":0,"ip":"2606:4700:a0::8","connIndex":0,"time":"2026-09-04T06:24:34Z","message":"Tunnel connection curve preferences: [X25519MLKEM768 CurveID(65074) CurveP256]"}
{"level":"error","event":0,"ip":"2606:4700:a0::8","connIndex":0,"error":"context canceled","time":"2026-09-04T06:24:34Z","message":"failed to run the datagram handler"}
{"level":"error","event":0,"ip":"2606:4700:a0::8","connIndex":0,"error":"control stream encountered a failure while serving","time":"2026-09-04T06:24:34Z","message":"failed to serve tunnel connection"}
{"level":"error","event":0,"ip":"2606:4700:a0::8","connIndex":0,"error":"control stream encountered a failure while serving","time":"2026-09-04T06:24:34Z","message":"Serve tunnel error"}
{"level":"info","event":0,"ip":"2606:4700:a0::8","connIndex":0,"time":"2026-09-04T06:24:34Z","message":"Retrying connection in up to 1m4s"}
{"level":"info","event":0,"ip":"2606:4700:a0::8","connIndex":0,"time":"2026-09-04T06:24:40Z","message":"Tunnel connection curve preferences: [X25519MLKEM768 CurveID(65074) CurveP256]"}
{"level":"error","event":0,"ip":"2606:4700:a0::8","connIndex":0,"error":"context canceled","time":"2026-09-04T06:24:40Z","message":"failed to run the datagram handler"}
{"level":"error","event":0,"ip":"2606:4700:a0::8","connIndex":0,"error":"control stream encountered a failure while serving","time":"2026-09-04T06:24:40Z","message":"failed to serve tunnel connection"}
{"level":"error","event":0,"ip":"2606:4700:a0::8","connIndex":0,"error":"control stream encountered a failure while serving","time":"2026-09-04T06:24:40Z","message":"Serve tunnel error"}
{"level":"info","event":0,"ip":"2606:4700:a0::8","connIndex":0,"time":"2026-09-04T06:24:40Z","message":"Retrying connection in up to 1m4s"}
{"level":"info","event":0,"ip":"2606:4700:a0::8","connIndex":0,"time":"2026-09-04T06:24:46Z","message":"Tunnel connection curve preferences: [X25519MLKEM768 CurveID(65074) CurveP256]"}
{"level":"error","event":0,"ip":"2606:4700:a0::8","connIndex":0,"error":"context canceled","time":"2026-09-04T06:24:46Z","message":"failed to run the datagram handler"}
{"level":"error","event":0,"ip":"2606:4700:a0::8","connIndex":0,"error":"control stream encountered a failure while serving","time":"2026-09-04T06:24:46Z","message":"failed to serve tunnel connection"}
{"level":"error","event":0,"ip":"2606:4700:a0::8","connIndex":0,"error":"control stream encountered a failure while serving","time":"2026-09-04T06:24:46Z","message":"Serve tunnel error"}
{"level":"info","event":0,"ip":"2606:4700:a0::8","connIndex":0,"time":"2026-09-04T06:24:46Z","message":"Retrying connection in up to 1m4s"}
{"level":"info","event":0,"ip":"2606:4700:a0::8","connIndex":0,"time":"2026-09-04T06:24:48Z","message":"Tunnel connection curve preferences: [X25519MLKEM768 CurveID(65074) CurveP256]"}
{"level":"error","event":0,"ip":"2606:4700:a0::8","connIndex":0,"error":"context canceled","time":"2026-09-04T06:24:48Z","message":"failed to run the datagram handler"}
{"level":"error","event":0,"ip":"2606:4700:a0::8","connIndex":0,"error":"control stream encountered a failure while serving","time":"2026-09-04T06:24:48Z","message":"failed to serve tunnel connection"}
{"level":"error","event":0,"ip":"2606:4700:a0::8","connIndex":0,"error":"control stream encountered a failure while serving","time":"2026-09-04T06:24:48Z","message":"Serve tunnel error"}
{"level":"info","event":0,"ip":"2606:4700:a0::8","connIndex":0,"time":"2026-09-04T06:24:48Z","message":"Retrying connection in up to 1m4s"}
{"level":"info","event":0,"ip":"2606:4700:a0::8","connIndex":0,"time":"2026-09-04T06:25:19Z","message":"Tunnel connection curve preferences: [X25519MLKEM768 CurveID(65074) CurveP256]"}
{"level":"error","event":0,"ip":"2606:4700:a0::8","connIndex":0,"error":"context canceled","time":"2026-09-04T06:25:19Z","message":"failed to run the datagram handler"}
{"level":"error","event":0,"ip":"2606:4700:a0::8","connIndex":0,"error":"control stream encountered a failure while serving","time":"2026-09-04T06:25:19Z","message":"failed to serve tunnel connection"}
{"level":"error","event":0,"ip":"2606:4700:a0::8","connIndex":0,"error":"control stream encountered a failure while serving","time":"2026-09-04T06:25:19Z","message":"Serve tunnel error"}
{"level":"info","event":0,"ip":"2606:4700:a0::8","connIndex":0,"time":"2026-09-04T06:25:19Z","message":"Retrying connection in up to 1m4s"}
{"level":"info","event":0,"ip":"2606:4700:a0::8","connIndex":0,"time":"2026-09-04T06:25:19Z","message":"Tunnel connection curve preferences: [X25519MLKEM768 CurveID(65074) CurveP256]"}
{"level":"error","event":0,"ip":"2606:4700:a0::8","connIndex":0,"error":"context canceled","time":"2026-09-04T06:25:19Z","message":"failed to run the datagram handler"}
{"level":"error","event":0,"ip":"2606:4700:a0::8","connIndex":0,"error":"control stream encountered a failure while serving","time":"2026-09-04T06:25:19Z","message":"failed to serve tunnel connection"}
{"level":"error","event":0,"ip":"2606:4700:a0::8","connIndex":0,"error":"control stream encountered a failure while serving","time":"2026-09-04T06:25:19Z","message":"Serve tunnel error"}
{"level":"info","event":0,"ip":"2606:4700:a0::8","connIndex":0,"time":"2026-09-04T06:25:19Z","message":"Retrying connection in up to 1m4s"}
{"level":"info","event":0,"ip":"2606:4700:a0::8","connIndex":0,"time":"2026-09-04T06:25:42Z","message":"Tunnel connection curve preferences: [X25519MLKEM768 CurveID(65074) CurveP256]"}
{"level":"error","event":0,"ip":"2606:4700:a0::8","connIndex":0,"error":"context canceled","time":"2026-09-04T06:25:42Z","message":"failed to run the datagram handler"}
{"level":"error","event":0,"ip":"2606:4700:a0::8","connIndex":0,"error":"control stream encountered a failure while serving","time":"2026-09-04T06:25:42Z","message":"failed to serve tunnel connection"}
{"level":"error","event":0,"ip":"2606:4700:a0::8","connIndex":0,"error":"control stream encountered a failure while serving","time":"2026-09-04T06:25:42Z","message":"Serve tunnel error"}
{"level":"info","event":0,"ip":"2606:4700:a0::8","connIndex":0,"time":"2026-09-04T06:25:42Z","message":"Retrying connection in up to 1m4s"}
{"level":"info","event":0,"ip":"2606:4700:a0::8","connIndex":0,"time":"2026-09-04T06:25:53Z","message":"Tunnel connection curve preferences: [X25519MLKEM768 CurveID(65074) CurveP256]"}
{"level":"error","event":0,"ip":"2606:4700:a0::8","connIndex":0,"error":"context canceled","time":"2026-09-04T06:25:53Z","message":"failed to run the datagram handler"}
{"level":"error","event":0,"ip":"2606:4700:a0::8","connIndex":0,"error":"control stream encountered a failure while serving","time":"2026-09-04T06:25:53Z","message":"failed to serve tunnel connection"}
{"level":"error","event":0,"ip":"2606:4700:a0::8","connIndex":0,"error":"control stream encountered a failure while serving","time":"2026-09-04T06:25:53Z","message":"Serve tunnel error"}
{"level":"info","event":0,"ip":"2606:4700:a0::8","connIndex":0,"time":"2026-09-04T06:25:53Z","message":"Retrying connection in up to 1m4s"}
{"level":"info","event":0,"ip":"2606:4700:a0::8","connIndex":0,"time":"2026-09-04T06:26:10Z","message":"Tunnel connection curve preferences: [X25519MLKEM768 CurveID(65074) CurveP256]"}
{"level":"error","event":0,"ip":"2606:4700:a0::8","connIndex":0,"error":"context canceled","time":"2026-09-04T06:26:10Z","message":"failed to run the datagram handler"}
{"level":"error","event":0,"ip":"2606:4700:a0::8","connIndex":0,"error":"control stream encountered a failure while serving","time":"2026-09-04T06:26:10Z","message":"failed to serve tunnel connection"}
{"level":"error","event":0,"ip":"2606:4700:a0::8","connIndex":0,"error":"control stream encountered a failure while serving","time":"2026-09-04T06:26:10Z","message":"Serve tunnel error"}
{"level":"info","event":0,"ip":"2606:4700:a0::8","connIndex":0,"time":"2026-09-04T06:26:10Z","message":"Retrying connection in up to 1m4s"}
{"level":"info","event":0,"ip":"2606:4700:a0::8","connIndex":0,"time":"2026-09-04T06:26:17Z","message":"Tunnel connection curve preferences: [X25519MLKEM768 CurveID(65074) CurveP256]"}
{"level":"error","event":0,"ip":"2606:4700:a0::8","connIndex":0,"error":"context canceled","time":"2026-09-04T06:26:17Z","message":"failed to run the datagram handler"}
{"level":"error","event":0,"ip":"2606:4700:a0::8","connIndex":0,"error":"control stream encountered a failure while serving","time":"2026-09-04T06:26:17Z","message":"failed to serve tunnel connection"}
{"level":"error","event":0,"ip":"2606:4700:a0::8","connIndex":0,"error":"control stream encountered a failure while serving","time":"2026-09-04T06:26:17Z","message":"Serve tunnel error"}
{"level":"info","event":0,"ip":"2606:4700:a0::8","connIndex":0,"time":"2026-09-04T06:26:17Z","message":"Retrying connection in up to 1m4s"}
{"level":"info","event":0,"ip":"2606:4700:a0::8","connIndex":0,"time":"2026-09-04T06:26:32Z","message":"Tunnel connection curve preferences: [X25519MLKEM768 CurveID(65074) CurveP256]"}
{"level":"error","event":0,"ip":"2606:4700:a0::8","connIndex":0,"error":"context canceled","time":"2026-09-04T06:26:32Z","message":"failed to run the datagram handler"}
{"level":"error","event":0,"ip":"2606:4700:a0::8","connIndex":0,"error":"control stream encountered a failure while serving","time":"2026-09-04T06:26:32Z","message":"failed to serve tunnel connection"}
{"level":"error","event":0,"ip":"2606:4700:a0::8","connIndex":0,"error":"control stream encountered a failure while serving","time":"2026-09-04T06:26:32Z","message":"Serve tunnel error"}
{"level":"info","event":0,"ip":"2606:4700:a0::8","connIndex":0,"time":"2026-09-04T06:26:32Z","message":"Retrying connection in up to 1m4s"}
{"level":"info","event":0,"ip":"2606:4700:a0::8","connIndex":0,"time":"2026-09-04T06:26:46Z","message":"Tunnel connection curve preferences: [X25519MLKEM768 CurveID(65074) CurveP256]"}
{"level":"error","event":0,"ip":"2606:4700:a0::8","connIndex":0,"error":"context canceled","time":"2026-09-04T06:26:46Z","message":"failed to run the datagram handler"}
{"level":"error","event":0,"ip":"2606:4700:a0::8","connIndex":0,"error":"control stream encountered a failure while serving","time":"2026-09-04T06:26:46Z","message":"failed to serve tunnel connection"}
{"level":"error","event":0,"ip":"2606:4700:a0::8","connIndex":0,"error":"control stream encountered a failure while serving","time":"2026-09-04T06:26:46Z","message":"Serve tunnel error"}
{"level":"info","event":0,"ip":"2606:4700:a0::8","connIndex":0,"time":"2026-09-04T06:26:46Z","message":"Retrying connection in up to 1m4s"}
{"level":"info","event":0,"ip":"2606:4700:a0::8","connIndex":0,"time":"2026-09-04T06:26:53Z","message":"Tunnel connection curve preferences: [X25519MLKEM768 CurveID(65074) CurveP256]"}
{"level":"error","event":0,"ip":"2606:4700:a0::8","connIndex":0,"error":"context canceled","time":"2026-09-04T06:26:53Z","message":"failed to run the datagram handler"}
{"level":"error","event":0,"ip":"2606:4700:a0::8","connIndex":0,"error":"control stream encountered a failure while serving","time":"2026-09-04T06:26:53Z","message":"failed to serve tunnel connection"}
{"level":"error","event":0,"ip":"2606:4700:a0::8","connIndex":0,"error":"control stream encountered a failure while serving","time":"2026-09-04T06:26:53Z","message":"Serve tunnel error"}
{"level":"info","event":0,"ip":"2606:4700:a0::8","connIndex":0,"time":"2026-09-04T06:26:53Z","message":"Retrying connection in up to 1m4s"}
{"level":"info","event":0,"ip":"2606:4700:a0::8","connIndex":0,"time":"2026-09-04T06:27:10Z","message":"Tunnel connection curve preferences: [X25519MLKEM768 CurveID(65074) CurveP256]"}
{"level":"error","event":0,"ip":"2606:4700:a0::8","connIndex":0,"error":"context canceled","time":"2026-09-04T06:27:10Z","message":"failed to run the datagram handler"}
{"level":"error","event":0,"ip":"2606:4700:a0::8","connIndex":0,"error":"control stream encountered a failure while serving","time":"2026-09-04T06:27:10Z","message":"failed to serve tunnel connection"}
{"level":"error","event":0,"ip":"2606:4700:a0::8","connIndex":0,"error":"control stream encountered a failure while serving","time":"2026-09-04T06:27:10Z","message":"Serve tunnel error"}
{"level":"info","event":0,"ip":"2606:4700:a0::8","connIndex":0,"time":"2026-09-04T06:27:10Z","message":"Retrying connection in up to 1m4s"}
{"level":"info","event":0,"ip":"2606:4700:a0::8","connIndex":0,"time":"2026-09-04T06:27:13Z","message":"Tunnel connection curve preferences: [X25519MLKEM768 CurveID(65074) CurveP256]"}
{"level":"error","event":0,"ip":"2606:4700:a0::8","connIndex":0,"error":"context canceled","time":"2026-09-04T06:27:13Z","message":"failed to run the datagram handler"}
{"level":"error","event":0,"ip":"2606:4700:a0::8","connIndex":0,"error":"control stream encountered a failure while serving","time":"2026-09-04T06:27:13Z","message":"failed to serve tunnel connection"}
{"level":"error","event":0,"ip":"2606:4700:a0::8","connIndex":0,"error":"control stream encountered a failure while serving","time":"2026-09-04T06:27:13Z","message":"Serve tunnel error"}
{"level":"info","event":0,"ip":"2606:4700:a0::8","connIndex":0,"time":"2026-09-04T06:27:13Z","message":"Retrying connection in up to 1m4s"}
{"level":"info","event":0,"ip":"2606:4700:a0::8","connIndex":0,"time":"2026-09-04T06:27:43Z","message":"Tunnel connection curve preferences: [X25519MLKEM768 CurveID(65074) CurveP256]"}
{"level":"error","event":0,"ip":"2606:4700:a0::8","connIndex":0,"error":"context canceled","time":"2026-09-04T06:27:43Z","message":"failed to run the datagram handler"}
{"level":"error","event":0,"ip":"2606:4700:a0::8","connIndex":0,"error":"control stream encountered a failure while serving","time":"2026-09-04T06:27:43Z","message":"failed to serve tunnel connection"}
{"level":"error","event":0,"ip":"2606:4700:a0::8","connIndex":0,"error":"control stream encountered a failure while serving","time":"2026-09-04T06:27:43Z","message":"Serve tunnel error"}
{"level":"info","event":0,"ip":"2606:4700:a0::8","connIndex":0,"time":"2026-09-04T06:27:43Z","message":"Retrying connection in up to 1m4s"}
{"level":"info","event":0,"ip":"2606:4700:a0::8","connIndex":0,"time":"2026-09-04T06:28:04Z","message":"Tunnel connection curve preferences: [X25519MLKEM768 CurveID(65074) CurveP256]"}
{"level":"error","event":0,"ip":"2606:4700:a0::8","connIndex":0,"error":"context canceled","time":"2026-09-04T06:28:04Z","message":"failed to run the datagram handler"}
{"level":"error","event":0,"ip":"2606:4700:a0::8","connIndex":0,"error":"control stream encountered a failure while serving","time":"2026-09-04T06:28:04Z","message":"failed to serve tunnel connection"}
{"level":"error","event":0,"ip":"2606:4700:a0::8","connIndex":0,"error":"control stream encountered a failure while serving","time":"2026-09-04T06:28:04Z","message":"Serve tunnel error"}
{"level":"info","event":0,"ip":"2606:4700:a0::8","connIndex":0,"time":"2026-09-04T06:28:04Z","message":"Retrying connection in up to 1m4s"}
{"level":"info","event":0,"ip":"2606:4700:a0::8","connIndex":0,"time":"2026-09-04T06:28:18Z","message":"Tunnel connection curve preferences: [X25519MLKEM768 CurveID(65074) CurveP256]"}
{"level":"error","event":0,"ip":"2606:4700:a0::8","connIndex":0,"error":"context canceled","time":"2026-09-04T06:28:18Z","message":"failed to run the datagram handler"}
{"level":"error","event":0,"ip":"2606:4700:a0::8","connIndex":0,"error":"control stream encountered a failure while serving","time":"2026-09-04T06:28:18Z","message":"failed to serve tunnel connection"}
{"level":"error","event":0,"ip":"2606:4700:a0::8","connIndex":0,"error":"control stream encountered a failure while serving","time":"2026-09-04T06:28:18Z","message":"Serve tunnel error"}
{"level":"info","event":0,"ip":"2606:4700:a0::8","connIndex":0,"time":"2026-09-04T06:28:18Z","message":"Retrying connection in up to 1m4s"}
{"level":"info","event":0,"ip":"2606:4700:a0::8","connIndex":0,"time":"2026-09-04T06:28:33Z","message":"Tunnel connection curve preferences: [X25519MLKEM768 CurveID(65074) CurveP256]"}
{"level":"error","event":0,"ip":"2606:4700:a0::8","connIndex":0,"error":"context canceled","time":"2026-09-04T06:28:33Z","message":"failed to run the datagram handler"}
{"level":"error","event":0,"ip":"2606:4700:a0::8","connIndex":0,"error":"control stream encountered a failure while serving","time":"2026-09-04T06:28:33Z","message":"failed to serve tunnel connection"}
{"level":"error","event":0,"ip":"2606:4700:a0::8","connIndex":0,"error":"control stream encountered a failure while serving","time":"2026-09-04T06:28:33Z","message":"Serve tunnel error"}
{"level":"info","event":0,"ip":"2606:4700:a0::8","connIndex":0,"time":"2026-09-04T06:28:33Z","message":"Retrying connection in up to 1m4s"}
{"level":"info","event":0,"ip":"2606:4700:a0::8","connIndex":0,"time":"2026-09-04T06:28:58Z","message":"Tunnel connection curve preferences: [X25519MLKEM768 CurveID(65074) CurveP256]"}
{"level":"error","event":0,"ip":"2606:4700:a0::8","connIndex":0,"error":"context canceled","time":"2026-09-04T06:28:58Z","message":"failed to run the datagram handler"}
{"level":"error","event":0,"ip":"2606:4700:a0::8","connIndex":0,"error":"control stream encountered a failure while serving","time":"2026-09-04T06:28:58Z","message":"failed to serve tunnel connection"}
{"level":"error","event":0,"ip":"2606:4700:a0::8","connIndex":0,"error":"control stream encountered a failure while serving","time":"2026-09-04T06:28:58Z","message":"Serve tunnel error"}
{"level":"info","event":0,"ip":"2606:4700:a0::8","connIndex":0,"time":"2026-09-04T06:28:58Z","message":"Retrying connection in up to 1m4s"}
{"level":"info","event":0,"ip":"2606:4700:a0::8","connIndex":0,"time":"2026-09-04T06:29:16Z","message":"Tunnel connection curve preferences: [X25519MLKEM768 CurveID(65074) CurveP256]"}
{"level":"error","event":0,"ip":"2606:4700:a0::8","connIndex":0,"error":"context canceled","time":"2026-09-04T06:29:16Z","message":"failed to run the datagram handler"}
{"level":"error","event":0,"ip":"2606:4700:a0::8","connIndex":0,"error":"control stream encountered a failure while serving","time":"2026-09-04T06:29:16Z","message":"failed to serve tunnel connection"}
{"level":"error","event":0,"ip":"2606:4700:a0::8","connIndex":0,"error":"control stream encountered a failure while serving","time":"2026-09-04T06:29:16Z","message":"Serve tunnel error"}
{"level":"info","event":0,"ip":"2606:4700:a0::8","connIndex":0,"time":"2026-09-04T06:29:16Z","message":"Retrying connection in up to 1m4s"}
{"level":"info","event":0,"ip":"2606:4700:a0::8","connIndex":0,"time":"2026-09-04T06:29:29Z","message":"Tunnel connection curve preferences: [X25519MLKEM768 CurveID(65074) CurveP256]"}
{"level":"error","event":0,"ip":"2606:4700:a0::8","connIndex":0,"error":"context canceled","time":"2026-09-04T06:29:30Z","message":"failed to run the datagram handler"}
{"level":"error","event":0,"ip":"2606:4700:a0::8","connIndex":0,"error":"control stream encountered a failure while serving","time":"2026-09-04T06:29:30Z","message":"failed to serve tunnel connection"}
{"level":"error","event":0,"ip":"2606:4700:a0::8","connIndex":0,"error":"control stream encountered a failure while serving","time":"2026-09-04T06:29:30Z","message":"Serve tunnel error"}
{"level":"info","event":0,"ip":"2606:4700:a0::8","connIndex":0,"time":"2026-09-04T06:29:30Z","message":"Retrying connection in up to 1m4s"}
{"level":"info","event":0,"ip":"2606:4700:a0::8","connIndex":0,"time":"2026-09-04T06:29:36Z","message":"Tunnel connection curve preferences: [X25519MLKEM768 CurveID(65074) CurveP256]"}
{"level":"error","event":0,"ip":"2606:4700:a0::8","connIndex":0,"error":"context canceled","time":"2026-09-04T06:29:36Z","message":"failed to run the datagram handler"}
{"level":"error","event":0,"ip":"2606:4700:a0::8","connIndex":0,"error":"control stream encountered a failure while serving","time":"2026-09-04T06:29:36Z","message":"failed to serve tunnel connection"}
{"level":"error","event":0,"ip":"2606:4700:a0::8","connIndex":0,"error":"control stream encountered a failure while serving","time":"2026-09-04T06:29:36Z","message":"Serve tunnel error"}
{"level":"info","event":0,"ip":"2606:4700:a0::8","connIndex":0,"time":"2026-09-04T06:29:36Z","message":"Retrying connection in up to 1m4s"}
{"level":"info","event":0,"ip":"2606:4700:a0::8","connIndex":0,"time":"2026-09-04T06:30:04Z","message":"Tunnel connection curve preferences: [X25519MLKEM768 CurveID(65074) CurveP256]"}
{"level":"error","event":0,"ip":"2606:4700:a0::8","connIndex":0,"error":"context canceled","time":"2026-09-04T06:30:04Z","message":"failed to run the datagram handler"}
{"level":"error","event":0,"ip":"2606:4700:a0::8","connIndex":0,"error":"control stream encountered a failure while serving","time":"2026-09-04T06:30:04Z","message":"failed to serve tunnel connection"}
{"level":"error","event":0,"ip":"2606:4700:a0::8","connIndex":0,"error":"control stream encountered a failure while serving","time":"2026-09-04T06:30:04Z","message":"Serve tunnel error"}
{"level":"info","event":0,"ip":"2606:4700:a0::8","connIndex":0,"time":"2026-09-04T06:30:04Z","message":"Retrying connection in up to 1m4s"}
{"level":"info","event":0,"ip":"2606:4700:a0::8","connIndex":0,"time":"2026-09-04T06:30:17Z","message":"Tunnel connection curve preferences: [X25519MLKEM768 CurveID(65074) CurveP256]"}
{"level":"error","event":0,"ip":"2606:4700:a0::8","connIndex":0,"error":"context canceled","time":"2026-09-04T06:30:18Z","message":"failed to run the datagram handler"}
{"level":"error","event":0,"ip":"2606:4700:a0::8","connIndex":0,"error":"control stream encountered a failure while serving","time":"2026-09-04T06:30:18Z","message":"failed to serve tunnel connection"}
{"level":"error","event":0,"ip":"2606:4700:a0::8","connIndex":0,"error":"control stream encountered a failure while serving","time":"2026-09-04T06:30:18Z","message":"Serve tunnel error"}
{"level":"info","event":0,"ip":"2606:4700:a0::8","connIndex":0,"time":"2026-09-04T06:30:18Z","message":"Retrying connection in up to 1m4s"}
{"level":"info","event":0,"ip":"2606:4700:a0::8","connIndex":0,"time":"2026-09-04T06:30:35Z","message":"Tunnel connection curve preferences: [X25519MLKEM768 CurveID(65074) CurveP256]"}
{"level":"error","event":0,"ip":"2606:4700:a0::8","connIndex":0,"error":"context canceled","time":"2026-09-04T06:30:35Z","message":"failed to run the datagram handler"}
{"level":"error","event":0,"ip":"2606:4700:a0::8","connIndex":0,"error":"control stream encountered a failure while serving","time":"2026-09-04T06:30:35Z","message":"failed to serve tunnel connection"}
{"level":"error","event":0,"ip":"2606:4700:a0::8","connIndex":0,"error":"control stream encountered a failure while serving","time":"2026-09-04T06:30:35Z","message":"Serve tunnel error"}
{"level":"info","event":0,"ip":"2606:4700:a0::8","connIndex":0,"time":"2026-09-04T06:30:35Z","message":"Retrying connection in up to 1m4s"}
{"level":"info","event":0,"ip":"2606:4700:a0::8","connIndex":0,"time":"2026-09-04T06:30:55Z","message":"Tunnel connection curve preferences: [X25519MLKEM768 CurveID(65074) CurveP256]"}
{"level":"error","event":0,"ip":"2606:4700:a0::8","connIndex":0,"error":"context canceled","time":"2026-09-04T06:30:55Z","message":"failed to run the datagram handler"}
{"level":"error","event":0,"ip":"2606:4700:a0::8","connIndex":0,"error":"control stream encountered a failure while serving","time":"2026-09-04T06:30:55Z","message":"failed to serve tunnel connection"}
{"level":"error","event":0,"ip":"2606:4700:a0::8","connIndex":0,"error":"control stream encountered a failure while serving","time":"2026-09-04T06:30:55Z","message":"Serve tunnel error"}
{"level":"info","event":0,"ip":"2606:4700:a0::8","connIndex":0,"time":"2026-09-04T06:30:55Z","message":"Retrying connection in up to 1m4s"}
{"level":"info","event":0,"ip":"2606:4700:a0::8","connIndex":0,"time":"2026-09-04T06:31:25Z","message":"Tunnel connection curve preferences: [X25519MLKEM768 CurveID(65074) CurveP256]"}
{"level":"error","event":0,"ip":"2606:4700:a0::8","connIndex":0,"error":"context canceled","time":"2026-09-04T06:31:26Z","message":"failed to run the datagram handler"}
{"level":"error","event":0,"ip":"2606:4700:a0::8","connIndex":0,"error":"control stream encountered a failure while serving","time":"2026-09-04T06:31:26Z","message":"failed to serve tunnel connection"}
{"level":"error","event":0,"ip":"2606:4700:a0::8","connIndex":0,"error":"control stream encountered a failure while serving","time":"2026-09-04T06:31:26Z","message":"Serve tunnel error"}
{"level":"info","event":0,"ip":"2606:4700:a0::8","connIndex":0,"time":"2026-09-04T06:31:26Z","message":"Retrying connection in up to 1m4s"}
{"level":"info","event":0,"ip":"2606:4700:a0::8","connIndex":0,"time":"2026-09-04T06:31:50Z","message":"Tunnel connection curve preferences: [X25519MLKEM768 CurveID(65074) CurveP256]"}
{"level":"error","event":0,"ip":"2606:4700:a0::8","connIndex":0,"error":"context canceled","time":"2026-09-04T06:31:50Z","message":"failed to run the datagram handler"}
{"level":"error","event":0,"ip":"2606:4700:a0::8","connIndex":0,"error":"control stream encountered a failure while serving","time":"2026-09-04T06:31:50Z","message":"failed to serve tunnel connection"}
{"level":"error","event":0,"ip":"2606:4700:a0::8","connIndex":0,"error":"control stream encountered a failure while serving","time":"2026-09-04T06:31:50Z","message":"Serve tunnel error"}
{"level":"info","event":0,"ip":"2606:4700:a0::8","connIndex":0,"time":"2026-09-04T06:31:50Z","message":"Retrying connection in up to 1m4s"}
{"level":"info","event":0,"ip":"2606:4700:a0::8","connIndex":0,"time":"2026-09-04T06:32:16Z","message":"Tunnel connection curve preferences: [X25519MLKEM768 CurveID(65074) CurveP256]"}
{"level":"error","event":0,"ip":"2606:4700:a0::8","connIndex":0,"error":"context canceled","time":"2026-09-04T06:32:16Z","message":"failed to run the datagram handler"}
{"level":"error","event":0,"ip":"2606:4700:a0::8","connIndex":0,"error":"control stream encountered a failure while serving","time":"2026-09-04T06:32:16Z","message":"failed to serve tunnel connection"}
{"level":"error","event":0,"ip":"2606:4700:a0::8","connIndex":0,"error":"control stream encountered a failure while serving","time":"2026-09-04T06:32:16Z","message":"Serve tunnel error"}
{"level":"info","event":0,"ip":"2606:4700:a0::8","connIndex":0,"time":"2026-09-04T06:32:16Z","message":"Retrying connection in up to 1m4s"}
{"level":"info","event":0,"ip":"2606:4700:a0::8","connIndex":0,"time":"2026-09-04T06:32:39Z","message":"Tunnel connection curve preferences: [X25519MLKEM768 CurveID(65074) CurveP256]"}
{"level":"error","event":0,"ip":"2606:4700:a0::8","connIndex":0,"error":"context canceled","time":"2026-09-04T06:32:39Z","message":"failed to run the datagram handler"}
{"level":"error","event":0,"ip":"2606:4700:a0::8","connIndex":0,"error":"control stream encountered a failure while serving","time":"2026-09-04T06:32:39Z","message":"failed to serve tunnel connection"}
{"level":"error","event":0,"ip":"2606:4700:a0::8","connIndex":0,"error":"control stream encountered a failure while serving","time":"2026-09-04T06:32:39Z","message":"Serve tunnel error"}
{"level":"info","event":0,"ip":"2606:4700:a0::8","connIndex":0,"time":"2026-09-04T06:32:39Z","message":"Retrying connection in up to 1m4s"}
{"level":"info","event":0,"ip":"2606:4700:a0::8","connIndex":0,"time":"2026-09-04T06:33:06Z","message":"Tunnel connection curve preferences: [X25519MLKEM768 CurveID(65074) CurveP256]"}
{"level":"error","event":0,"ip":"2606:4700:a0::8","connIndex":0,"error":"context canceled","time":"2026-09-04T06:33:06Z","message":"failed to run the datagram handler"}
{"level":"error","event":0,"ip":"2606:4700:a0::8","connIndex":0,"error":"control stream encountered a failure while serving","time":"2026-09-04T06:33:06Z","message":"failed to serve tunnel connection"}
{"level":"error","event":0,"ip":"2606:4700:a0::8","connIndex":0,"error":"control stream encountered a failure while serving","time":"2026-09-04T06:33:06Z","message":"Serve tunnel error"}
{"level":"info","event":0,"ip":"2606:4700:a0::8","connIndex":0,"time":"2026-09-04T06:33:06Z","message":"Retrying connection in up to 1m4s"}
{"level":"info","event":0,"ip":"2606:4700:a0::8","connIndex":0,"time":"2026-09-04T06:33:32Z","message":"Tunnel connection curve preferences: [X25519MLKEM768 CurveID(65074) CurveP256]"}
{"level":"error","event":0,"ip":"2606:4700:a0::8","connIndex":0,"error":"context canceled","time":"2026-09-04T06:33:33Z","message":"failed to run the datagram handler"}
{"level":"error","event":0,"ip":"2606:4700:a0::8","connIndex":0,"error":"control stream encountered a failure while serving","time":"2026-09-04T06:33:33Z","message":"failed to serve tunnel connection"}
{"level":"error","event":0,"ip":"2606:4700:a0::8","connIndex":0,"error":"control stream encountered a failure while serving","time":"2026-09-04T06:33:33Z","message":"Serve tunnel error"}
{"level":"info","event":0,"ip":"2606:4700:a0::8","connIndex":0,"time":"2026-09-04T06:33:33Z","message":"Retrying connection in up to 1m4s"}
{"level":"info","event":0,"ip":"2606:4700:a0::8","connIndex":0,"time":"2026-09-04T06:33:49Z","message":"Tunnel connection curve preferences: [X25519MLKEM768 CurveID(65074) CurveP256]"}
{"level":"error","event":0,"ip":"2606:4700:a0::8","connIndex":0,"error":"context canceled","time":"2026-09-04T06:33:49Z","message":"failed to run the datagram handler"}
{"level":"error","event":0,"ip":"2606:4700:a0::8","connIndex":0,"error":"control stream encountered a failure while serving","time":"2026-09-04T06:33:49Z","message":"failed to serve tunnel connection"}
{"level":"error","event":0,"ip":"2606:4700:a0::8","connIndex":0,"error":"control stream encountered a failure while serving","time":"2026-09-04T06:33:49Z","message":"Serve tunnel error"}
{"level":"info","event":0,"ip":"2606:4700:a0::8","connIndex":0,"time":"2026-09-04T06:33:49Z","message":"Retrying connection in up to 1m4s"}
{"level":"info","event":0,"ip":"2606:4700:a0::8","connIndex":0,"time":"2026-09-04T06:34:19Z","message":"Tunnel connection curve preferences: [X25519MLKEM768 CurveID(65074) CurveP256]"}
{"level":"error","event":0,"ip":"2606:4700:a0::8","connIndex":0,"error":"context canceled","time":"2026-09-04T06:34:19Z","message":"failed to run the datagram handler"}
{"level":"error","event":0,"ip":"2606:4700:a0::8","connIndex":0,"error":"control stream encountered a failure while serving","time":"2026-09-04T06:34:19Z","message":"failed to serve tunnel connection"}
{"level":"error","event":0,"ip":"2606:4700:a0::8","connIndex":0,"error":"control stream encountered a failure while serving","time":"2026-09-04T06:34:19Z","message":"Serve tunnel error"}
{"level":"info","event":0,"ip":"2606:4700:a0::8","connIndex":0,"time":"2026-09-04T06:34:19Z","message":"Retrying connection in up to 1m4s"}
{"level":"info","event":0,"ip":"2606:4700:a0::8","connIndex":0,"time":"2026-09-04T06:34:47Z","message":"Tunnel connection curve preferences: [X25519MLKEM768 CurveID(65074) CurveP256]"}
{"level":"error","event":0,"ip":"2606:4700:a0::8","connIndex":0,"error":"context canceled","time":"2026-09-04T06:34:47Z","message":"failed to run the datagram handler"}
{"level":"error","event":0,"ip":"2606:4700:a0::8","connIndex":0,"error":"control stream encountered a failure while serving","time":"2026-09-04T06:34:47Z","message":"failed to serve tunnel connection"}
{"level":"error","event":0,"ip":"2606:4700:a0::8","connIndex":0,"error":"control stream encountered a failure while serving","time":"2026-09-04T06:34:47Z","message":"Serve tunnel error"}
{"level":"info","event":0,"ip":"2606:4700:a0::8","connIndex":0,"time":"2026-09-04T06:34:47Z","message":"Retrying connection in up to 1m4s"}
{"level":"info","event":0,"ip":"2606:4700:a0::8","connIndex":0,"time":"2026-09-04T06:35:05Z","message":"Tunnel connection curve preferences: [X25519MLKEM768 CurveID(65074) CurveP256]"}
{"level":"error","event":0,"ip":"2606:4700:a0::8","connIndex":0,"error":"context canceled","time":"2026-09-04T06:35:05Z","message":"failed to run the datagram handler"}
{"level":"error","event":0,"ip":"2606:4700:a0::8","connIndex":0,"error":"control stream encountered a failure while serving","time":"2026-09-04T06:35:05Z","message":"failed to serve tunnel connection"}
{"level":"error","event":0,"ip":"2606:4700:a0::8","connIndex":0,"error":"control stream encountered a failure while serving","time":"2026-09-04T06:35:05Z","message":"Serve tunnel error"}
{"level":"info","event":0,"ip":"2606:4700:a0::8","connIndex":0,"time":"2026-09-04T06:35:05Z","message":"Retrying connection in up to 1m4s"}
{"level":"info","event":0,"ip":"2606:4700:a0::8","connIndex":0,"time":"2026-09-04T06:35:35Z","message":"Tunnel connection curve preferences: [X25519MLKEM768 CurveID(65074) CurveP256]"}
{"level":"error","event":0,"ip":"2606:4700:a0::8","connIndex":0,"error":"context canceled","time":"2026-09-04T06:35:35Z","message":"failed to run the datagram handler"}
{"level":"error","event":0,"ip":"2606:4700:a0::8","connIndex":0,"error":"control stream encountered a failure while serving","time":"2026-09-04T06:35:35Z","message":"failed to serve tunnel connection"}
{"level":"error","event":0,"ip":"2606:4700:a0::8","connIndex":0,"error":"control stream encountered a failure while serving","time":"2026-09-04T06:35:35Z","message":"Serve tunnel error"}
{"level":"info","event":0,"ip":"2606:4700:a0::8","connIndex":0,"time":"2026-09-04T06:35:35Z","message":"Retrying connection in up to 1m4s"}
{"level":"info","event":0,"ip":"2606:4700:a0::8","connIndex":0,"time":"2026-09-04T06:36:03Z","message":"Tunnel connection curve preferences: [X25519MLKEM768 CurveID(65074) CurveP256]"}
{"level":"error","event":0,"ip":"2606:4700:a0::8","connIndex":0,"error":"context canceled","time":"2026-09-04T06:36:03Z","message":"failed to run the datagram handler"}
{"level":"error","event":0,"ip":"2606:4700:a0::8","connIndex":0,"error":"control stream encountered a failure while serving","time":"2026-09-04T06:36:03Z","message":"failed to serve tunnel connection"}
{"level":"error","event":0,"ip":"2606:4700:a0::8","connIndex":0,"error":"control stream encountered a failure while serving","time":"2026-09-04T06:36:03Z","message":"Serve tunnel error"}
{"level":"info","event":0,"ip":"2606:4700:a0::8","connIndex":0,"time":"2026-09-04T06:36:03Z","message":"Retrying connection in up to 1m4s"}
{"level":"info","event":0,"ip":"2606:4700:a0::8","connIndex":0,"time":"2026-09-04T06:36:15Z","message":"Tunnel connection curve preferences: [X25519MLKEM768 CurveID(65074) CurveP256]"}
{"level":"error","event":0,"ip":"2606:4700:a0::8","connIndex":0,"error":"context canceled","time":"2026-09-04T06:36:15Z","message":"failed to run the datagram handler"}
{"level":"error","event":0,"ip":"2606:4700:a0::8","connIndex":0,"error":"control stream encountered a failure while serving","time":"2026-09-04T06:36:15Z","message":"failed to serve tunnel connection"}
{"level":"error","event":0,"ip":"2606:4700:a0::8","connIndex":0,"error":"control stream encountered a failure while serving","time":"2026-09-04T06:36:15Z","message":"Serve tunnel error"}
{"level":"info","event":0,"ip":"2606:4700:a0::8","connIndex":0,"time":"2026-09-04T06:36:15Z","message":"Retrying connection in up to 1m4s"}
{"level":"info","event":0,"ip":"2606:4700:a0::8","connIndex":0,"time":"2026-09-04T06:36:45Z","message":"Tunnel connection curve preferences: [X25519MLKEM768 CurveID(65074) CurveP256]"}
{"level":"error","event":0,"ip":"2606:4700:a0::8","connIndex":0,"error":"context canceled","time":"2026-09-04T06:36:45Z","message":"failed to run the datagram handler"}
{"level":"error","event":0,"ip":"2606:4700:a0::8","connIndex":0,"error":"control stream encountered a failure while serving","time":"2026-09-04T06:36:45Z","message":"failed to serve tunnel connection"}
{"level":"error","event":0,"ip":"2606:4700:a0::8","connIndex":0,"error":"control stream encountered a failure while serving","time":"2026-09-04T06:36:45Z","message":"Serve tunnel error"}
{"level":"info","event":0,"ip":"2606:4700:a0::8","connIndex":0,"time":"2026-09-04T06:36:45Z","message":"Retrying connection in up to 1m4s"}
{"level":"info","event":0,"ip":"2606:4700:a0::8","connIndex":0,"time":"2026-09-04T06:36:47Z","message":"Tunnel connection curve preferences: [X25519MLKEM768 CurveID(65074) CurveP256]"}
{"level":"error","event":0,"ip":"2606:4700:a0::8","connIndex":0,"error":"context canceled","time":"2026-09-04T06:36:47Z","message":"failed to run the datagram handler"}
{"level":"error","event":0,"ip":"2606:4700:a0::8","connIndex":0,"error":"control stream encountered a failure while serving","time":"2026-09-04T06:36:47Z","message":"failed to serve tunnel connection"}
{"level":"error","event":0,"ip":"2606:4700:a0::8","connIndex":0,"error":"control stream encountered a failure while serving","time":"2026-09-04T06:36:47Z","message":"Serve tunnel error"}
{"level":"info","event":0,"ip":"2606:4700:a0::8","connIndex":0,"time":"2026-09-04T06:36:47Z","message":"Retrying connection in up to 1m4s"}
{"level":"info","event":0,"ip":"2606:4700:a0::8","connIndex":0,"time":"2026-09-04T06:36:49Z","message":"Tunnel connection curve preferences: [X25519MLKEM768 CurveID(65074) CurveP256]"}
{"level":"error","event":0,"ip":"2606:4700:a0::8","connIndex":0,"error":"context canceled","time":"2026-09-04T06:36:49Z","message":"failed to run the datagram handler"}
{"level":"error","event":0,"ip":"2606:4700:a0::8","connIndex":0,"error":"control stream encountered a failure while serving","time":"2026-09-04T06:36:49Z","message":"failed to serve tunnel connection"}
{"level":"error","event":0,"ip":"2606:4700:a0::8","connIndex":0,"error":"control stream encountered a failure while serving","time":"2026-09-04T06:36:49Z","message":"Serve tunnel error"}
{"level":"info","event":0,"ip":"2606:4700:a0::8","connIndex":0,"time":"2026-09-04T06:36:49Z","message":"Retrying connection in up to 1m4s"}
{"level":"info","event":0,"ip":"2606:4700:a0::8","connIndex":0,"time":"2026-09-04T06:37:16Z","message":"Tunnel connection curve preferences: [X25519MLKEM768 CurveID(65074) CurveP256]"}
{"level":"error","event":0,"ip":"2606:4700:a0::8","connIndex":0,"error":"context canceled","time":"2026-09-04T06:37:16Z","message":"failed to run the datagram handler"}
{"level":"error","event":0,"ip":"2606:4700:a0::8","connIndex":0,"error":"control stream encountered a failure while serving","time":"2026-09-04T06:37:16Z","message":"failed to serve tunnel connection"}
{"level":"error","event":0,"ip":"2606:4700:a0::8","connIndex":0,"error":"control stream encountered a failure while serving","time":"2026-09-04T06:37:16Z","message":"Serve tunnel error"}
{"level":"info","event":0,"ip":"2606:4700:a0::8","connIndex":0,"time":"2026-09-04T06:37:16Z","message":"Retrying connection in up to 1m4s"}
{"level":"info","event":0,"ip":"2606:4700:a0::8","connIndex":0,"time":"2026-09-04T06:37:40Z","message":"Tunnel connection curve preferences: [X25519MLKEM768 CurveID(65074) CurveP256]"}
{"level":"error","event":0,"ip":"2606:4700:a0::8","connIndex":0,"error":"context canceled","time":"2026-09-04T06:37:40Z","message":"failed to run the datagram handler"}
{"level":"error","event":0,"ip":"2606:4700:a0::8","connIndex":0,"error":"control stream encountered a failure while serving","time":"2026-09-04T06:37:40Z","message":"failed to serve tunnel connection"}
{"level":"error","event":0,"ip":"2606:4700:a0::8","connIndex":0,"error":"control stream encountered a failure while serving","time":"2026-09-04T06:37:40Z","message":"Serve tunnel error"}
{"level":"info","event":0,"ip":"2606:4700:a0::8","connIndex":0,"time":"2026-09-04T06:37:40Z","message":"Retrying connection in up to 1m4s"}
{"level":"info","event":0,"ip":"2606:4700:a0::8","connIndex":0,"time":"2026-09-04T06:37:58Z","message":"Tunnel connection curve preferences: [X25519MLKEM768 CurveID(65074) CurveP256]"}
{"level":"error","event":0,"ip":"2606:4700:a0::8","connIndex":0,"error":"context canceled","time":"2026-09-04T06:37:58Z","message":"failed to run the datagram handler"}
{"level":"error","event":0,"ip":"2606:4700:a0::8","connIndex":0,"error":"control stream encountered a failure while serving","time":"2026-09-04T06:37:58Z","message":"failed to serve tunnel connection"}
{"level":"error","event":0,"ip":"2606:4700:a0::8","connIndex":0,"error":"control stream encountered a failure while serving","time":"2026-09-04T06:37:58Z","message":"Serve tunnel error"}
{"level":"info","event":0,"ip":"2606:4700:a0::8","connIndex":0,"time":"2026-09-04T06:37:58Z","message":"Retrying connection in up to 1m4s"}
{"level":"info","event":0,"ip":"2606:4700:a0::8","connIndex":0,"time":"2026-09-04T06:38:14Z","message":"Tunnel connection curve preferences: [X25519MLKEM768 CurveID(65074) CurveP256]"}
{"level":"error","event":0,"ip":"2606:4700:a0::8","connIndex":0,"error":"context canceled","time":"2026-09-04T06:38:14Z","message":"failed to run the datagram handler"}
{"level":"error","event":0,"ip":"2606:4700:a0::8","connIndex":0,"error":"control stream encountered a failure while serving","time":"2026-09-04T06:38:14Z","message":"failed to serve tunnel connection"}
{"level":"error","event":0,"ip":"2606:4700:a0::8","connIndex":0,"error":"control stream encountered a failure while serving","time":"2026-09-04T06:38:14Z","message":"Serve tunnel error"}
{"level":"info","event":0,"ip":"2606:4700:a0::8","connIndex":0,"time":"2026-09-04T06:38:14Z","message":"Retrying connection in up to 1m4s"}
{"level":"info","event":0,"ip":"2606:4700:a0::8","connIndex":0,"time":"2026-09-04T06:38:42Z","message":"Tunnel connection curve preferences: [X25519MLKEM768 CurveID(65074) CurveP256]"}
{"level":"error","event":0,"ip":"2606:4700:a0::8","connIndex":0,"error":"context canceled","time":"2026-09-04T06:38:43Z","message":"failed to run the datagram handler"}
{"level":"error","event":0,"ip":"2606:4700:a0::8","connIndex":0,"error":"control stream encountered a failure while serving","time":"2026-09-04T06:38:43Z","message":"failed to serve tunnel connection"}
{"level":"error","event":0,"ip":"2606:4700:a0::8","connIndex":0,"error":"control stream encountered a failure while serving","time":"2026-09-04T06:38:43Z","message":"Serve tunnel error"}
{"level":"info","event":0,"ip":"2606:4700:a0::8","connIndex":0,"time":"2026-09-04T06:38:43Z","message":"Retrying connection in up to 1m4s"}
{"level":"info","event":0,"ip":"2606:4700:a0::8","connIndex":0,"time":"2026-09-04T06:39:10Z","message":"Tunnel connection curve preferences: [X25519MLKEM768 CurveID(65074) CurveP256]"}
{"level":"error","event":0,"ip":"2606:4700:a0::8","connIndex":0,"error":"context canceled","time":"2026-09-04T06:39:10Z","message":"failed to run the datagram handler"}
{"level":"error","event":0,"ip":"2606:4700:a0::8","connIndex":0,"error":"control stream encountered a failure while serving","time":"2026-09-04T06:39:10Z","message":"failed to serve tunnel connection"}
{"level":"error","event":0,"ip":"2606:4700:a0::8","connIndex":0,"error":"control stream encountered a failure while serving","time":"2026-09-04T06:39:10Z","message":"Serve tunnel error"}
{"level":"info","event":0,"ip":"2606:4700:a0::8","connIndex":0,"time":"2026-09-04T06:39:10Z","message":"Retrying connection in up to 1m4s"}
{"level":"info","event":0,"ip":"2606:4700:a0::8","connIndex":0,"time":"2026-09-04T06:39:14Z","message":"Tunnel connection curve preferences: [X25519MLKEM768 CurveID(65074) CurveP256]"}
{"level":"error","event":0,"ip":"2606:4700:a0::8","connIndex":0,"error":"context canceled","time":"2026-09-04T06:39:14Z","message":"failed to run the datagram handler"}
{"level":"error","event":0,"ip":"2606:4700:a0::8","connIndex":0,"error":"control stream encountered a failure while serving","time":"2026-09-04T06:39:14Z","message":"failed to serve tunnel connection"}
{"level":"error","event":0,"ip":"2606:4700:a0::8","connIndex":0,"error":"control stream encountered a failure while serving","time":"2026-09-04T06:39:14Z","message":"Serve tunnel error"}
{"level":"info","event":0,"ip":"2606:4700:a0::8","connIndex":0,"time":"2026-09-04T06:39:14Z","message":"Retrying connection in up to 1m4s"}
{"level":"info","event":0,"ip":"2606:4700:a0::8","connIndex":0,"time":"2026-09-04T06:39:22Z","message":"Tunnel connection curve preferences: [X25519MLKEM768 CurveID(65074) CurveP256]"}
{"level":"error","event":0,"ip":"2606:4700:a0::8","connIndex":0,"error":"context canceled","time":"2026-09-04T06:39:22Z","message":"failed to run the datagram handler"}
{"level":"error","event":0,"ip":"2606:4700:a0::8","connIndex":0,"error":"control stream encountered a failure while serving","time":"2026-09-04T06:39:22Z","message":"failed to serve tunnel connection"}
{"level":"error","event":0,"ip":"2606:4700:a0::8","connIndex":0,"error":"control stream encountered a failure while serving","time":"2026-09-04T06:39:22Z","message":"Serve tunnel error"}
{"level":"info","event":0,"ip":"2606:4700:a0::8","connIndex":0,"time":"2026-09-04T06:39:22Z","message":"Retrying connection in up to 1m4s"}
{"level":"info","event":0,"ip":"2606:4700:a0::8","connIndex":0,"time":"2026-09-04T06:39:52Z","message":"Tunnel connection curve preferences: [X25519MLKEM768 CurveID(65074) CurveP256]"}
{"level":"error","event":0,"ip":"2606:4700:a0::8","connIndex":0,"error":"context canceled","time":"2026-09-04T06:39:52Z","message":"failed to run the datagram handler"}
{"level":"error","event":0,"ip":"2606:4700:a0::8","connIndex":0,"error":"control stream encountered a failure while serving","time":"2026-09-04T06:39:52Z","message":"failed to serve tunnel connection"}
{"level":"error","event":0,"ip":"2606:4700:a0::8","connIndex":0,"error":"control stream encountered a failure while serving","time":"2026-09-04T06:39:52Z","message":"Serve tunnel error"}
{"level":"info","event":0,"ip":"2606:4700:a0::8","connIndex":0,"time":"2026-09-04T06:39:52Z","message":"Retrying connection in up to 1m4s"}
{"level":"info","event":0,"ip":"2606:4700:a0::8","connIndex":0,"time":"2026-09-04T06:40:03Z","message":"Tunnel connection curve preferences: [X25519MLKEM768 CurveID(65074) CurveP256]"}
{"level":"error","event":0,"ip":"2606:4700:a0::8","connIndex":0,"error":"context canceled","time":"2026-09-04T06:40:03Z","message":"failed to run the datagram handler"}
{"level":"error","event":0,"ip":"2606:4700:a0::8","connIndex":0,"error":"control stream encountered a failure while serving","time":"2026-09-04T06:40:03Z","message":"failed to serve tunnel connection"}
{"level":"error","event":0,"ip":"2606:4700:a0::8","connIndex":0,"error":"control stream encountered a failure while serving","time":"2026-09-04T06:40:03Z","message":"Serve tunnel error"}
{"level":"info","event":0,"ip":"2606:4700:a0::8","connIndex":0,"time":"2026-09-04T06:40:03Z","message":"Retrying connection in up to 1m4s"}
{"level":"info","event":0,"ip":"2606:4700:a0::8","connIndex":0,"time":"2026-09-04T06:40:33Z","message":"Tunnel connection curve preferences: [X25519MLKEM768 CurveID(65074) CurveP256]"}
{"level":"error","event":0,"ip":"2606:4700:a0::8","connIndex":0,"error":"context canceled","time":"2026-09-04T06:40:34Z","message":"failed to run the datagram handler"}
{"level":"error","event":0,"ip":"2606:4700:a0::8","connIndex":0,"error":"control stream encountered a failure while serving","time":"2026-09-04T06:40:34Z","message":"failed to serve tunnel connection"}
{"level":"error","event":0,"ip":"2606:4700:a0::8","connIndex":0,"error":"control stream encountered a failure while serving","time":"2026-09-04T06:40:34Z","message":"Serve tunnel error"}
{"level":"info","event":0,"ip":"2606:4700:a0::8","connIndex":0,"time":"2026-09-04T06:40:34Z","message":"Retrying connection in up to 1m4s"}
{"level":"info","event":0,"ip":"2606:4700:a0::8","connIndex":0,"time":"2026-09-04T06:40:51Z","message":"Tunnel connection curve preferences: [X25519MLKEM768 CurveID(65074) CurveP256]"}
{"level":"error","event":0,"ip":"2606:4700:a0::8","connIndex":0,"error":"context canceled","time":"2026-09-04T06:40:51Z","message":"failed to run the datagram handler"}
{"level":"error","event":0,"ip":"2606:4700:a0::8","connIndex":0,"error":"control stream encountered a failure while serving","time":"2026-09-04T06:40:51Z","message":"failed to serve tunnel connection"}
{"level":"error","event":0,"ip":"2606:4700:a0::8","connIndex":0,"error":"control stream encountered a failure while serving","time":"2026-09-04T06:40:51Z","message":"Serve tunnel error"}
{"level":"info","event":0,"ip":"2606:4700:a0::8","connIndex":0,"time":"2026-09-04T06:40:51Z","message":"Retrying connection in up to 1m4s"}
{"level":"info","event":0,"ip":"2606:4700:a0::8","connIndex":0,"time":"2026-09-04T06:41:23Z","message":"Tunnel connection curve preferences: [X25519MLKEM768 CurveID(65074) CurveP256]"}
{"level":"error","event":0,"ip":"2606:4700:a0::8","connIndex":0,"error":"context canceled","time":"2026-09-04T06:41:23Z","message":"failed to run the datagram handler"}
{"level":"error","event":0,"ip":"2606:4700:a0::8","connIndex":0,"error":"control stream encountered a failure while serving","time":"2026-09-04T06:41:23Z","message":"failed to serve tunnel connection"}
{"level":"error","event":0,"ip":"2606:4700:a0::8","connIndex":0,"error":"control stream encountered a failure while serving","time":"2026-09-04T06:41:23Z","message":"Serve tunnel error"}
{"level":"info","event":0,"ip":"2606:4700:a0::8","connIndex":0,"time":"2026-09-04T06:41:23Z","message":"Retrying connection in up to 1m4s"}
{"level":"info","event":0,"ip":"2606:4700:a0::8","connIndex":0,"time":"2026-09-04T06:41:23Z","message":"Tunnel connection curve preferences: [X25519MLKEM768 CurveID(65074) CurveP256]"}
{"level":"error","event":0,"ip":"2606:4700:a0::8","connIndex":0,"error":"context canceled","time":"2026-09-04T06:41:23Z","message":"failed to run the datagram handler"}
{"level":"error","event":0,"ip":"2606:4700:a0::8","connIndex":0,"error":"control stream encountered a failure while serving","time":"2026-09-04T06:41:23Z","message":"failed to serve tunnel connection"}
{"level":"error","event":0,"ip":"2606:4700:a0::8","connIndex":0,"error":"control stream encountered a failure while serving","time":"2026-09-04T06:41:23Z","message":"Serve tunnel error"}
{"level":"info","event":0,"ip":"2606:4700:a0::8","connIndex":0,"time":"2026-09-04T06:41:23Z","message":"Retrying connection in up to 1m4s"}
{"level":"info","event":0,"ip":"2606:4700:a0::8","connIndex":0,"time":"2026-09-04T06:41:53Z","message":"Tunnel connection curve preferences: [X25519MLKEM768 CurveID(65074) CurveP256]"}
{"level":"error","event":0,"ip":"2606:4700:a0::8","connIndex":0,"error":"context canceled","time":"2026-09-04T06:41:53Z","message":"failed to run the datagram handler"}
{"level":"error","event":0,"ip":"2606:4700:a0::8","connIndex":0,"error":"control stream encountered a failure while serving","time":"2026-09-04T06:41:53Z","message":"failed to serve tunnel connection"}
{"level":"error","event":0,"ip":"2606:4700:a0::8","connIndex":0,"error":"control stream encountered a failure while serving","time":"2026-09-04T06:41:53Z","message":"Serve tunnel error"}
{"level":"info","event":0,"ip":"2606:4700:a0::8","connIndex":0,"time":"2026-09-04T06:41:53Z","message":"Retrying connection in up to 1m4s"}
{"level":"info","event":0,"ip":"2606:4700:a0::8","connIndex":0,"time":"2026-09-04T06:42:16Z","message":"Tunnel connection curve preferences: [X25519MLKEM768 CurveID(65074) CurveP256]"}
{"level":"error","event":0,"ip":"2606:4700:a0::8","connIndex":0,"error":"context canceled","time":"2026-09-04T06:42:16Z","message":"failed to run the datagram handler"}
{"level":"error","event":0,"ip":"2606:4700:a0::8","connIndex":0,"error":"control stream encountered a failure while serving","time":"2026-09-04T06:42:16Z","message":"failed to serve tunnel connection"}
{"level":"error","event":0,"ip":"2606:4700:a0::8","connIndex":0,"error":"control stream encountered a failure while serving","time":"2026-09-04T06:42:16Z","message":"Serve tunnel error"}
{"level":"info","event":0,"ip":"2606:4700:a0::8","connIndex":0,"time":"2026-09-04T06:42:16Z","message":"Retrying connection in up to 1m4s"}
{"level":"info","event":0,"ip":"2606:4700:a0::8","connIndex":0,"time":"2026-09-04T06:42:48Z","message":"Tunnel connection curve preferences: [X25519MLKEM768 CurveID(65074) CurveP256]"}
{"level":"error","event":0,"ip":"2606:4700:a0::8","connIndex":0,"error":"context canceled","time":"2026-09-04T06:42:48Z","message":"failed to run the datagram handler"}
{"level":"error","event":0,"ip":"2606:4700:a0::8","connIndex":0,"error":"control stream encountered a failure while serving","time":"2026-09-04T06:42:48Z","message":"failed to serve tunnel connection"}
{"level":"error","event":0,"ip":"2606:4700:a0::8","connIndex":0,"error":"control stream encountered a failure while serving","time":"2026-09-04T06:42:48Z","message":"Serve tunnel error"}
{"level":"info","event":0,"ip":"2606:4700:a0::8","connIndex":0,"time":"2026-09-04T06:42:48Z","message":"Retrying connection in up to 1m4s"}
{"level":"info","event":0,"ip":"2606:4700:a0::8","connIndex":0,"time":"2026-09-04T06:43:17Z","message":"Tunnel connection curve preferences: [X25519MLKEM768 CurveID(65074) CurveP256]"}
{"level":"error","event":0,"ip":"2606:4700:a0::8","connIndex":0,"error":"context canceled","time":"2026-09-04T06:43:17Z","message":"failed to run the datagram handler"}
{"level":"error","event":0,"ip":"2606:4700:a0::8","connIndex":0,"error":"control stream encountered a failure while serving","time":"2026-09-04T06:43:17Z","message":"failed to serve tunnel connection"}
{"level":"error","event":0,"ip":"2606:4700:a0::8","connIndex":0,"error":"control stream encountered a failure while serving","time":"2026-09-04T06:43:17Z","message":"Serve tunnel error"}
{"level":"info","event":0,"ip":"2606:4700:a0::8","connIndex":0,"time":"2026-09-04T06:43:17Z","message":"Retrying connection in up to 1m4s"}
{"level":"info","event":0,"ip":"2606:4700:a0::8","connIndex":0,"time":"2026-09-04T06:43:23Z","message":"Tunnel connection curve preferences: [X25519MLKEM768 CurveID(65074) CurveP256]"}
{"level":"error","event":0,"ip":"2606:4700:a0::8","connIndex":0,"error":"context canceled","time":"2026-09-04T06:43:23Z","message":"failed to run the datagram handler"}
{"level":"error","event":0,"ip":"2606:4700:a0::8","connIndex":0,"error":"control stream encountered a failure while serving","time":"2026-09-04T06:43:23Z","message":"failed to serve tunnel connection"}
{"level":"error","event":0,"ip":"2606:4700:a0::8","connIndex":0,"error":"control stream encountered a failure while serving","time":"2026-09-04T06:43:23Z","message":"Serve tunnel error"}
{"level":"info","event":0,"ip":"2606:4700:a0::8","connIndex":0,"time":"2026-09-04T06:43:23Z","message":"Retrying connection in up to 1m4s"}
{"level":"info","event":0,"ip":"2606:4700:a0::8","connIndex":0,"time":"2026-09-04T06:43:51Z","message":"Tunnel connection curve preferences: [X25519MLKEM768 CurveID(65074) CurveP256]"}
{"level":"error","event":0,"ip":"2606:4700:a0::8","connIndex":0,"error":"context canceled","time":"2026-09-04T06:43:51Z","message":"failed to run the datagram handler"}
{"level":"error","event":0,"ip":"2606:4700:a0::8","connIndex":0,"error":"control stream encountered a failure while serving","time":"2026-09-04T06:43:51Z","message":"failed to serve tunnel connection"}
{"level":"error","event":0,"ip":"2606:4700:a0::8","connIndex":0,"error":"control stream encountered a failure while serving","time":"2026-09-04T06:43:51Z","message":"Serve tunnel error"}
{"level":"info","event":0,"ip":"2606:4700:a0::8","connIndex":0,"time":"2026-09-04T06:43:51Z","message":"Retrying connection in up to 1m4s"}
{"level":"info","event":0,"ip":"2606:4700:a0::8","connIndex":0,"time":"2026-09-04T06:43:59Z","message":"Tunnel connection curve preferences: [X25519MLKEM768 CurveID(65074) CurveP256]"}
{"level":"error","event":0,"ip":"2606:4700:a0::8","connIndex":0,"error":"context canceled","time":"2026-09-04T06:43:59Z","message":"failed to run the datagram handler"}
{"level":"error","event":0,"ip":"2606:4700:a0::8","connIndex":0,"error":"control stream encountered a failure while serving","time":"2026-09-04T06:43:59Z","message":"failed to serve tunnel connection"}
{"level":"error","event":0,"ip":"2606:4700:a0::8","connIndex":0,"error":"control stream encountered a failure while serving","time":"2026-09-04T06:43:59Z","message":"Serve tunnel error"}
{"level":"info","event":0,"ip":"2606:4700:a0::8","connIndex":0,"time":"2026-09-04T06:43:59Z","message":"Retrying connection in up to 1m4s"}
{"level":"info","event":0,"ip":"2606:4700:a0::8","connIndex":0,"time":"2026-09-04T06:44:17Z","message":"Tunnel connection curve preferences: [X25519MLKEM768 CurveID(65074) CurveP256]"}
{"level":"error","event":0,"ip":"2606:4700:a0::8","connIndex":0,"error":"context canceled","time":"2026-09-04T06:44:17Z","message":"failed to run the datagram handler"}
{"level":"error","event":0,"ip":"2606:4700:a0::8","connIndex":0,"error":"control stream encountered a failure while serving","time":"2026-09-04T06:44:17Z","message":"failed to serve tunnel connection"}
{"level":"error","event":0,"ip":"2606:4700:a0::8","connIndex":0,"error":"control stream encountered a failure while serving","time":"2026-09-04T06:44:17Z","message":"Serve tunnel error"}
{"level":"info","event":0,"ip":"2606:4700:a0::8","connIndex":0,"time":"2026-09-04T06:44:17Z","message":"Retrying connection in up to 1m4s"}
{"level":"info","event":0,"ip":"2606:4700:a0::8","connIndex":0,"time":"2026-09-04T06:44:34Z","message":"Tunnel connection curve preferences: [X25519MLKEM768 CurveID(65074) CurveP256]"}
{"level":"error","event":0,"ip":"2606:4700:a0::8","connIndex":0,"error":"context canceled","time":"2026-09-04T06:44:34Z","message":"failed to run the datagram handler"}
{"level":"error","event":0,"ip":"2606:4700:a0::8","connIndex":0,"error":"control stream encountered a failure while serving","time":"2026-09-04T06:44:34Z","message":"failed to serve tunnel connection"}
{"level":"error","event":0,"ip":"2606:4700:a0::8","connIndex":0,"error":"control stream encountered a failure while serving","time":"2026-09-04T06:44:34Z","message":"Serve tunnel error"}
{"level":"info","event":0,"ip":"2606:4700:a0::8","connIndex":0,"time":"2026-09-04T06:44:34Z","message":"Retrying connection in up to 1m4s"}
